
/home/kunsh/Ignition/Pioneer/build/pioneer.elf:     file format elf32-littlearm

Sections:
Idx Name          Size      VMA       LMA       File off  Algn
  0 .boot2        00000100  10000000  10000000  00001000  2**0
                  CONTENTS, ALLOC, LOAD, READONLY, CODE
  1 .text         00008760  10000100  10000100  00001100  2**3
                  CONTENTS, ALLOC, LOAD, READONLY, CODE
  2 .rodata       00001670  10008860  10008860  00009860  2**3
                  CONTENTS, ALLOC, LOAD, READONLY, DATA
  3 .binary_info  0000002c  10009ed0  10009ed0  0000aed0  2**2
                  CONTENTS, ALLOC, LOAD, READONLY, DATA
  4 .ram_vector_table 000000c0  20000000  20000000  0000c000  2**2
                  ALLOC
  5 .uninitialized_data 00000000  200000c0  200000c0  0000bcf8  2**0
                  CONTENTS
  6 .data         00000c38  200000c0  10009efc  0000b0c0  2**4
                  CONTENTS, ALLOC, LOAD, READONLY, CODE
  7 .tdata        00000000  20000cf8  20000cf8  0000bcf8  2**0
                  CONTENTS, ALLOC, LOAD, DATA, THREAD_LOCAL
  8 .tbss         00000000  20000cf8  20000cf8  00000000  2**0
                  ALLOC, THREAD_LOCAL
  9 .bss          000010a4  20000cf8  1000ab34  0000bcf8  2**3
                  ALLOC
 10 .heap         00000800  20001d9c  1000ab34  0000bd9c  2**2
                  ALLOC, READONLY
 11 .scratch_x    00000000  20040000  20040000  0000bcf8  2**0
                  CONTENTS
 12 .scratch_y    00000000  20041000  20041000  0000bcf8  2**0
                  CONTENTS
 13 .stack_dummy  00000800  20041000  20041000  0000c000  2**5
                  ALLOC, READONLY
 14 .ARM.attributes 00000028  00000000  00000000  0000bcf8  2**0
                  CONTENTS, READONLY
 15 .comment      00000026  00000000  00000000  0000bd20  2**0
                  CONTENTS, READONLY
 16 .debug_info   000377d3  00000000  00000000  0000bd46  2**0
                  CONTENTS, READONLY, DEBUGGING, OCTETS
 17 .debug_abbrev 0000a729  00000000  00000000  00043519  2**0
                  CONTENTS, READONLY, DEBUGGING, OCTETS
 18 .debug_loclists 00016f7b  00000000  00000000  0004dc42  2**0
                  CONTENTS, READONLY, DEBUGGING, OCTETS
 19 .debug_aranges 00001d30  00000000  00000000  00064bc0  2**3
                  CONTENTS, READONLY, DEBUGGING, OCTETS
 20 .debug_rnglists 00001eb3  00000000  00000000  000668f0  2**0
                  CONTENTS, READONLY, DEBUGGING, OCTETS
 21 .debug_line   0001f816  00000000  00000000  000687a3  2**0
                  CONTENTS, READONLY, DEBUGGING, OCTETS
 22 .debug_str    0000a741  00000000  00000000  00087fb9  2**0
                  CONTENTS, READONLY, DEBUGGING, OCTETS
 23 .debug_frame  00004014  00000000  00000000  000926fc  2**2
                  CONTENTS, READONLY, DEBUGGING, OCTETS
 24 .debug_line_str 0000030d  00000000  00000000  00096710  2**0
                  CONTENTS, READONLY, DEBUGGING, OCTETS

/home/kunsh/Ignition/Pioneer/build/pioneer.elf:     file format elf32-littlearm


Disassembly of section .boot2:

10000000 <__boot2_start__>:
10000000:	4b32b500 	.word	0x4b32b500
10000004:	60582021 	.word	0x60582021
10000008:	21026898 	.word	0x21026898
1000000c:	60984388 	.word	0x60984388
10000010:	611860d8 	.word	0x611860d8
10000014:	4b2e6158 	.word	0x4b2e6158
10000018:	60992100 	.word	0x60992100
1000001c:	61592102 	.word	0x61592102
10000020:	22f02101 	.word	0x22f02101
10000024:	492b5099 	.word	0x492b5099
10000028:	21016019 	.word	0x21016019
1000002c:	20356099 	.word	0x20356099
10000030:	f844f000 	.word	0xf844f000
10000034:	42902202 	.word	0x42902202
10000038:	2106d014 	.word	0x2106d014
1000003c:	f0006619 	.word	0xf0006619
10000040:	6e19f834 	.word	0x6e19f834
10000044:	66192101 	.word	0x66192101
10000048:	66182000 	.word	0x66182000
1000004c:	f000661a 	.word	0xf000661a
10000050:	6e19f82c 	.word	0x6e19f82c
10000054:	6e196e19 	.word	0x6e196e19
10000058:	f0002005 	.word	0xf0002005
1000005c:	2101f82f 	.word	0x2101f82f
10000060:	d1f94208 	.word	0xd1f94208
10000064:	60992100 	.word	0x60992100
10000068:	6019491b 	.word	0x6019491b
1000006c:	60592100 	.word	0x60592100
10000070:	481b491a 	.word	0x481b491a
10000074:	21016001 	.word	0x21016001
10000078:	21eb6099 	.word	0x21eb6099
1000007c:	21a06619 	.word	0x21a06619
10000080:	f0006619 	.word	0xf0006619
10000084:	2100f812 	.word	0x2100f812
10000088:	49166099 	.word	0x49166099
1000008c:	60014814 	.word	0x60014814
10000090:	60992101 	.word	0x60992101
10000094:	2800bc01 	.word	0x2800bc01
10000098:	4700d000 	.word	0x4700d000
1000009c:	49134812 	.word	0x49134812
100000a0:	c8036008 	.word	0xc8036008
100000a4:	8808f380 	.word	0x8808f380
100000a8:	b5034708 	.word	0xb5034708
100000ac:	20046a99 	.word	0x20046a99
100000b0:	d0fb4201 	.word	0xd0fb4201
100000b4:	42012001 	.word	0x42012001
100000b8:	bd03d1f8 	.word	0xbd03d1f8
100000bc:	6618b502 	.word	0x6618b502
100000c0:	f7ff6618 	.word	0xf7ff6618
100000c4:	6e18fff2 	.word	0x6e18fff2
100000c8:	bd026e18 	.word	0xbd026e18
100000cc:	40020000 	.word	0x40020000
100000d0:	18000000 	.word	0x18000000
100000d4:	00070000 	.word	0x00070000
100000d8:	005f0300 	.word	0x005f0300
100000dc:	00002221 	.word	0x00002221
100000e0:	180000f4 	.word	0x180000f4
100000e4:	a0002022 	.word	0xa0002022
100000e8:	10000100 	.word	0x10000100
100000ec:	e000ed08 	.word	0xe000ed08
	...
100000fc:	7a4eb274 	.word	0x7a4eb274

Disassembly of section .text:

10000100 <__VECTOR_TABLE>:
10000100:	20042000 	.word	0x20042000
10000104:	100001f7 	.word	0x100001f7
10000108:	100001cb 	.word	0x100001cb
1000010c:	100001cd 	.word	0x100001cd
10000110:	100001c9 	.word	0x100001c9
10000114:	100001c9 	.word	0x100001c9
10000118:	100001c9 	.word	0x100001c9
1000011c:	100001c9 	.word	0x100001c9
10000120:	100001c9 	.word	0x100001c9
10000124:	100001c9 	.word	0x100001c9
10000128:	100001c9 	.word	0x100001c9
1000012c:	100001cf 	.word	0x100001cf
10000130:	100001c9 	.word	0x100001c9
10000134:	100001c9 	.word	0x100001c9
10000138:	100001d1 	.word	0x100001d1
1000013c:	100001d3 	.word	0x100001d3
10000140:	100001c1 	.word	0x100001c1
10000144:	100001c1 	.word	0x100001c1
10000148:	100001c1 	.word	0x100001c1
1000014c:	100001c1 	.word	0x100001c1
10000150:	100001c1 	.word	0x100001c1
10000154:	100001c1 	.word	0x100001c1
10000158:	100001c1 	.word	0x100001c1
1000015c:	100001c1 	.word	0x100001c1
10000160:	100001c1 	.word	0x100001c1
10000164:	100001c1 	.word	0x100001c1
10000168:	100001c1 	.word	0x100001c1
1000016c:	100001c1 	.word	0x100001c1
10000170:	100001c1 	.word	0x100001c1
10000174:	100001c1 	.word	0x100001c1
10000178:	100001c1 	.word	0x100001c1
1000017c:	100001c1 	.word	0x100001c1
10000180:	100001c1 	.word	0x100001c1
10000184:	100001c1 	.word	0x100001c1
10000188:	100001c1 	.word	0x100001c1
1000018c:	100001c1 	.word	0x100001c1
10000190:	100001c1 	.word	0x100001c1
10000194:	100001c1 	.word	0x100001c1
10000198:	100001c1 	.word	0x100001c1
1000019c:	100001c1 	.word	0x100001c1
100001a0:	100001c1 	.word	0x100001c1
100001a4:	100001c1 	.word	0x100001c1
100001a8:	100001c1 	.word	0x100001c1
100001ac:	100001c1 	.word	0x100001c1
100001b0:	100001c1 	.word	0x100001c1
100001b4:	100001c1 	.word	0x100001c1
100001b8:	100001c1 	.word	0x100001c1
100001bc:	100001c1 	.word	0x100001c1

100001c0 <__unhandled_user_irq>:
100001c0:	f3ef 8005 	mrs	r0, IPSR
100001c4:	3810      	subs	r0, #16

100001c6 <unhandled_user_irq_num_in_r0>:
100001c6:	be00      	bkpt	0x0000

100001c8 <isr_invalid>:
100001c8:	be00      	bkpt	0x0000

100001ca <isr_nmi>:
100001ca:	be00      	bkpt	0x0000

100001cc <isr_hardfault>:
100001cc:	be00      	bkpt	0x0000

100001ce <isr_svcall>:
100001ce:	be00      	bkpt	0x0000

100001d0 <isr_pendsv>:
100001d0:	be00      	bkpt	0x0000

100001d2 <isr_systick>:
100001d2:	be00      	bkpt	0x0000

100001d4 <__default_isrs_end>:
100001d4:	7188ebf2 	.word	0x7188ebf2
100001d8:	10009ed0 	.word	0x10009ed0
100001dc:	10009efc 	.word	0x10009efc
100001e0:	10000238 	.word	0x10000238
100001e4:	e71aa390 	.word	0xe71aa390

100001e8 <_entry_point>:
100001e8:	481e      	ldr	r0, [pc, #120]	@ (10000264 <data_cpy_table+0x2c>)

100001ea <_enter_vtable_in_r0>:
100001ea:	491f      	ldr	r1, [pc, #124]	@ (10000268 <data_cpy_table+0x30>)
100001ec:	6008      	str	r0, [r1, #0]
100001ee:	c806      	ldmia	r0!, {r1, r2}
100001f0:	f381 8808 	msr	MSP, r1
100001f4:	4710      	bx	r2

100001f6 <_reset_handler>:
100001f6:	481d      	ldr	r0, [pc, #116]	@ (1000026c <data_cpy_table+0x34>)
100001f8:	6800      	ldr	r0, [r0, #0]
100001fa:	2800      	cmp	r0, #0
100001fc:	d001      	beq.n	10000202 <hold_non_core0_in_bootrom+0x4>

100001fe <hold_non_core0_in_bootrom>:
100001fe:	4819      	ldr	r0, [pc, #100]	@ (10000264 <data_cpy_table+0x2c>)
10000200:	e7f3      	b.n	100001ea <_enter_vtable_in_r0>
10000202:	a40d      	add	r4, pc, #52	@ (adr r4, 10000238 <data_cpy_table>)
10000204:	cc0e      	ldmia	r4!, {r1, r2, r3}
10000206:	2900      	cmp	r1, #0
10000208:	d002      	beq.n	10000210 <hold_non_core0_in_bootrom+0x12>
1000020a:	f000 f812 	bl	10000232 <data_cpy>
1000020e:	e7f9      	b.n	10000204 <hold_non_core0_in_bootrom+0x6>
10000210:	4917      	ldr	r1, [pc, #92]	@ (10000270 <data_cpy_table+0x38>)
10000212:	4a18      	ldr	r2, [pc, #96]	@ (10000274 <data_cpy_table+0x3c>)
10000214:	2000      	movs	r0, #0
10000216:	e000      	b.n	1000021a <bss_fill_test>

10000218 <bss_fill_loop>:
10000218:	c101      	stmia	r1!, {r0}

1000021a <bss_fill_test>:
1000021a:	4291      	cmp	r1, r2
1000021c:	d1fc      	bne.n	10000218 <bss_fill_loop>

1000021e <platform_entry>:
1000021e:	4916      	ldr	r1, [pc, #88]	@ (10000278 <data_cpy_table+0x40>)
10000220:	4788      	blx	r1
10000222:	4916      	ldr	r1, [pc, #88]	@ (1000027c <data_cpy_table+0x44>)
10000224:	4788      	blx	r1
10000226:	4916      	ldr	r1, [pc, #88]	@ (10000280 <data_cpy_table+0x48>)
10000228:	4788      	blx	r1
1000022a:	be00      	bkpt	0x0000
1000022c:	e7fd      	b.n	1000022a <platform_entry+0xc>

1000022e <data_cpy_loop>:
1000022e:	c901      	ldmia	r1!, {r0}
10000230:	c201      	stmia	r2!, {r0}

10000232 <data_cpy>:
10000232:	429a      	cmp	r2, r3
10000234:	d3fb      	bcc.n	1000022e <data_cpy_loop>
10000236:	4770      	bx	lr

10000238 <data_cpy_table>:
10000238:	10009efc 	.word	0x10009efc
1000023c:	200000c0 	.word	0x200000c0
10000240:	20000cf8 	.word	0x20000cf8
10000244:	1000ab34 	.word	0x1000ab34
10000248:	20040000 	.word	0x20040000
1000024c:	20040000 	.word	0x20040000
10000250:	1000ab34 	.word	0x1000ab34
10000254:	20041000 	.word	0x20041000
10000258:	20041000 	.word	0x20041000
1000025c:	00000000 	.word	0x00000000
10000260:	4770      	bx	lr
10000262:	0000      	.short	0x0000
10000264:	00000000 	.word	0x00000000
10000268:	e000ed08 	.word	0xe000ed08
1000026c:	d0000000 	.word	0xd0000000
10000270:	20000cf8 	.word	0x20000cf8
10000274:	20001d9c 	.word	0x20001d9c
10000278:	10004fc5 	.word	0x10004fc5
1000027c:	10000321 	.word	0x10000321
10000280:	10004f85 	.word	0x10004f85

10000284 <_init>:
10000284:	b5f8      	push	{r3, r4, r5, r6, r7, lr}
10000286:	46c0      	nop			@ (mov r8, r8)

10000288 <deregister_tm_clones>:
10000288:	4804      	ldr	r0, [pc, #16]	@ (1000029c <deregister_tm_clones+0x14>)
1000028a:	4b05      	ldr	r3, [pc, #20]	@ (100002a0 <deregister_tm_clones+0x18>)
1000028c:	b510      	push	{r4, lr}
1000028e:	4283      	cmp	r3, r0
10000290:	d003      	beq.n	1000029a <deregister_tm_clones+0x12>
10000292:	4b04      	ldr	r3, [pc, #16]	@ (100002a4 <deregister_tm_clones+0x1c>)
10000294:	2b00      	cmp	r3, #0
10000296:	d000      	beq.n	1000029a <deregister_tm_clones+0x12>
10000298:	4798      	blx	r3
1000029a:	bd10      	pop	{r4, pc}
1000029c:	20000cf8 	.word	0x20000cf8
100002a0:	20000cf8 	.word	0x20000cf8
100002a4:	00000000 	.word	0x00000000

100002a8 <register_tm_clones>:
100002a8:	4806      	ldr	r0, [pc, #24]	@ (100002c4 <register_tm_clones+0x1c>)
100002aa:	4907      	ldr	r1, [pc, #28]	@ (100002c8 <register_tm_clones+0x20>)
100002ac:	1a09      	subs	r1, r1, r0
100002ae:	108b      	asrs	r3, r1, #2
100002b0:	0fc9      	lsrs	r1, r1, #31
100002b2:	18c9      	adds	r1, r1, r3
100002b4:	b510      	push	{r4, lr}
100002b6:	1049      	asrs	r1, r1, #1
100002b8:	d003      	beq.n	100002c2 <register_tm_clones+0x1a>
100002ba:	4b04      	ldr	r3, [pc, #16]	@ (100002cc <register_tm_clones+0x24>)
100002bc:	2b00      	cmp	r3, #0
100002be:	d000      	beq.n	100002c2 <register_tm_clones+0x1a>
100002c0:	4798      	blx	r3
100002c2:	bd10      	pop	{r4, pc}
100002c4:	20000cf8 	.word	0x20000cf8
100002c8:	20000cf8 	.word	0x20000cf8
100002cc:	00000000 	.word	0x00000000

100002d0 <__do_global_dtors_aux>:
100002d0:	b510      	push	{r4, lr}
100002d2:	4c07      	ldr	r4, [pc, #28]	@ (100002f0 <__do_global_dtors_aux+0x20>)
100002d4:	7823      	ldrb	r3, [r4, #0]
100002d6:	2b00      	cmp	r3, #0
100002d8:	d109      	bne.n	100002ee <__do_global_dtors_aux+0x1e>
100002da:	f7ff ffd5 	bl	10000288 <deregister_tm_clones>
100002de:	4b05      	ldr	r3, [pc, #20]	@ (100002f4 <__do_global_dtors_aux+0x24>)
100002e0:	2b00      	cmp	r3, #0
100002e2:	d002      	beq.n	100002ea <__do_global_dtors_aux+0x1a>
100002e4:	4804      	ldr	r0, [pc, #16]	@ (100002f8 <__do_global_dtors_aux+0x28>)
100002e6:	e000      	b.n	100002ea <__do_global_dtors_aux+0x1a>
100002e8:	bf00      	nop
100002ea:	2301      	movs	r3, #1
100002ec:	7023      	strb	r3, [r4, #0]
100002ee:	bd10      	pop	{r4, pc}
100002f0:	20000e80 	.word	0x20000e80
100002f4:	00000000 	.word	0x00000000
100002f8:	10008860 	.word	0x10008860

100002fc <frame_dummy>:
100002fc:	4b05      	ldr	r3, [pc, #20]	@ (10000314 <frame_dummy+0x18>)
100002fe:	b510      	push	{r4, lr}
10000300:	2b00      	cmp	r3, #0
10000302:	d003      	beq.n	1000030c <frame_dummy+0x10>
10000304:	4904      	ldr	r1, [pc, #16]	@ (10000318 <frame_dummy+0x1c>)
10000306:	4805      	ldr	r0, [pc, #20]	@ (1000031c <frame_dummy+0x20>)
10000308:	e000      	b.n	1000030c <frame_dummy+0x10>
1000030a:	bf00      	nop
1000030c:	f7ff ffcc 	bl	100002a8 <register_tm_clones>
10000310:	bd10      	pop	{r4, pc}
10000312:	46c0      	nop			@ (mov r8, r8)
10000314:	00000000 	.word	0x00000000
10000318:	20000e84 	.word	0x20000e84
1000031c:	10008860 	.word	0x10008860

10000320 <main>:
10000320:	b500      	push	{lr}
10000322:	b08f      	sub	sp, #60	@ 0x3c
10000324:	f004 ff6c 	bl	10005200 <stdio_init_all>
10000328:	2019      	movs	r0, #25
1000032a:	f000 fba1 	bl	10000a70 <gpio_init>
1000032e:	23d0      	movs	r3, #208	@ 0xd0
10000330:	061b      	lsls	r3, r3, #24
10000332:	2280      	movs	r2, #128	@ 0x80
10000334:	0492      	lsls	r2, r2, #18
10000336:	625a      	str	r2, [r3, #36]	@ 0x24
10000338:	615a      	str	r2, [r3, #20]
1000033a:	480c      	ldr	r0, [pc, #48]	@ (1000036c <main+0x4c>)
1000033c:	f004 ff67 	bl	1000520e <__wrap_puts>
10000340:	480b      	ldr	r0, [pc, #44]	@ (10000370 <main+0x50>)
10000342:	f004 ff64 	bl	1000520e <__wrap_puts>
10000346:	a801      	add	r0, sp, #4
10000348:	f000 f816 	bl	10000378 <_ZN3ArkC1Ev>
1000034c:	a801      	add	r0, sp, #4
1000034e:	f000 f81f 	bl	10000390 <_ZN3Ark4InitEv>
10000352:	4808      	ldr	r0, [pc, #32]	@ (10000374 <main+0x54>)
10000354:	f004 ff5b 	bl	1000520e <__wrap_puts>
10000358:	a801      	add	r0, sp, #4
1000035a:	f000 f81d 	bl	10000398 <_ZN3Ark5StartEv>
1000035e:	a801      	add	r0, sp, #4
10000360:	f000 f810 	bl	10000384 <_ZN3ArkD1Ev>
10000364:	2000      	movs	r0, #0
10000366:	b00f      	add	sp, #60	@ 0x3c
10000368:	bd00      	pop	{pc}
1000036a:	46c0      	nop			@ (mov r8, r8)
1000036c:	10008860 	.word	0x10008860
10000370:	10008880 	.word	0x10008880
10000374:	1000889c 	.word	0x1000889c

10000378 <_ZN3ArkC1Ev>:
10000378:	b510      	push	{r4, lr}
1000037a:	0004      	movs	r4, r0
1000037c:	f000 f85c 	bl	10000438 <_ZN5LoopsC1Ev>
10000380:	0020      	movs	r0, r4
10000382:	bd10      	pop	{r4, pc}

10000384 <_ZN3ArkD1Ev>:
10000384:	b510      	push	{r4, lr}
10000386:	0004      	movs	r4, r0
10000388:	f000 f8ff 	bl	1000058a <_ZN13StatesManagerD1Ev>
1000038c:	0020      	movs	r0, r4
1000038e:	bd10      	pop	{r4, pc}

10000390 <_ZN3Ark4InitEv>:
10000390:	b510      	push	{r4, lr}
10000392:	f004 ff35 	bl	10005200 <stdio_init_all>
10000396:	bd10      	pop	{r4, pc}

10000398 <_ZN3Ark5StartEv>:
10000398:	b510      	push	{r4, lr}
1000039a:	f000 f8a1 	bl	100004e0 <_ZN5Loops3RunEv>
1000039e:	bd10      	pop	{r4, pc}

100003a0 <_Z6millisv>:
100003a0:	b510      	push	{r4, lr}
100003a2:	f001 fc2f 	bl	10001c04 <time_us_64>
100003a6:	2900      	cmp	r1, #0
100003a8:	d005      	beq.n	100003b6 <_Z6millisv+0x16>
100003aa:	22fa      	movs	r2, #250	@ 0xfa
100003ac:	0092      	lsls	r2, r2, #2
100003ae:	2300      	movs	r3, #0
100003b0:	f002 f844 	bl	1000243c <__wrap___aeabi_uldivmod>
100003b4:	e003      	b.n	100003be <_Z6millisv+0x1e>
100003b6:	21fa      	movs	r1, #250	@ 0xfa
100003b8:	0089      	lsls	r1, r1, #2
100003ba:	f002 f801 	bl	100023c0 <__wrap___aeabi_uidiv>
100003be:	bd10      	pop	{r4, pc}

100003c0 <_Z10blink_testv>:
100003c0:	b510      	push	{r4, lr}
100003c2:	f7ff ffed 	bl	100003a0 <_Z6millisv>
100003c6:	4b18      	ldr	r3, [pc, #96]	@ (10000428 <_Z10blink_testv+0x68>)
100003c8:	681b      	ldr	r3, [r3, #0]
100003ca:	1ac0      	subs	r0, r0, r3
100003cc:	23fa      	movs	r3, #250	@ 0xfa
100003ce:	005b      	lsls	r3, r3, #1
100003d0:	4298      	cmp	r0, r3
100003d2:	d200      	bcs.n	100003d6 <_Z10blink_testv+0x16>
100003d4:	bd10      	pop	{r4, pc}
100003d6:	f7ff ffe3 	bl	100003a0 <_Z6millisv>
100003da:	4b13      	ldr	r3, [pc, #76]	@ (10000428 <_Z10blink_testv+0x68>)
100003dc:	6018      	str	r0, [r3, #0]
100003de:	4a13      	ldr	r2, [pc, #76]	@ (1000042c <_Z10blink_testv+0x6c>)
100003e0:	7813      	ldrb	r3, [r2, #0]
100003e2:	2101      	movs	r1, #1
100003e4:	404b      	eors	r3, r1
100003e6:	b2db      	uxtb	r3, r3
100003e8:	7013      	strb	r3, [r2, #0]
100003ea:	2b00      	cmp	r3, #0
100003ec:	d00e      	beq.n	1000040c <_Z10blink_testv+0x4c>
100003ee:	22d0      	movs	r2, #208	@ 0xd0
100003f0:	0612      	lsls	r2, r2, #24
100003f2:	2180      	movs	r1, #128	@ 0x80
100003f4:	0489      	lsls	r1, r1, #18
100003f6:	6151      	str	r1, [r2, #20]
100003f8:	2b00      	cmp	r3, #0
100003fa:	d00d      	beq.n	10000418 <_Z10blink_testv+0x58>
100003fc:	f7ff ffd0 	bl	100003a0 <_Z6millisv>
10000400:	0001      	movs	r1, r0
10000402:	4b0b      	ldr	r3, [pc, #44]	@ (10000430 <_Z10blink_testv+0x70>)
10000404:	0018      	movs	r0, r3
10000406:	f004 ff31 	bl	1000526c <__wrap_printf>
1000040a:	e7e3      	b.n	100003d4 <_Z10blink_testv+0x14>
1000040c:	22d0      	movs	r2, #208	@ 0xd0
1000040e:	0612      	lsls	r2, r2, #24
10000410:	2180      	movs	r1, #128	@ 0x80
10000412:	0489      	lsls	r1, r1, #18
10000414:	6191      	str	r1, [r2, #24]
10000416:	e7ef      	b.n	100003f8 <_Z10blink_testv+0x38>
10000418:	f7ff ffc2 	bl	100003a0 <_Z6millisv>
1000041c:	0001      	movs	r1, r0
1000041e:	4b05      	ldr	r3, [pc, #20]	@ (10000434 <_Z10blink_testv+0x74>)
10000420:	0018      	movs	r0, r3
10000422:	f004 ff23 	bl	1000526c <__wrap_printf>
10000426:	e7d5      	b.n	100003d4 <_Z10blink_testv+0x14>
10000428:	20001030 	.word	0x20001030
1000042c:	20001d91 	.word	0x20001d91
10000430:	100088cc 	.word	0x100088cc
10000434:	100088ec 	.word	0x100088ec

10000438 <_ZN5LoopsC1Ev>:
10000438:	b570      	push	{r4, r5, r6, lr}
1000043a:	0004      	movs	r4, r0
1000043c:	f000 f8a2 	bl	10000584 <_ZN13StatesManagerC1Ev>
10000440:	1d26      	adds	r6, r4, #4
10000442:	0030      	movs	r0, r6
10000444:	f000 fac2 	bl	100009cc <_ZN9WatchdogsC1Ev>
10000448:	0025      	movs	r5, r4
1000044a:	350c      	adds	r5, #12
1000044c:	490e      	ldr	r1, [pc, #56]	@ (10000488 <_ZN5LoopsC1Ev+0x50>)
1000044e:	2276      	movs	r2, #118	@ 0x76
10000450:	0028      	movs	r0, r5
10000452:	f000 f8ab 	bl	100005ac <_ZN6BMP280C1EP8i2c_insth>
10000456:	490d      	ldr	r1, [pc, #52]	@ (1000048c <_ZN5LoopsC1Ev+0x54>)
10000458:	0030      	movs	r0, r6
1000045a:	f000 fabb 	bl	100009d4 <_ZN9Watchdogs4InitEm>
1000045e:	4b0c      	ldr	r3, [pc, #48]	@ (10000490 <_ZN5LoopsC1Ev+0x58>)
10000460:	2203      	movs	r2, #3
10000462:	2102      	movs	r1, #2
10000464:	0028      	movs	r0, r5
10000466:	f000 f8ff 	bl	10000668 <_ZN6BMP2804InitEjjm>
1000046a:	2800      	cmp	r0, #0
1000046c:	d104      	bne.n	10000478 <_ZN5LoopsC1Ev+0x40>
1000046e:	4809      	ldr	r0, [pc, #36]	@ (10000494 <_ZN5LoopsC1Ev+0x5c>)
10000470:	f004 fecd 	bl	1000520e <__wrap_puts>
10000474:	0020      	movs	r0, r4
10000476:	bd70      	pop	{r4, r5, r6, pc}
10000478:	2100      	movs	r1, #0
1000047a:	0028      	movs	r0, r5
1000047c:	f000 fa7e 	bl	1000097c <_ZN6BMP28017CalibrateSeaLevelEf>
10000480:	4805      	ldr	r0, [pc, #20]	@ (10000498 <_ZN5LoopsC1Ev+0x60>)
10000482:	f004 fec4 	bl	1000520e <__wrap_puts>
10000486:	e7f5      	b.n	10000474 <_ZN5LoopsC1Ev+0x3c>
10000488:	20000ce0 	.word	0x20000ce0
1000048c:	00001388 	.word	0x00001388
10000490:	00061a80 	.word	0x00061a80
10000494:	1000890c 	.word	0x1000890c
10000498:	10008934 	.word	0x10008934

1000049c <_ZN5Loops15StreamTelemetryEv>:
1000049c:	b5d0      	push	{r4, r6, r7, lr}
1000049e:	b082      	sub	sp, #8
100004a0:	300c      	adds	r0, #12
100004a2:	0004      	movs	r4, r0
100004a4:	490c      	ldr	r1, [pc, #48]	@ (100004d8 <_ZN5Loops15StreamTelemetryEv+0x3c>)
100004a6:	f000 fa47 	bl	10000938 <_ZN6BMP28012ReadAltitudeEf>
100004aa:	f003 fbbf 	bl	10003c2c <__wrap___aeabi_f2d>
100004ae:	0006      	movs	r6, r0
100004b0:	000f      	movs	r7, r1
100004b2:	0020      	movs	r0, r4
100004b4:	f000 f964 	bl	10000780 <_ZN6BMP28015ReadTemperatureEv>
100004b8:	4c08      	ldr	r4, [pc, #32]	@ (100004dc <_ZN5Loops15StreamTelemetryEv+0x40>)
100004ba:	f003 fbb7 	bl	10003c2c <__wrap___aeabi_f2d>
100004be:	9000      	str	r0, [sp, #0]
100004c0:	9101      	str	r1, [sp, #4]
100004c2:	0032      	movs	r2, r6
100004c4:	003b      	movs	r3, r7
100004c6:	0020      	movs	r0, r4
100004c8:	f004 fed0 	bl	1000526c <__wrap_printf>
100004cc:	200a      	movs	r0, #10
100004ce:	f001 fa9d 	bl	10001a0c <sleep_ms>
100004d2:	b002      	add	sp, #8
100004d4:	bdd0      	pop	{r4, r6, r7, pc}
100004d6:	46c0      	nop			@ (mov r8, r8)
100004d8:	447d5000 	.word	0x447d5000
100004dc:	1000895c 	.word	0x1000895c

100004e0 <_ZN5Loops3RunEv>:
100004e0:	b570      	push	{r4, r5, r6, lr}
100004e2:	0004      	movs	r4, r0
100004e4:	e00b      	b.n	100004fe <_ZN5Loops3RunEv+0x1e>
100004e6:	210a      	movs	r1, #10
100004e8:	0020      	movs	r0, r4
100004ea:	f000 f84f 	bl	1000058c <_ZN13StatesManager8SetStateE11FlightState>
100004ee:	e011      	b.n	10000514 <_ZN5Loops3RunEv+0x34>
100004f0:	0028      	movs	r0, r5
100004f2:	f000 fa76 	bl	100009e2 <_ZN9Watchdogs5ResetEv>
100004f6:	e012      	b.n	1000051e <_ZN5Loops3RunEv+0x3e>
100004f8:	0020      	movs	r0, r4
100004fa:	f000 f84b 	bl	10000594 <_ZN13StatesManager10HandleBootEv>
100004fe:	f7ff ff5f 	bl	100003c0 <_Z10blink_testv>
10000502:	0020      	movs	r0, r4
10000504:	f7ff ffca 	bl	1000049c <_ZN5Loops15StreamTelemetryEv>
10000508:	1d25      	adds	r5, r4, #4
1000050a:	0028      	movs	r0, r5
1000050c:	f000 fa6f 	bl	100009ee <_ZN9Watchdogs13IsCheckFailedEv>
10000510:	2800      	cmp	r0, #0
10000512:	d1e8      	bne.n	100004e6 <_ZN5Loops3RunEv+0x6>
10000514:	0020      	movs	r0, r4
10000516:	f000 f83b 	bl	10000590 <_ZNK13StatesManager8GetStateEv>
1000051a:	280a      	cmp	r0, #10
1000051c:	d1e8      	bne.n	100004f0 <_ZN5Loops3RunEv+0x10>
1000051e:	0020      	movs	r0, r4
10000520:	f000 f836 	bl	10000590 <_ZNK13StatesManager8GetStateEv>
10000524:	280a      	cmp	r0, #10
10000526:	d8ea      	bhi.n	100004fe <_ZN5Loops3RunEv+0x1e>
10000528:	0080      	lsls	r0, r0, #2
1000052a:	4b15      	ldr	r3, [pc, #84]	@ (10000580 <_ZN5Loops3RunEv+0xa0>)
1000052c:	581b      	ldr	r3, [r3, r0]
1000052e:	469f      	mov	pc, r3
10000530:	0020      	movs	r0, r4
10000532:	f000 f830 	bl	10000596 <_ZN13StatesManager10HandleIdleEv>
10000536:	e7e2      	b.n	100004fe <_ZN5Loops3RunEv+0x1e>
10000538:	0020      	movs	r0, r4
1000053a:	f000 f82d 	bl	10000598 <_ZN13StatesManager11HandleArmedEv>
1000053e:	e7de      	b.n	100004fe <_ZN5Loops3RunEv+0x1e>
10000540:	0020      	movs	r0, r4
10000542:	f000 f82a 	bl	1000059a <_ZN13StatesManager12HandleLaunchEv>
10000546:	e7da      	b.n	100004fe <_ZN5Loops3RunEv+0x1e>
10000548:	0020      	movs	r0, r4
1000054a:	f000 f827 	bl	1000059c <_ZN13StatesManager12HandleAscentEv>
1000054e:	e7d6      	b.n	100004fe <_ZN5Loops3RunEv+0x1e>
10000550:	0020      	movs	r0, r4
10000552:	f000 f824 	bl	1000059e <_ZN13StatesManager14HandleCruisingEv>
10000556:	e7d2      	b.n	100004fe <_ZN5Loops3RunEv+0x1e>
10000558:	0020      	movs	r0, r4
1000055a:	f000 f821 	bl	100005a0 <_ZN13StatesManager12HandleApogeeEv>
1000055e:	e7ce      	b.n	100004fe <_ZN5Loops3RunEv+0x1e>
10000560:	0020      	movs	r0, r4
10000562:	f000 f81e 	bl	100005a2 <_ZN13StatesManager16HandleDeploymentEv>
10000566:	e7ca      	b.n	100004fe <_ZN5Loops3RunEv+0x1e>
10000568:	0020      	movs	r0, r4
1000056a:	f000 f81b 	bl	100005a4 <_ZN13StatesManager13HandleDescentEv>
1000056e:	e7c6      	b.n	100004fe <_ZN5Loops3RunEv+0x1e>
10000570:	0020      	movs	r0, r4
10000572:	f000 f818 	bl	100005a6 <_ZN13StatesManager12HandleLandedEv>
10000576:	e7c2      	b.n	100004fe <_ZN5Loops3RunEv+0x1e>
10000578:	0020      	movs	r0, r4
1000057a:	f000 f815 	bl	100005a8 <_ZN13StatesManager14HandleFailsafeEv>
1000057e:	e7be      	b.n	100004fe <_ZN5Loops3RunEv+0x1e>
10000580:	10009644 	.word	0x10009644

10000584 <_ZN13StatesManagerC1Ev>:
10000584:	2300      	movs	r3, #0
10000586:	6003      	str	r3, [r0, #0]
10000588:	4770      	bx	lr

1000058a <_ZN13StatesManagerD1Ev>:
1000058a:	4770      	bx	lr

1000058c <_ZN13StatesManager8SetStateE11FlightState>:
1000058c:	6001      	str	r1, [r0, #0]
1000058e:	4770      	bx	lr

10000590 <_ZNK13StatesManager8GetStateEv>:
10000590:	6800      	ldr	r0, [r0, #0]
10000592:	4770      	bx	lr

10000594 <_ZN13StatesManager10HandleBootEv>:
10000594:	4770      	bx	lr

10000596 <_ZN13StatesManager10HandleIdleEv>:
10000596:	4770      	bx	lr

10000598 <_ZN13StatesManager11HandleArmedEv>:
10000598:	4770      	bx	lr

1000059a <_ZN13StatesManager12HandleLaunchEv>:
1000059a:	4770      	bx	lr

1000059c <_ZN13StatesManager12HandleAscentEv>:
1000059c:	4770      	bx	lr

1000059e <_ZN13StatesManager14HandleCruisingEv>:
1000059e:	4770      	bx	lr

100005a0 <_ZN13StatesManager12HandleApogeeEv>:
100005a0:	4770      	bx	lr

100005a2 <_ZN13StatesManager16HandleDeploymentEv>:
100005a2:	4770      	bx	lr

100005a4 <_ZN13StatesManager13HandleDescentEv>:
100005a4:	4770      	bx	lr

100005a6 <_ZN13StatesManager12HandleLandedEv>:
100005a6:	4770      	bx	lr

100005a8 <_ZN13StatesManager14HandleFailsafeEv>:
100005a8:	4770      	bx	lr
	...

100005ac <_ZN6BMP280C1EP8i2c_insth>:
100005ac:	6001      	str	r1, [r0, #0]
100005ae:	7102      	strb	r2, [r0, #4]
100005b0:	2300      	movs	r3, #0
100005b2:	6203      	str	r3, [r0, #32]
100005b4:	4b01      	ldr	r3, [pc, #4]	@ (100005bc <_ZN6BMP280C1EP8i2c_insth+0x10>)
100005b6:	6243      	str	r3, [r0, #36]	@ 0x24
100005b8:	4770      	bx	lr
100005ba:	46c0      	nop			@ (mov r8, r8)
100005bc:	447d5000 	.word	0x447d5000

100005c0 <_ZN6BMP28015ReadCalibrationEv>:
100005c0:	b530      	push	{r4, r5, lr}
100005c2:	b08b      	sub	sp, #44	@ 0x2c
100005c4:	0005      	movs	r5, r0
100005c6:	220f      	movs	r2, #15
100005c8:	446a      	add	r2, sp
100005ca:	2388      	movs	r3, #136	@ 0x88
100005cc:	7013      	strb	r3, [r2, #0]
100005ce:	7901      	ldrb	r1, [r0, #4]
100005d0:	6800      	ldr	r0, [r0, #0]
100005d2:	3b87      	subs	r3, #135	@ 0x87
100005d4:	9300      	str	r3, [sp, #0]
100005d6:	f008 f809 	bl	100085ec <i2c_write_blocking>
100005da:	ac04      	add	r4, sp, #16
100005dc:	7929      	ldrb	r1, [r5, #4]
100005de:	6828      	ldr	r0, [r5, #0]
100005e0:	2300      	movs	r3, #0
100005e2:	9300      	str	r3, [sp, #0]
100005e4:	3318      	adds	r3, #24
100005e6:	0022      	movs	r2, r4
100005e8:	f008 f80c 	bl	10008604 <i2c_read_blocking>
100005ec:	7862      	ldrb	r2, [r4, #1]
100005ee:	7823      	ldrb	r3, [r4, #0]
100005f0:	0212      	lsls	r2, r2, #8
100005f2:	4313      	orrs	r3, r2
100005f4:	80eb      	strh	r3, [r5, #6]
100005f6:	78e2      	ldrb	r2, [r4, #3]
100005f8:	78a3      	ldrb	r3, [r4, #2]
100005fa:	0212      	lsls	r2, r2, #8
100005fc:	4313      	orrs	r3, r2
100005fe:	812b      	strh	r3, [r5, #8]
10000600:	7962      	ldrb	r2, [r4, #5]
10000602:	7923      	ldrb	r3, [r4, #4]
10000604:	0212      	lsls	r2, r2, #8
10000606:	4313      	orrs	r3, r2
10000608:	816b      	strh	r3, [r5, #10]
1000060a:	79e2      	ldrb	r2, [r4, #7]
1000060c:	79a3      	ldrb	r3, [r4, #6]
1000060e:	0212      	lsls	r2, r2, #8
10000610:	4313      	orrs	r3, r2
10000612:	81ab      	strh	r3, [r5, #12]
10000614:	7a62      	ldrb	r2, [r4, #9]
10000616:	7a23      	ldrb	r3, [r4, #8]
10000618:	0212      	lsls	r2, r2, #8
1000061a:	4313      	orrs	r3, r2
1000061c:	81eb      	strh	r3, [r5, #14]
1000061e:	7ae2      	ldrb	r2, [r4, #11]
10000620:	7aa3      	ldrb	r3, [r4, #10]
10000622:	0212      	lsls	r2, r2, #8
10000624:	4313      	orrs	r3, r2
10000626:	822b      	strh	r3, [r5, #16]
10000628:	7b62      	ldrb	r2, [r4, #13]
1000062a:	7b23      	ldrb	r3, [r4, #12]
1000062c:	0212      	lsls	r2, r2, #8
1000062e:	4313      	orrs	r3, r2
10000630:	826b      	strh	r3, [r5, #18]
10000632:	7be2      	ldrb	r2, [r4, #15]
10000634:	7ba3      	ldrb	r3, [r4, #14]
10000636:	0212      	lsls	r2, r2, #8
10000638:	4313      	orrs	r3, r2
1000063a:	82ab      	strh	r3, [r5, #20]
1000063c:	7c62      	ldrb	r2, [r4, #17]
1000063e:	7c23      	ldrb	r3, [r4, #16]
10000640:	0212      	lsls	r2, r2, #8
10000642:	4313      	orrs	r3, r2
10000644:	82eb      	strh	r3, [r5, #22]
10000646:	7ce2      	ldrb	r2, [r4, #19]
10000648:	7ca3      	ldrb	r3, [r4, #18]
1000064a:	0212      	lsls	r2, r2, #8
1000064c:	4313      	orrs	r3, r2
1000064e:	832b      	strh	r3, [r5, #24]
10000650:	7d62      	ldrb	r2, [r4, #21]
10000652:	7d23      	ldrb	r3, [r4, #20]
10000654:	0212      	lsls	r2, r2, #8
10000656:	4313      	orrs	r3, r2
10000658:	836b      	strh	r3, [r5, #26]
1000065a:	7de2      	ldrb	r2, [r4, #23]
1000065c:	7da3      	ldrb	r3, [r4, #22]
1000065e:	0212      	lsls	r2, r2, #8
10000660:	4313      	orrs	r3, r2
10000662:	83ab      	strh	r3, [r5, #28]
10000664:	b00b      	add	sp, #44	@ 0x2c
10000666:	bd30      	pop	{r4, r5, pc}

10000668 <_ZN6BMP2804InitEjjm>:
10000668:	b570      	push	{r4, r5, r6, lr}
1000066a:	b084      	sub	sp, #16
1000066c:	0004      	movs	r4, r0
1000066e:	000e      	movs	r6, r1
10000670:	0015      	movs	r5, r2
10000672:	0019      	movs	r1, r3
10000674:	6800      	ldr	r0, [r0, #0]
10000676:	f007 ff8f 	bl	10008598 <i2c_init>
1000067a:	2103      	movs	r1, #3
1000067c:	0030      	movs	r0, r6
1000067e:	f000 f9c1 	bl	10000a04 <gpio_set_function>
10000682:	2103      	movs	r1, #3
10000684:	0028      	movs	r0, r5
10000686:	f000 f9bd 	bl	10000a04 <gpio_set_function>
1000068a:	2200      	movs	r2, #0
1000068c:	2101      	movs	r1, #1
1000068e:	0030      	movs	r0, r6
10000690:	f000 f9d2 	bl	10000a38 <gpio_set_pulls>
10000694:	2200      	movs	r2, #0
10000696:	2101      	movs	r1, #1
10000698:	0028      	movs	r0, r5
1000069a:	f000 f9cd 	bl	10000a38 <gpio_set_pulls>
1000069e:	220e      	movs	r2, #14
100006a0:	446a      	add	r2, sp
100006a2:	23d0      	movs	r3, #208	@ 0xd0
100006a4:	7013      	strb	r3, [r2, #0]
100006a6:	7921      	ldrb	r1, [r4, #4]
100006a8:	6820      	ldr	r0, [r4, #0]
100006aa:	3bcf      	subs	r3, #207	@ 0xcf
100006ac:	9300      	str	r3, [sp, #0]
100006ae:	f007 ff9d 	bl	100085ec <i2c_write_blocking>
100006b2:	250f      	movs	r5, #15
100006b4:	446d      	add	r5, sp
100006b6:	7921      	ldrb	r1, [r4, #4]
100006b8:	6820      	ldr	r0, [r4, #0]
100006ba:	2300      	movs	r3, #0
100006bc:	9300      	str	r3, [sp, #0]
100006be:	3301      	adds	r3, #1
100006c0:	002a      	movs	r2, r5
100006c2:	f007 ff9f 	bl	10008604 <i2c_read_blocking>
100006c6:	782b      	ldrb	r3, [r5, #0]
100006c8:	2b58      	cmp	r3, #88	@ 0x58
100006ca:	d002      	beq.n	100006d2 <_ZN6BMP2804InitEjjm+0x6a>
100006cc:	2000      	movs	r0, #0
100006ce:	b004      	add	sp, #16
100006d0:	bd70      	pop	{r4, r5, r6, pc}
100006d2:	0020      	movs	r0, r4
100006d4:	f7ff ff74 	bl	100005c0 <_ZN6BMP28015ReadCalibrationEv>
100006d8:	23f4      	movs	r3, #244	@ 0xf4
100006da:	466a      	mov	r2, sp
100006dc:	7313      	strb	r3, [r2, #12]
100006de:	3bcd      	subs	r3, #205	@ 0xcd
100006e0:	7353      	strb	r3, [r2, #13]
100006e2:	7921      	ldrb	r1, [r4, #4]
100006e4:	6820      	ldr	r0, [r4, #0]
100006e6:	2300      	movs	r3, #0
100006e8:	9300      	str	r3, [sp, #0]
100006ea:	3302      	adds	r3, #2
100006ec:	aa03      	add	r2, sp, #12
100006ee:	f007 ff7d 	bl	100085ec <i2c_write_blocking>
100006f2:	2001      	movs	r0, #1
100006f4:	e7eb      	b.n	100006ce <_ZN6BMP2804InitEjjm+0x66>

100006f6 <_ZN6BMP28010GetRawDataERlS0_>:
100006f6:	b5f0      	push	{r4, r5, r6, r7, lr}
100006f8:	b087      	sub	sp, #28
100006fa:	0006      	movs	r6, r0
100006fc:	000f      	movs	r7, r1
100006fe:	0015      	movs	r5, r2
10000700:	220f      	movs	r2, #15
10000702:	446a      	add	r2, sp
10000704:	23f7      	movs	r3, #247	@ 0xf7
10000706:	7013      	strb	r3, [r2, #0]
10000708:	7901      	ldrb	r1, [r0, #4]
1000070a:	6800      	ldr	r0, [r0, #0]
1000070c:	3bf6      	subs	r3, #246	@ 0xf6
1000070e:	9300      	str	r3, [sp, #0]
10000710:	f007 ff6c 	bl	100085ec <i2c_write_blocking>
10000714:	ac04      	add	r4, sp, #16
10000716:	7931      	ldrb	r1, [r6, #4]
10000718:	6830      	ldr	r0, [r6, #0]
1000071a:	2300      	movs	r3, #0
1000071c:	9300      	str	r3, [sp, #0]
1000071e:	3306      	adds	r3, #6
10000720:	0022      	movs	r2, r4
10000722:	f007 ff6f 	bl	10008604 <i2c_read_blocking>
10000726:	7823      	ldrb	r3, [r4, #0]
10000728:	031b      	lsls	r3, r3, #12
1000072a:	7862      	ldrb	r2, [r4, #1]
1000072c:	0112      	lsls	r2, r2, #4
1000072e:	4313      	orrs	r3, r2
10000730:	78a2      	ldrb	r2, [r4, #2]
10000732:	0912      	lsrs	r2, r2, #4
10000734:	4313      	orrs	r3, r2
10000736:	603b      	str	r3, [r7, #0]
10000738:	78e3      	ldrb	r3, [r4, #3]
1000073a:	031b      	lsls	r3, r3, #12
1000073c:	7922      	ldrb	r2, [r4, #4]
1000073e:	0112      	lsls	r2, r2, #4
10000740:	4313      	orrs	r3, r2
10000742:	7962      	ldrb	r2, [r4, #5]
10000744:	0912      	lsrs	r2, r2, #4
10000746:	4313      	orrs	r3, r2
10000748:	602b      	str	r3, [r5, #0]
1000074a:	b007      	add	sp, #28
1000074c:	bdf0      	pop	{r4, r5, r6, r7, pc}

1000074e <_ZN6BMP28014CompensateTempEl>:
1000074e:	b530      	push	{r4, r5, lr}
10000750:	10ca      	asrs	r2, r1, #3
10000752:	88c4      	ldrh	r4, [r0, #6]
10000754:	0063      	lsls	r3, r4, #1
10000756:	1ad2      	subs	r2, r2, r3
10000758:	2508      	movs	r5, #8
1000075a:	5f43      	ldrsh	r3, [r0, r5]
1000075c:	4353      	muls	r3, r2
1000075e:	12db      	asrs	r3, r3, #11
10000760:	1109      	asrs	r1, r1, #4
10000762:	1b09      	subs	r1, r1, r4
10000764:	4349      	muls	r1, r1
10000766:	1309      	asrs	r1, r1, #12
10000768:	240a      	movs	r4, #10
1000076a:	5f02      	ldrsh	r2, [r0, r4]
1000076c:	434a      	muls	r2, r1
1000076e:	1392      	asrs	r2, r2, #14
10000770:	189b      	adds	r3, r3, r2
10000772:	6203      	str	r3, [r0, #32]
10000774:	0098      	lsls	r0, r3, #2
10000776:	18c0      	adds	r0, r0, r3
10000778:	3080      	adds	r0, #128	@ 0x80
1000077a:	1200      	asrs	r0, r0, #8
1000077c:	bd30      	pop	{r4, r5, pc}
	...

10000780 <_ZN6BMP28015ReadTemperatureEv>:
10000780:	b510      	push	{r4, lr}
10000782:	b082      	sub	sp, #8
10000784:	0004      	movs	r4, r0
10000786:	466a      	mov	r2, sp
10000788:	a901      	add	r1, sp, #4
1000078a:	f7ff ffb4 	bl	100006f6 <_ZN6BMP28010GetRawDataERlS0_>
1000078e:	9900      	ldr	r1, [sp, #0]
10000790:	0020      	movs	r0, r4
10000792:	f7ff ffdc 	bl	1000074e <_ZN6BMP28014CompensateTempEl>
10000796:	f003 fa27 	bl	10003be8 <__wrap___aeabi_i2f>
1000079a:	4902      	ldr	r1, [pc, #8]	@ (100007a4 <_ZN6BMP28015ReadTemperatureEv+0x24>)
1000079c:	f003 f9ff 	bl	10003b9e <__wrap___aeabi_fdiv>
100007a0:	b002      	add	sp, #8
100007a2:	bd10      	pop	{r4, pc}
100007a4:	42c80000 	.word	0x42c80000

100007a8 <_ZN6BMP28018CompensatePressureEl>:
100007a8:	b5f0      	push	{r4, r5, r6, r7, lr}
100007aa:	46d6      	mov	lr, sl
100007ac:	464f      	mov	r7, r9
100007ae:	4646      	mov	r6, r8
100007b0:	b5c0      	push	{r6, r7, lr}
100007b2:	b084      	sub	sp, #16
100007b4:	4680      	mov	r8, r0
100007b6:	9103      	str	r1, [sp, #12]
100007b8:	6a03      	ldr	r3, [r0, #32]
100007ba:	001c      	movs	r4, r3
100007bc:	17dd      	asrs	r5, r3, #31
100007be:	4a50      	ldr	r2, [pc, #320]	@ (10000900 <_ZN6BMP28018CompensatePressureEl+0x158>)
100007c0:	2301      	movs	r3, #1
100007c2:	425b      	negs	r3, r3
100007c4:	18a4      	adds	r4, r4, r2
100007c6:	415d      	adcs	r5, r3
100007c8:	0022      	movs	r2, r4
100007ca:	002b      	movs	r3, r5
100007cc:	0020      	movs	r0, r4
100007ce:	0029      	movs	r1, r5
100007d0:	f003 f9be 	bl	10003b50 <__wrap___aeabi_lmul>
100007d4:	4682      	mov	sl, r0
100007d6:	4689      	mov	r9, r1
100007d8:	4643      	mov	r3, r8
100007da:	2216      	movs	r2, #22
100007dc:	5e9a      	ldrsh	r2, [r3, r2]
100007de:	17d3      	asrs	r3, r2, #31
100007e0:	f003 f9b6 	bl	10003b50 <__wrap___aeabi_lmul>
100007e4:	0006      	movs	r6, r0
100007e6:	000f      	movs	r7, r1
100007e8:	4643      	mov	r3, r8
100007ea:	2014      	movs	r0, #20
100007ec:	5e18      	ldrsh	r0, [r3, r0]
100007ee:	17c1      	asrs	r1, r0, #31
100007f0:	0022      	movs	r2, r4
100007f2:	002b      	movs	r3, r5
100007f4:	f003 f9ac 	bl	10003b50 <__wrap___aeabi_lmul>
100007f8:	0bc3      	lsrs	r3, r0, #15
100007fa:	469c      	mov	ip, r3
100007fc:	044b      	lsls	r3, r1, #17
100007fe:	4661      	mov	r1, ip
10000800:	430b      	orrs	r3, r1
10000802:	0442      	lsls	r2, r0, #17
10000804:	1992      	adds	r2, r2, r6
10000806:	417b      	adcs	r3, r7
10000808:	4640      	mov	r0, r8
1000080a:	2112      	movs	r1, #18
1000080c:	5e41      	ldrsh	r1, [r0, r1]
1000080e:	2600      	movs	r6, #0
10000810:	00cf      	lsls	r7, r1, #3
10000812:	18b6      	adds	r6, r6, r2
10000814:	415f      	adcs	r7, r3
10000816:	9600      	str	r6, [sp, #0]
10000818:	9701      	str	r7, [sp, #4]
1000081a:	4643      	mov	r3, r8
1000081c:	2210      	movs	r2, #16
1000081e:	5e9a      	ldrsh	r2, [r3, r2]
10000820:	17d3      	asrs	r3, r2, #31
10000822:	4650      	mov	r0, sl
10000824:	4649      	mov	r1, r9
10000826:	f003 f993 	bl	10003b50 <__wrap___aeabi_lmul>
1000082a:	060b      	lsls	r3, r1, #24
1000082c:	0a06      	lsrs	r6, r0, #8
1000082e:	431e      	orrs	r6, r3
10000830:	120f      	asrs	r7, r1, #8
10000832:	4643      	mov	r3, r8
10000834:	200e      	movs	r0, #14
10000836:	5e18      	ldrsh	r0, [r3, r0]
10000838:	17c1      	asrs	r1, r0, #31
1000083a:	0022      	movs	r2, r4
1000083c:	002b      	movs	r3, r5
1000083e:	f003 f987 	bl	10003b50 <__wrap___aeabi_lmul>
10000842:	0d04      	lsrs	r4, r0, #20
10000844:	030b      	lsls	r3, r1, #12
10000846:	4323      	orrs	r3, r4
10000848:	0302      	lsls	r2, r0, #12
1000084a:	1992      	adds	r2, r2, r6
1000084c:	417b      	adcs	r3, r7
1000084e:	2000      	movs	r0, #0
10000850:	2180      	movs	r1, #128	@ 0x80
10000852:	0209      	lsls	r1, r1, #8
10000854:	1880      	adds	r0, r0, r2
10000856:	4159      	adcs	r1, r3
10000858:	4643      	mov	r3, r8
1000085a:	899a      	ldrh	r2, [r3, #12]
1000085c:	2300      	movs	r3, #0
1000085e:	f003 f977 	bl	10003b50 <__wrap___aeabi_lmul>
10000862:	104d      	asrs	r5, r1, #1
10000864:	17cc      	asrs	r4, r1, #31
10000866:	002b      	movs	r3, r5
10000868:	4323      	orrs	r3, r4
1000086a:	d047      	beq.n	100008fc <_ZN6BMP28018CompensatePressureEl+0x154>
1000086c:	2380      	movs	r3, #128	@ 0x80
1000086e:	035b      	lsls	r3, r3, #13
10000870:	9a03      	ldr	r2, [sp, #12]
10000872:	1a9b      	subs	r3, r3, r2
10000874:	1059      	asrs	r1, r3, #1
10000876:	07d8      	lsls	r0, r3, #31
10000878:	9e00      	ldr	r6, [sp, #0]
1000087a:	9f01      	ldr	r7, [sp, #4]
1000087c:	1b80      	subs	r0, r0, r6
1000087e:	41b9      	sbcs	r1, r7
10000880:	4a20      	ldr	r2, [pc, #128]	@ (10000904 <_ZN6BMP28018CompensatePressureEl+0x15c>)
10000882:	2300      	movs	r3, #0
10000884:	f003 f964 	bl	10003b50 <__wrap___aeabi_lmul>
10000888:	002a      	movs	r2, r5
1000088a:	0023      	movs	r3, r4
1000088c:	f001 fdbe 	bl	1000240c <__wrap___aeabi_ldivmod>
10000890:	0004      	movs	r4, r0
10000892:	000d      	movs	r5, r1
10000894:	4643      	mov	r3, r8
10000896:	201c      	movs	r0, #28
10000898:	5e18      	ldrsh	r0, [r3, r0]
1000089a:	17c1      	asrs	r1, r0, #31
1000089c:	04eb      	lsls	r3, r5, #19
1000089e:	0b66      	lsrs	r6, r4, #13
100008a0:	431e      	orrs	r6, r3
100008a2:	136f      	asrs	r7, r5, #13
100008a4:	0032      	movs	r2, r6
100008a6:	003b      	movs	r3, r7
100008a8:	f003 f952 	bl	10003b50 <__wrap___aeabi_lmul>
100008ac:	0002      	movs	r2, r0
100008ae:	000b      	movs	r3, r1
100008b0:	0030      	movs	r0, r6
100008b2:	0039      	movs	r1, r7
100008b4:	f003 f94c 	bl	10003b50 <__wrap___aeabi_lmul>
100008b8:	01cb      	lsls	r3, r1, #7
100008ba:	0e46      	lsrs	r6, r0, #25
100008bc:	431e      	orrs	r6, r3
100008be:	164f      	asrs	r7, r1, #25
100008c0:	4643      	mov	r3, r8
100008c2:	201a      	movs	r0, #26
100008c4:	5e18      	ldrsh	r0, [r3, r0]
100008c6:	17c1      	asrs	r1, r0, #31
100008c8:	0022      	movs	r2, r4
100008ca:	002b      	movs	r3, r5
100008cc:	f003 f940 	bl	10003b50 <__wrap___aeabi_lmul>
100008d0:	034b      	lsls	r3, r1, #13
100008d2:	0cc2      	lsrs	r2, r0, #19
100008d4:	431a      	orrs	r2, r3
100008d6:	14cb      	asrs	r3, r1, #19
100008d8:	19a4      	adds	r4, r4, r6
100008da:	417d      	adcs	r5, r7
100008dc:	18a4      	adds	r4, r4, r2
100008de:	415d      	adcs	r5, r3
100008e0:	062b      	lsls	r3, r5, #24
100008e2:	0a20      	lsrs	r0, r4, #8
100008e4:	4318      	orrs	r0, r3
100008e6:	4643      	mov	r3, r8
100008e8:	2218      	movs	r2, #24
100008ea:	5e9a      	ldrsh	r2, [r3, r2]
100008ec:	0113      	lsls	r3, r2, #4
100008ee:	18c0      	adds	r0, r0, r3
100008f0:	b004      	add	sp, #16
100008f2:	bce0      	pop	{r5, r6, r7}
100008f4:	46ba      	mov	sl, r7
100008f6:	46b1      	mov	r9, r6
100008f8:	46a8      	mov	r8, r5
100008fa:	bdf0      	pop	{r4, r5, r6, r7, pc}
100008fc:	2000      	movs	r0, #0
100008fe:	e7f7      	b.n	100008f0 <_ZN6BMP28018CompensatePressureEl+0x148>
10000900:	fffe0c00 	.word	0xfffe0c00
10000904:	00000c35 	.word	0x00000c35

10000908 <_ZN6BMP28012ReadPressureEv>:
10000908:	b510      	push	{r4, lr}
1000090a:	b082      	sub	sp, #8
1000090c:	0004      	movs	r4, r0
1000090e:	466a      	mov	r2, sp
10000910:	a901      	add	r1, sp, #4
10000912:	f7ff fef0 	bl	100006f6 <_ZN6BMP28010GetRawDataERlS0_>
10000916:	9900      	ldr	r1, [sp, #0]
10000918:	0020      	movs	r0, r4
1000091a:	f7ff ff18 	bl	1000074e <_ZN6BMP28014CompensateTempEl>
1000091e:	9901      	ldr	r1, [sp, #4]
10000920:	0020      	movs	r0, r4
10000922:	f7ff ff41 	bl	100007a8 <_ZN6BMP28018CompensatePressureEl>
10000926:	f003 f959 	bl	10003bdc <__wrap___aeabi_ui2f>
1000092a:	4902      	ldr	r1, [pc, #8]	@ (10000934 <_ZN6BMP28012ReadPressureEv+0x2c>)
1000092c:	f003 f937 	bl	10003b9e <__wrap___aeabi_fdiv>
10000930:	b002      	add	sp, #8
10000932:	bd10      	pop	{r4, pc}
10000934:	46c80000 	.word	0x46c80000

10000938 <_ZN6BMP28012ReadAltitudeEf>:
10000938:	b510      	push	{r4, lr}
1000093a:	1c0c      	adds	r4, r1, #0
1000093c:	f7ff ffe4 	bl	10000908 <_ZN6BMP28012ReadPressureEv>
10000940:	1c21      	adds	r1, r4, #0
10000942:	f003 f92c 	bl	10003b9e <__wrap___aeabi_fdiv>
10000946:	f003 f971 	bl	10003c2c <__wrap___aeabi_f2d>
1000094a:	2280      	movs	r2, #128	@ 0x80
1000094c:	0592      	lsls	r2, r2, #22
1000094e:	4b08      	ldr	r3, [pc, #32]	@ (10000970 <_ZN6BMP28012ReadAltitudeEf+0x38>)
10000950:	f002 fbaa 	bl	100030a8 <__wrap_pow>
10000954:	0002      	movs	r2, r0
10000956:	000b      	movs	r3, r1
10000958:	2000      	movs	r0, #0
1000095a:	4906      	ldr	r1, [pc, #24]	@ (10000974 <_ZN6BMP28012ReadAltitudeEf+0x3c>)
1000095c:	f001 ff6b 	bl	10002836 <__wrap___aeabi_dsub>
10000960:	2200      	movs	r2, #0
10000962:	4b05      	ldr	r3, [pc, #20]	@ (10000978 <_ZN6BMP28012ReadAltitudeEf+0x40>)
10000964:	f001 ff97 	bl	10002896 <__wrap___aeabi_dmul>
10000968:	f002 f854 	bl	10002a14 <__wrap___aeabi_d2f>
1000096c:	bd10      	pop	{r4, pc}
1000096e:	46c0      	nop			@ (mov r8, r8)
10000970:	3fc85bc0 	.word	0x3fc85bc0
10000974:	3ff00000 	.word	0x3ff00000
10000978:	40e5a540 	.word	0x40e5a540

1000097c <_ZN6BMP28017CalibrateSeaLevelEf>:
1000097c:	b5f8      	push	{r3, r4, r5, r6, r7, lr}
1000097e:	0006      	movs	r6, r0
10000980:	1c0f      	adds	r7, r1, #0
10000982:	f7ff ffc1 	bl	10000908 <_ZN6BMP28012ReadPressureEv>
10000986:	f003 f951 	bl	10003c2c <__wrap___aeabi_f2d>
1000098a:	0004      	movs	r4, r0
1000098c:	000d      	movs	r5, r1
1000098e:	490d      	ldr	r1, [pc, #52]	@ (100009c4 <_ZN6BMP28017CalibrateSeaLevelEf+0x48>)
10000990:	1c38      	adds	r0, r7, #0
10000992:	f003 f904 	bl	10003b9e <__wrap___aeabi_fdiv>
10000996:	1c01      	adds	r1, r0, #0
10000998:	20fe      	movs	r0, #254	@ 0xfe
1000099a:	0580      	lsls	r0, r0, #22
1000099c:	f003 f8f5 	bl	10003b8a <__wrap___aeabi_fsub>
100009a0:	f003 f944 	bl	10003c2c <__wrap___aeabi_f2d>
100009a4:	22c0      	movs	r2, #192	@ 0xc0
100009a6:	0612      	lsls	r2, r2, #24
100009a8:	4b07      	ldr	r3, [pc, #28]	@ (100009c8 <_ZN6BMP28017CalibrateSeaLevelEf+0x4c>)
100009aa:	f002 fb7d 	bl	100030a8 <__wrap_pow>
100009ae:	0002      	movs	r2, r0
100009b0:	000b      	movs	r3, r1
100009b2:	0020      	movs	r0, r4
100009b4:	0029      	movs	r1, r5
100009b6:	f001 ff50 	bl	1000285a <__wrap___aeabi_ddiv>
100009ba:	f002 f82b 	bl	10002a14 <__wrap___aeabi_d2f>
100009be:	6270      	str	r0, [r6, #36]	@ 0x24
100009c0:	bdf8      	pop	{r3, r4, r5, r6, r7, pc}
100009c2:	46c0      	nop			@ (mov r8, r8)
100009c4:	472d2a00 	.word	0x472d2a00
100009c8:	4015051e 	.word	0x4015051e

100009cc <_ZN9WatchdogsC1Ev>:
100009cc:	2300      	movs	r3, #0
100009ce:	6003      	str	r3, [r0, #0]
100009d0:	6043      	str	r3, [r0, #4]
100009d2:	4770      	bx	lr

100009d4 <_ZN9Watchdogs4InitEm>:
100009d4:	b510      	push	{r4, lr}
100009d6:	0004      	movs	r4, r0
100009d8:	6041      	str	r1, [r0, #4]
100009da:	f7ff fce1 	bl	100003a0 <_Z6millisv>
100009de:	6020      	str	r0, [r4, #0]
100009e0:	bd10      	pop	{r4, pc}

100009e2 <_ZN9Watchdogs5ResetEv>:
100009e2:	b510      	push	{r4, lr}
100009e4:	0004      	movs	r4, r0
100009e6:	f7ff fcdb 	bl	100003a0 <_Z6millisv>
100009ea:	6020      	str	r0, [r4, #0]
100009ec:	bd10      	pop	{r4, pc}

100009ee <_ZN9Watchdogs13IsCheckFailedEv>:
100009ee:	b510      	push	{r4, lr}
100009f0:	0004      	movs	r4, r0
100009f2:	f7ff fcd5 	bl	100003a0 <_Z6millisv>
100009f6:	6823      	ldr	r3, [r4, #0]
100009f8:	1ac3      	subs	r3, r0, r3
100009fa:	6860      	ldr	r0, [r4, #4]
100009fc:	4298      	cmp	r0, r3
100009fe:	4180      	sbcs	r0, r0
10000a00:	4240      	negs	r0, r0
10000a02:	bd10      	pop	{r4, pc}

10000a04 <gpio_set_function>:
10000a04:	b510      	push	{r4, lr}
10000a06:	0083      	lsls	r3, r0, #2
10000a08:	4a08      	ldr	r2, [pc, #32]	@ (10000a2c <gpio_set_function+0x28>)
10000a0a:	189a      	adds	r2, r3, r2
10000a0c:	6814      	ldr	r4, [r2, #0]
10000a0e:	2240      	movs	r2, #64	@ 0x40
10000a10:	4054      	eors	r4, r2
10000a12:	3280      	adds	r2, #128	@ 0x80
10000a14:	4022      	ands	r2, r4
10000a16:	4c06      	ldr	r4, [pc, #24]	@ (10000a30 <gpio_set_function+0x2c>)
10000a18:	46a4      	mov	ip, r4
10000a1a:	4463      	add	r3, ip
10000a1c:	601a      	str	r2, [r3, #0]
10000a1e:	00c0      	lsls	r0, r0, #3
10000a20:	4b04      	ldr	r3, [pc, #16]	@ (10000a34 <gpio_set_function+0x30>)
10000a22:	469c      	mov	ip, r3
10000a24:	4460      	add	r0, ip
10000a26:	6041      	str	r1, [r0, #4]
10000a28:	bd10      	pop	{r4, pc}
10000a2a:	46c0      	nop			@ (mov r8, r8)
10000a2c:	4001c004 	.word	0x4001c004
10000a30:	4001d004 	.word	0x4001d004
10000a34:	40014000 	.word	0x40014000

10000a38 <gpio_set_pulls>:
10000a38:	0080      	lsls	r0, r0, #2
10000a3a:	4b0c      	ldr	r3, [pc, #48]	@ (10000a6c <gpio_set_pulls+0x34>)
10000a3c:	469c      	mov	ip, r3
10000a3e:	4460      	add	r0, ip
10000a40:	2900      	cmp	r1, #0
10000a42:	d00e      	beq.n	10000a62 <gpio_set_pulls+0x2a>
10000a44:	2308      	movs	r3, #8
10000a46:	2a00      	cmp	r2, #0
10000a48:	d00d      	beq.n	10000a66 <gpio_set_pulls+0x2e>
10000a4a:	2204      	movs	r2, #4
10000a4c:	4313      	orrs	r3, r2
10000a4e:	6802      	ldr	r2, [r0, #0]
10000a50:	4053      	eors	r3, r2
10000a52:	220c      	movs	r2, #12
10000a54:	4013      	ands	r3, r2
10000a56:	2280      	movs	r2, #128	@ 0x80
10000a58:	0152      	lsls	r2, r2, #5
10000a5a:	4694      	mov	ip, r2
10000a5c:	4460      	add	r0, ip
10000a5e:	6003      	str	r3, [r0, #0]
10000a60:	4770      	bx	lr
10000a62:	2300      	movs	r3, #0
10000a64:	e7ef      	b.n	10000a46 <gpio_set_pulls+0xe>
10000a66:	2200      	movs	r2, #0
10000a68:	e7f0      	b.n	10000a4c <gpio_set_pulls+0x14>
10000a6a:	46c0      	nop			@ (mov r8, r8)
10000a6c:	4001c004 	.word	0x4001c004

10000a70 <gpio_init>:
10000a70:	b510      	push	{r4, lr}
10000a72:	2301      	movs	r3, #1
10000a74:	4083      	lsls	r3, r0
10000a76:	22d0      	movs	r2, #208	@ 0xd0
10000a78:	0612      	lsls	r2, r2, #24
10000a7a:	6293      	str	r3, [r2, #40]	@ 0x28
10000a7c:	6193      	str	r3, [r2, #24]
10000a7e:	2105      	movs	r1, #5
10000a80:	f7ff ffc0 	bl	10000a04 <gpio_set_function>
10000a84:	bd10      	pop	{r4, pc}
	...

10000a88 <rp2040_chip_version>:
10000a88:	b510      	push	{r4, lr}
10000a8a:	2380      	movs	r3, #128	@ 0x80
10000a8c:	05db      	lsls	r3, r3, #23
10000a8e:	6818      	ldr	r0, [r3, #0]
10000a90:	0503      	lsls	r3, r0, #20
10000a92:	0d1b      	lsrs	r3, r3, #20
10000a94:	4a0b      	ldr	r2, [pc, #44]	@ (10000ac4 <rp2040_chip_version+0x3c>)
10000a96:	4293      	cmp	r3, r2
10000a98:	d107      	bne.n	10000aaa <rp2040_chip_version+0x22>
10000a9a:	4b0b      	ldr	r3, [pc, #44]	@ (10000ac8 <rp2040_chip_version+0x40>)
10000a9c:	4003      	ands	r3, r0
10000a9e:	2280      	movs	r2, #128	@ 0x80
10000aa0:	0192      	lsls	r2, r2, #6
10000aa2:	4293      	cmp	r3, r2
10000aa4:	d107      	bne.n	10000ab6 <rp2040_chip_version+0x2e>
10000aa6:	0f00      	lsrs	r0, r0, #28
10000aa8:	bd10      	pop	{r4, pc}
10000aaa:	4b08      	ldr	r3, [pc, #32]	@ (10000acc <rp2040_chip_version+0x44>)
10000aac:	4a08      	ldr	r2, [pc, #32]	@ (10000ad0 <rp2040_chip_version+0x48>)
10000aae:	4809      	ldr	r0, [pc, #36]	@ (10000ad4 <rp2040_chip_version+0x4c>)
10000ab0:	2113      	movs	r1, #19
10000ab2:	f004 fa6b 	bl	10004f8c <__assert_func>
10000ab6:	4b08      	ldr	r3, [pc, #32]	@ (10000ad8 <rp2040_chip_version+0x50>)
10000ab8:	4a05      	ldr	r2, [pc, #20]	@ (10000ad0 <rp2040_chip_version+0x48>)
10000aba:	4806      	ldr	r0, [pc, #24]	@ (10000ad4 <rp2040_chip_version+0x4c>)
10000abc:	2114      	movs	r1, #20
10000abe:	f004 fa65 	bl	10004f8c <__assert_func>
10000ac2:	46c0      	nop			@ (mov r8, r8)
10000ac4:	00000927 	.word	0x00000927
10000ac8:	0ffff000 	.word	0x0ffff000
10000acc:	10008974 	.word	0x10008974
10000ad0:	10009670 	.word	0x10009670
10000ad4:	10008998 	.word	0x10008998
10000ad8:	100089dc 	.word	0x100089dc

10000adc <panic>:
10000adc:	b40f      	push	{r0, r1, r2, r3}
10000ade:	b500      	push	{lr}
10000ae0:	b083      	sub	sp, #12
10000ae2:	4808      	ldr	r0, [pc, #32]	@ (10000b04 <panic+0x28>)
10000ae4:	f004 fb93 	bl	1000520e <__wrap_puts>
10000ae8:	9b04      	ldr	r3, [sp, #16]
10000aea:	2b00      	cmp	r3, #0
10000aec:	d007      	beq.n	10000afe <panic+0x22>
10000aee:	a905      	add	r1, sp, #20
10000af0:	9101      	str	r1, [sp, #4]
10000af2:	0018      	movs	r0, r3
10000af4:	f004 fb9a 	bl	1000522c <__wrap_vprintf>
10000af8:	4803      	ldr	r0, [pc, #12]	@ (10000b08 <panic+0x2c>)
10000afa:	f004 fb88 	bl	1000520e <__wrap_puts>
10000afe:	2001      	movs	r0, #1
10000b00:	f004 fa3e 	bl	10004f80 <_exit>
10000b04:	100089f0 	.word	0x100089f0
10000b08:	10008a00 	.word	0x10008a00

10000b0c <hw_claim_lock>:
10000b0c:	f3ef 8010 	mrs	r0, PRIMASK
10000b10:	b672      	cpsid	i
10000b12:	4b03      	ldr	r3, [pc, #12]	@ (10000b20 <hw_claim_lock+0x14>)
10000b14:	681b      	ldr	r3, [r3, #0]
10000b16:	2b00      	cmp	r3, #0
10000b18:	d0fb      	beq.n	10000b12 <hw_claim_lock+0x6>
10000b1a:	f3bf 8f5f 	dmb	sy
10000b1e:	4770      	bx	lr
10000b20:	d000012c 	.word	0xd000012c

10000b24 <hw_claim_unlock>:
10000b24:	f3bf 8f5f 	dmb	sy
10000b28:	4b02      	ldr	r3, [pc, #8]	@ (10000b34 <hw_claim_unlock+0x10>)
10000b2a:	2200      	movs	r2, #0
10000b2c:	601a      	str	r2, [r3, #0]
10000b2e:	f380 8810 	msr	PRIMASK, r0
10000b32:	4770      	bx	lr
10000b34:	d000012c 	.word	0xd000012c

10000b38 <hw_claim_or_assert>:
10000b38:	b5f8      	push	{r3, r4, r5, r6, r7, lr}
10000b3a:	0006      	movs	r6, r0
10000b3c:	000c      	movs	r4, r1
10000b3e:	0015      	movs	r5, r2
10000b40:	f7ff ffe4 	bl	10000b0c <hw_claim_lock>
10000b44:	08e3      	lsrs	r3, r4, #3
10000b46:	18f7      	adds	r7, r6, r3
10000b48:	5cf1      	ldrb	r1, [r6, r3]
10000b4a:	2207      	movs	r2, #7
10000b4c:	4022      	ands	r2, r4
10000b4e:	2301      	movs	r3, #1
10000b50:	4093      	lsls	r3, r2
10000b52:	420b      	tst	r3, r1
10000b54:	d105      	bne.n	10000b62 <hw_claim_or_assert+0x2a>
10000b56:	b2db      	uxtb	r3, r3
10000b58:	430b      	orrs	r3, r1
10000b5a:	703b      	strb	r3, [r7, #0]
10000b5c:	f7ff ffe2 	bl	10000b24 <hw_claim_unlock>
10000b60:	bdf8      	pop	{r3, r4, r5, r6, r7, pc}
10000b62:	0021      	movs	r1, r4
10000b64:	0028      	movs	r0, r5
10000b66:	f7ff ffb9 	bl	10000adc <panic>

10000b6a <hw_claim_unused_from_range>:
10000b6a:	b5f0      	push	{r4, r5, r6, r7, lr}
10000b6c:	b083      	sub	sp, #12
10000b6e:	0006      	movs	r6, r0
10000b70:	9101      	str	r1, [sp, #4]
10000b72:	0014      	movs	r4, r2
10000b74:	001f      	movs	r7, r3
10000b76:	f7ff ffc9 	bl	10000b0c <hw_claim_lock>
10000b7a:	e000      	b.n	10000b7e <hw_claim_unused_from_range+0x14>
10000b7c:	3401      	adds	r4, #1
10000b7e:	42bc      	cmp	r4, r7
10000b80:	d80c      	bhi.n	10000b9c <hw_claim_unused_from_range+0x32>
10000b82:	08e3      	lsrs	r3, r4, #3
10000b84:	18f5      	adds	r5, r6, r3
10000b86:	5cf3      	ldrb	r3, [r6, r3]
10000b88:	2107      	movs	r1, #7
10000b8a:	4021      	ands	r1, r4
10000b8c:	2201      	movs	r2, #1
10000b8e:	408a      	lsls	r2, r1
10000b90:	421a      	tst	r2, r3
10000b92:	d1f3      	bne.n	10000b7c <hw_claim_unused_from_range+0x12>
10000b94:	b2d2      	uxtb	r2, r2
10000b96:	431a      	orrs	r2, r3
10000b98:	702a      	strb	r2, [r5, #0]
10000b9a:	e001      	b.n	10000ba0 <hw_claim_unused_from_range+0x36>
10000b9c:	2401      	movs	r4, #1
10000b9e:	4264      	negs	r4, r4
10000ba0:	f7ff ffc0 	bl	10000b24 <hw_claim_unlock>
10000ba4:	2c00      	cmp	r4, #0
10000ba6:	db02      	blt.n	10000bae <hw_claim_unused_from_range+0x44>
10000ba8:	0020      	movs	r0, r4
10000baa:	b003      	add	sp, #12
10000bac:	bdf0      	pop	{r4, r5, r6, r7, pc}
10000bae:	9b01      	ldr	r3, [sp, #4]
10000bb0:	2b00      	cmp	r3, #0
10000bb2:	d0f9      	beq.n	10000ba8 <hw_claim_unused_from_range+0x3e>
10000bb4:	9808      	ldr	r0, [sp, #32]
10000bb6:	f7ff ff91 	bl	10000adc <panic>
	...

10000bbc <next_striped_spin_lock_num>:
10000bbc:	4a05      	ldr	r2, [pc, #20]	@ (10000bd4 <next_striped_spin_lock_num+0x18>)
10000bbe:	7810      	ldrb	r0, [r2, #0]
10000bc0:	1c43      	adds	r3, r0, #1
10000bc2:	b2db      	uxtb	r3, r3
10000bc4:	7013      	strb	r3, [r2, #0]
10000bc6:	2b17      	cmp	r3, #23
10000bc8:	d902      	bls.n	10000bd0 <next_striped_spin_lock_num+0x14>
10000bca:	0013      	movs	r3, r2
10000bcc:	2210      	movs	r2, #16
10000bce:	701a      	strb	r2, [r3, #0]
10000bd0:	4770      	bx	lr
10000bd2:	46c0      	nop			@ (mov r8, r8)
10000bd4:	20000c00 	.word	0x20000c00

10000bd8 <spin_lock_claim_unused>:
10000bd8:	b510      	push	{r4, lr}
10000bda:	b082      	sub	sp, #8
10000bdc:	0001      	movs	r1, r0
10000bde:	4c05      	ldr	r4, [pc, #20]	@ (10000bf4 <spin_lock_claim_unused+0x1c>)
10000be0:	4b05      	ldr	r3, [pc, #20]	@ (10000bf8 <spin_lock_claim_unused+0x20>)
10000be2:	9300      	str	r3, [sp, #0]
10000be4:	231f      	movs	r3, #31
10000be6:	2218      	movs	r2, #24
10000be8:	0020      	movs	r0, r4
10000bea:	f7ff ffbe 	bl	10000b6a <hw_claim_unused_from_range>
10000bee:	b002      	add	sp, #8
10000bf0:	bd10      	pop	{r4, pc}
10000bf2:	46c0      	nop			@ (mov r8, r8)
10000bf4:	200016dc 	.word	0x200016dc
10000bf8:	10008a04 	.word	0x10008a04

10000bfc <spin_locks_reset>:
10000bfc:	2300      	movs	r3, #0
10000bfe:	e007      	b.n	10000c10 <spin_locks_reset+0x14>
10000c00:	4a05      	ldr	r2, [pc, #20]	@ (10000c18 <spin_locks_reset+0x1c>)
10000c02:	189a      	adds	r2, r3, r2
10000c04:	0092      	lsls	r2, r2, #2
10000c06:	f3bf 8f5f 	dmb	sy
10000c0a:	2100      	movs	r1, #0
10000c0c:	6011      	str	r1, [r2, #0]
10000c0e:	3301      	adds	r3, #1
10000c10:	2b1f      	cmp	r3, #31
10000c12:	d9f5      	bls.n	10000c00 <spin_locks_reset+0x4>
10000c14:	4770      	bx	lr
10000c16:	46c0      	nop			@ (mov r8, r8)
10000c18:	34000040 	.word	0x34000040

10000c1c <set_raw_irq_handler_and_unlock>:
10000c1c:	4b07      	ldr	r3, [pc, #28]	@ (10000c3c <set_raw_irq_handler_and_unlock+0x20>)
10000c1e:	689b      	ldr	r3, [r3, #8]
10000c20:	3010      	adds	r0, #16
10000c22:	0080      	lsls	r0, r0, #2
10000c24:	5019      	str	r1, [r3, r0]
10000c26:	f3bf 8f5f 	dmb	sy
10000c2a:	f3bf 8f5f 	dmb	sy
10000c2e:	4b04      	ldr	r3, [pc, #16]	@ (10000c40 <set_raw_irq_handler_and_unlock+0x24>)
10000c30:	2100      	movs	r1, #0
10000c32:	6019      	str	r1, [r3, #0]
10000c34:	f382 8810 	msr	PRIMASK, r2
10000c38:	4770      	bx	lr
10000c3a:	46c0      	nop			@ (mov r8, r8)
10000c3c:	e000ed00 	.word	0xe000ed00
10000c40:	d0000124 	.word	0xd0000124

10000c44 <nvic_ipr0>:
10000c44:	4800      	ldr	r0, [pc, #0]	@ (10000c48 <nvic_ipr0+0x4>)
10000c46:	4770      	bx	lr
10000c48:	e000e400 	.word	0xe000e400

10000c4c <runtime_init_per_core_irq_priorities>:
10000c4c:	b510      	push	{r4, lr}
10000c4e:	f7ff fff9 	bl	10000c44 <nvic_ipr0>
10000c52:	2300      	movs	r3, #0
10000c54:	e002      	b.n	10000c5c <runtime_init_per_core_irq_priorities+0x10>
10000c56:	4a03      	ldr	r2, [pc, #12]	@ (10000c64 <runtime_init_per_core_irq_priorities+0x18>)
10000c58:	c004      	stmia	r0!, {r2}
10000c5a:	3301      	adds	r3, #1
10000c5c:	2b07      	cmp	r3, #7
10000c5e:	d9fa      	bls.n	10000c56 <runtime_init_per_core_irq_priorities+0xa>
10000c60:	bd10      	pop	{r4, pc}
10000c62:	46c0      	nop			@ (mov r8, r8)
10000c64:	80808080 	.word	0x80808080

10000c68 <resolve_j_16>:
10000c68:	b510      	push	{r4, lr}
10000c6a:	8803      	ldrh	r3, [r0, #0]
10000c6c:	0ada      	lsrs	r2, r3, #11
10000c6e:	2a1c      	cmp	r2, #28
10000c70:	d105      	bne.n	10000c7e <resolve_j_16+0x16>
10000c72:	055b      	lsls	r3, r3, #21
10000c74:	155b      	asrs	r3, r3, #21
10000c76:	3302      	adds	r3, #2
10000c78:	005b      	lsls	r3, r3, #1
10000c7a:	18c0      	adds	r0, r0, r3
10000c7c:	bd10      	pop	{r4, pc}
10000c7e:	4b03      	ldr	r3, [pc, #12]	@ (10000c8c <resolve_j_16+0x24>)
10000c80:	4a03      	ldr	r2, [pc, #12]	@ (10000c90 <resolve_j_16+0x28>)
10000c82:	218e      	movs	r1, #142	@ 0x8e
10000c84:	4803      	ldr	r0, [pc, #12]	@ (10000c94 <resolve_j_16+0x2c>)
10000c86:	0049      	lsls	r1, r1, #1
10000c88:	f004 f980 	bl	10004f8c <__assert_func>
10000c8c:	10008a20 	.word	0x10008a20
10000c90:	100096d0 	.word	0x100096d0
10000c94:	10008a38 	.word	0x10008a38

10000c98 <make_j_16>:
10000c98:	b510      	push	{r4, lr}
10000c9a:	1a09      	subs	r1, r1, r0
10000c9c:	1f0b      	subs	r3, r1, #4
10000c9e:	4a0a      	ldr	r2, [pc, #40]	@ (10000cc8 <make_j_16+0x30>)
10000ca0:	1888      	adds	r0, r1, r2
10000ca2:	4a0a      	ldr	r2, [pc, #40]	@ (10000ccc <make_j_16+0x34>)
10000ca4:	4290      	cmp	r0, r2
10000ca6:	d808      	bhi.n	10000cba <make_j_16+0x22>
10000ca8:	07c9      	lsls	r1, r1, #31
10000caa:	d406      	bmi.n	10000cba <make_j_16+0x22>
10000cac:	105b      	asrs	r3, r3, #1
10000cae:	055b      	lsls	r3, r3, #21
10000cb0:	0d5b      	lsrs	r3, r3, #21
10000cb2:	4807      	ldr	r0, [pc, #28]	@ (10000cd0 <make_j_16+0x38>)
10000cb4:	4318      	orrs	r0, r3
10000cb6:	b280      	uxth	r0, r0
10000cb8:	bd10      	pop	{r4, pc}
10000cba:	4b06      	ldr	r3, [pc, #24]	@ (10000cd4 <make_j_16+0x3c>)
10000cbc:	4a06      	ldr	r2, [pc, #24]	@ (10000cd8 <make_j_16+0x40>)
10000cbe:	2187      	movs	r1, #135	@ 0x87
10000cc0:	4806      	ldr	r0, [pc, #24]	@ (10000cdc <make_j_16+0x44>)
10000cc2:	0049      	lsls	r1, r1, #1
10000cc4:	f004 f962 	bl	10004f8c <__assert_func>
10000cc8:	000007fc 	.word	0x000007fc
10000ccc:	00000ffe 	.word	0x00000ffe
10000cd0:	ffffe000 	.word	0xffffe000
10000cd4:	10008a7c 	.word	0x10008a7c
10000cd8:	100096c4 	.word	0x100096c4
10000cdc:	10008a38 	.word	0x10008a38

10000ce0 <insert_bl_32>:
10000ce0:	b510      	push	{r4, lr}
10000ce2:	1a09      	subs	r1, r1, r0
10000ce4:	3904      	subs	r1, #4
10000ce6:	084a      	lsrs	r2, r1, #1
10000ce8:	0b09      	lsrs	r1, r1, #12
10000cea:	d108      	bne.n	10000cfe <insert_bl_32+0x1e>
10000cec:	0549      	lsls	r1, r1, #21
10000cee:	0d49      	lsrs	r1, r1, #21
10000cf0:	4b06      	ldr	r3, [pc, #24]	@ (10000d0c <insert_bl_32+0x2c>)
10000cf2:	430b      	orrs	r3, r1
10000cf4:	8003      	strh	r3, [r0, #0]
10000cf6:	4b06      	ldr	r3, [pc, #24]	@ (10000d10 <insert_bl_32+0x30>)
10000cf8:	4313      	orrs	r3, r2
10000cfa:	8043      	strh	r3, [r0, #2]
10000cfc:	bd10      	pop	{r4, pc}
10000cfe:	4b05      	ldr	r3, [pc, #20]	@ (10000d14 <insert_bl_32+0x34>)
10000d00:	4a05      	ldr	r2, [pc, #20]	@ (10000d18 <insert_bl_32+0x38>)
10000d02:	218b      	movs	r1, #139	@ 0x8b
10000d04:	4805      	ldr	r0, [pc, #20]	@ (10000d1c <insert_bl_32+0x3c>)
10000d06:	0049      	lsls	r1, r1, #1
10000d08:	f004 f940 	bl	10004f8c <__assert_func>
10000d0c:	fffff000 	.word	0xfffff000
10000d10:	fffff800 	.word	0xfffff800
10000d14:	10008aac 	.word	0x10008aac
10000d18:	100096a0 	.word	0x100096a0
10000d1c:	10008a38 	.word	0x10008a38

10000d20 <irq_is_enabled>:
10000d20:	2301      	movs	r3, #1
10000d22:	4083      	lsls	r3, r0
10000d24:	4a03      	ldr	r2, [pc, #12]	@ (10000d34 <irq_is_enabled+0x14>)
10000d26:	6810      	ldr	r0, [r2, #0]
10000d28:	4018      	ands	r0, r3
10000d2a:	1e43      	subs	r3, r0, #1
10000d2c:	4198      	sbcs	r0, r3
10000d2e:	b2c0      	uxtb	r0, r0
10000d30:	4770      	bx	lr
10000d32:	46c0      	nop			@ (mov r8, r8)
10000d34:	e000e100 	.word	0xe000e100

10000d38 <irq_set_mask_n_enabled>:
10000d38:	2a00      	cmp	r2, #0
10000d3a:	d005      	beq.n	10000d48 <irq_set_mask_n_enabled+0x10>
10000d3c:	4b04      	ldr	r3, [pc, #16]	@ (10000d50 <irq_set_mask_n_enabled+0x18>)
10000d3e:	22c0      	movs	r2, #192	@ 0xc0
10000d40:	0052      	lsls	r2, r2, #1
10000d42:	5099      	str	r1, [r3, r2]
10000d44:	6019      	str	r1, [r3, #0]
10000d46:	4770      	bx	lr
10000d48:	4a01      	ldr	r2, [pc, #4]	@ (10000d50 <irq_set_mask_n_enabled+0x18>)
10000d4a:	2380      	movs	r3, #128	@ 0x80
10000d4c:	50d1      	str	r1, [r2, r3]
10000d4e:	e7fa      	b.n	10000d46 <irq_set_mask_n_enabled+0xe>
10000d50:	e000e100 	.word	0xe000e100

10000d54 <irq_set_enabled>:
10000d54:	b510      	push	{r4, lr}
10000d56:	000a      	movs	r2, r1
10000d58:	231f      	movs	r3, #31
10000d5a:	4003      	ands	r3, r0
10000d5c:	2101      	movs	r1, #1
10000d5e:	4099      	lsls	r1, r3
10000d60:	0940      	lsrs	r0, r0, #5
10000d62:	f7ff ffe9 	bl	10000d38 <irq_set_mask_n_enabled>
10000d66:	bd10      	pop	{r4, pc}

10000d68 <irq_set_pending>:
10000d68:	2301      	movs	r3, #1
10000d6a:	4083      	lsls	r3, r0
10000d6c:	4a01      	ldr	r2, [pc, #4]	@ (10000d74 <irq_set_pending+0xc>)
10000d6e:	6013      	str	r3, [r2, #0]
10000d70:	4770      	bx	lr
10000d72:	46c0      	nop			@ (mov r8, r8)
10000d74:	e000e200 	.word	0xe000e200

10000d78 <irq_get_vtable_handler>:
10000d78:	4b02      	ldr	r3, [pc, #8]	@ (10000d84 <irq_get_vtable_handler+0xc>)
10000d7a:	689b      	ldr	r3, [r3, #8]
10000d7c:	3010      	adds	r0, #16
10000d7e:	0080      	lsls	r0, r0, #2
10000d80:	58c0      	ldr	r0, [r0, r3]
10000d82:	4770      	bx	lr
10000d84:	e000ed00 	.word	0xe000ed00

10000d88 <irq_has_shared_handler>:
10000d88:	b510      	push	{r4, lr}
10000d8a:	f7ff fff5 	bl	10000d78 <irq_get_vtable_handler>
10000d8e:	4b04      	ldr	r3, [pc, #16]	@ (10000da0 <irq_has_shared_handler+0x18>)
10000d90:	1ac3      	subs	r3, r0, r3
10000d92:	2000      	movs	r0, #0
10000d94:	222f      	movs	r2, #47	@ 0x2f
10000d96:	429a      	cmp	r2, r3
10000d98:	4140      	adcs	r0, r0
10000d9a:	b2c0      	uxtb	r0, r0
10000d9c:	bd10      	pop	{r4, pc}
10000d9e:	46c0      	nop			@ (mov r8, r8)
10000da0:	20000c04 	.word	0x20000c04

10000da4 <irq_set_exclusive_handler>:
10000da4:	b570      	push	{r4, r5, r6, lr}
10000da6:	0004      	movs	r4, r0
10000da8:	000d      	movs	r5, r1
10000daa:	f3ef 8610 	mrs	r6, PRIMASK
10000dae:	b672      	cpsid	i
10000db0:	4b0c      	ldr	r3, [pc, #48]	@ (10000de4 <irq_set_exclusive_handler+0x40>)
10000db2:	681b      	ldr	r3, [r3, #0]
10000db4:	2b00      	cmp	r3, #0
10000db6:	d0fb      	beq.n	10000db0 <irq_set_exclusive_handler+0xc>
10000db8:	f3bf 8f5f 	dmb	sy
10000dbc:	0020      	movs	r0, r4
10000dbe:	f7ff ffdb 	bl	10000d78 <irq_get_vtable_handler>
10000dc2:	4b09      	ldr	r3, [pc, #36]	@ (10000de8 <irq_set_exclusive_handler+0x44>)
10000dc4:	4298      	cmp	r0, r3
10000dc6:	d001      	beq.n	10000dcc <irq_set_exclusive_handler+0x28>
10000dc8:	42a8      	cmp	r0, r5
10000dca:	d105      	bne.n	10000dd8 <irq_set_exclusive_handler+0x34>
10000dcc:	0032      	movs	r2, r6
10000dce:	0029      	movs	r1, r5
10000dd0:	0020      	movs	r0, r4
10000dd2:	f7ff ff23 	bl	10000c1c <set_raw_irq_handler_and_unlock>
10000dd6:	bd70      	pop	{r4, r5, r6, pc}
10000dd8:	4b04      	ldr	r3, [pc, #16]	@ (10000dec <irq_set_exclusive_handler+0x48>)
10000dda:	4a05      	ldr	r2, [pc, #20]	@ (10000df0 <irq_set_exclusive_handler+0x4c>)
10000ddc:	4805      	ldr	r0, [pc, #20]	@ (10000df4 <irq_set_exclusive_handler+0x50>)
10000dde:	21ed      	movs	r1, #237	@ 0xed
10000de0:	f004 f8d4 	bl	10004f8c <__assert_func>
10000de4:	d0000124 	.word	0xd0000124
10000de8:	100001c1 	.word	0x100001c1
10000dec:	10008abc 	.word	0x10008abc
10000df0:	100096f8 	.word	0x100096f8
10000df4:	10008a38 	.word	0x10008a38

10000df8 <irq_add_shared_handler>:
10000df8:	b5f0      	push	{r4, r5, r6, r7, lr}
10000dfa:	46de      	mov	lr, fp
10000dfc:	4657      	mov	r7, sl
10000dfe:	464e      	mov	r6, r9
10000e00:	4645      	mov	r5, r8
10000e02:	b5e0      	push	{r5, r6, r7, lr}
10000e04:	b089      	sub	sp, #36	@ 0x24
10000e06:	4681      	mov	r9, r0
10000e08:	9101      	str	r1, [sp, #4]
10000e0a:	0015      	movs	r5, r2
10000e0c:	f3ef 8b10 	mrs	fp, PRIMASK
10000e10:	b672      	cpsid	i
10000e12:	4b6f      	ldr	r3, [pc, #444]	@ (10000fd0 <irq_add_shared_handler+0x1d8>)
10000e14:	681b      	ldr	r3, [r3, #0]
10000e16:	2b00      	cmp	r3, #0
10000e18:	d0fb      	beq.n	10000e12 <irq_add_shared_handler+0x1a>
10000e1a:	f3bf 8f5f 	dmb	sy
10000e1e:	4b6d      	ldr	r3, [pc, #436]	@ (10000fd4 <irq_add_shared_handler+0x1dc>)
10000e20:	2600      	movs	r6, #0
10000e22:	579e      	ldrsb	r6, [r3, r6]
10000e24:	2e00      	cmp	r6, #0
10000e26:	db40      	blt.n	10000eaa <irq_add_shared_handler+0xb2>
10000e28:	0074      	lsls	r4, r6, #1
10000e2a:	19a4      	adds	r4, r4, r6
10000e2c:	00a4      	lsls	r4, r4, #2
10000e2e:	486a      	ldr	r0, [pc, #424]	@ (10000fd8 <irq_add_shared_handler+0x1e0>)
10000e30:	1824      	adds	r4, r4, r0
10000e32:	2206      	movs	r2, #6
10000e34:	56a2      	ldrsb	r2, [r4, r2]
10000e36:	4b67      	ldr	r3, [pc, #412]	@ (10000fd4 <irq_add_shared_handler+0x1dc>)
10000e38:	701a      	strb	r2, [r3, #0]
10000e3a:	4b68      	ldr	r3, [pc, #416]	@ (10000fdc <irq_add_shared_handler+0x1e4>)
10000e3c:	689a      	ldr	r2, [r3, #8]
10000e3e:	464b      	mov	r3, r9
10000e40:	3310      	adds	r3, #16
10000e42:	009b      	lsls	r3, r3, #2
10000e44:	58d3      	ldr	r3, [r2, r3]
10000e46:	4698      	mov	r8, r3
10000e48:	1a1b      	subs	r3, r3, r0
10000e4a:	2b2f      	cmp	r3, #47	@ 0x2f
10000e4c:	d93b      	bls.n	10000ec6 <irq_add_shared_handler+0xce>
10000e4e:	4b64      	ldr	r3, [pc, #400]	@ (10000fe0 <irq_add_shared_handler+0x1e8>)
10000e50:	4598      	cmp	r8, r3
10000e52:	d131      	bne.n	10000eb8 <irq_add_shared_handler+0xc0>
10000e54:	af05      	add	r7, sp, #20
10000e56:	4b63      	ldr	r3, [pc, #396]	@ (10000fe4 <irq_add_shared_handler+0x1ec>)
10000e58:	803b      	strh	r3, [r7, #0]
10000e5a:	4963      	ldr	r1, [pc, #396]	@ (10000fe8 <irq_add_shared_handler+0x1f0>)
10000e5c:	0073      	lsls	r3, r6, #1
10000e5e:	469a      	mov	sl, r3
10000e60:	1998      	adds	r0, r3, r6
10000e62:	0080      	lsls	r0, r0, #2
10000e64:	4b5c      	ldr	r3, [pc, #368]	@ (10000fd8 <irq_add_shared_handler+0x1e0>)
10000e66:	4698      	mov	r8, r3
10000e68:	4440      	add	r0, r8
10000e6a:	3002      	adds	r0, #2
10000e6c:	f7ff ff14 	bl	10000c98 <make_j_16>
10000e70:	8078      	strh	r0, [r7, #2]
10000e72:	4b5e      	ldr	r3, [pc, #376]	@ (10000fec <irq_add_shared_handler+0x1f4>)
10000e74:	80bb      	strh	r3, [r7, #4]
10000e76:	23ff      	movs	r3, #255	@ 0xff
10000e78:	71bb      	strb	r3, [r7, #6]
10000e7a:	71fd      	strb	r5, [r7, #7]
10000e7c:	9b01      	ldr	r3, [sp, #4]
10000e7e:	9307      	str	r3, [sp, #28]
10000e80:	0033      	movs	r3, r6
10000e82:	4453      	add	r3, sl
10000e84:	009b      	lsls	r3, r3, #2
10000e86:	4443      	add	r3, r8
10000e88:	cf07      	ldmia	r7!, {r0, r1, r2}
10000e8a:	c307      	stmia	r3!, {r0, r1, r2}
10000e8c:	2301      	movs	r3, #1
10000e8e:	431c      	orrs	r4, r3
10000e90:	46a0      	mov	r8, r4
10000e92:	465a      	mov	r2, fp
10000e94:	4641      	mov	r1, r8
10000e96:	4648      	mov	r0, r9
10000e98:	f7ff fec0 	bl	10000c1c <set_raw_irq_handler_and_unlock>
10000e9c:	b009      	add	sp, #36	@ 0x24
10000e9e:	bcf0      	pop	{r4, r5, r6, r7}
10000ea0:	46bb      	mov	fp, r7
10000ea2:	46b2      	mov	sl, r6
10000ea4:	46a9      	mov	r9, r5
10000ea6:	46a0      	mov	r8, r4
10000ea8:	bdf0      	pop	{r4, r5, r6, r7, pc}
10000eaa:	4b51      	ldr	r3, [pc, #324]	@ (10000ff0 <irq_add_shared_handler+0x1f8>)
10000eac:	4a51      	ldr	r2, [pc, #324]	@ (10000ff4 <irq_add_shared_handler+0x1fc>)
10000eae:	21be      	movs	r1, #190	@ 0xbe
10000eb0:	4851      	ldr	r0, [pc, #324]	@ (10000ff8 <irq_add_shared_handler+0x200>)
10000eb2:	0049      	lsls	r1, r1, #1
10000eb4:	f004 f86a 	bl	10004f8c <__assert_func>
10000eb8:	4b50      	ldr	r3, [pc, #320]	@ (10000ffc <irq_add_shared_handler+0x204>)
10000eba:	4a4e      	ldr	r2, [pc, #312]	@ (10000ff4 <irq_add_shared_handler+0x1fc>)
10000ebc:	2184      	movs	r1, #132	@ 0x84
10000ebe:	484e      	ldr	r0, [pc, #312]	@ (10000ff8 <irq_add_shared_handler+0x200>)
10000ec0:	31ff      	adds	r1, #255	@ 0xff
10000ec2:	f004 f863 	bl	10004f8c <__assert_func>
10000ec6:	2301      	movs	r3, #1
10000ec8:	4642      	mov	r2, r8
10000eca:	439a      	bics	r2, r3
10000ecc:	4692      	mov	sl, r2
10000ece:	1a10      	subs	r0, r2, r0
10000ed0:	210c      	movs	r1, #12
10000ed2:	f001 fa75 	bl	100023c0 <__wrap___aeabi_uidiv>
10000ed6:	2900      	cmp	r1, #0
10000ed8:	d10f      	bne.n	10000efa <irq_add_shared_handler+0x102>
10000eda:	4653      	mov	r3, sl
10000edc:	2700      	movs	r7, #0
10000ede:	79da      	ldrb	r2, [r3, #7]
10000ee0:	42aa      	cmp	r2, r5
10000ee2:	d912      	bls.n	10000f0a <irq_add_shared_handler+0x112>
10000ee4:	2106      	movs	r1, #6
10000ee6:	5659      	ldrsb	r1, [r3, r1]
10000ee8:	2900      	cmp	r1, #0
10000eea:	db0d      	blt.n	10000f08 <irq_add_shared_handler+0x110>
10000eec:	004a      	lsls	r2, r1, #1
10000eee:	1852      	adds	r2, r2, r1
10000ef0:	0092      	lsls	r2, r2, #2
10000ef2:	4939      	ldr	r1, [pc, #228]	@ (10000fd8 <irq_add_shared_handler+0x1e0>)
10000ef4:	001f      	movs	r7, r3
10000ef6:	188b      	adds	r3, r1, r2
10000ef8:	e7f1      	b.n	10000ede <irq_add_shared_handler+0xe6>
10000efa:	4b41      	ldr	r3, [pc, #260]	@ (10001000 <irq_add_shared_handler+0x208>)
10000efc:	4a3d      	ldr	r2, [pc, #244]	@ (10000ff4 <irq_add_shared_handler+0x1fc>)
10000efe:	21ca      	movs	r1, #202	@ 0xca
10000f00:	483d      	ldr	r0, [pc, #244]	@ (10000ff8 <irq_add_shared_handler+0x200>)
10000f02:	0049      	lsls	r1, r1, #1
10000f04:	f004 f842 	bl	10004f8c <__assert_func>
10000f08:	001f      	movs	r7, r3
10000f0a:	2f00      	cmp	r7, #0
10000f0c:	d02e      	beq.n	10000f6c <irq_add_shared_handler+0x174>
10000f0e:	ab05      	add	r3, sp, #20
10000f10:	4a3c      	ldr	r2, [pc, #240]	@ (10001004 <irq_add_shared_handler+0x20c>)
10000f12:	801a      	strh	r2, [r3, #0]
10000f14:	3a81      	subs	r2, #129	@ 0x81
10000f16:	805a      	strh	r2, [r3, #2]
10000f18:	2306      	movs	r3, #6
10000f1a:	56fb      	ldrsb	r3, [r7, r3]
10000f1c:	9302      	str	r3, [sp, #8]
10000f1e:	2b00      	cmp	r3, #0
10000f20:	da17      	bge.n	10000f52 <irq_add_shared_handler+0x15a>
10000f22:	4839      	ldr	r0, [pc, #228]	@ (10001008 <irq_add_shared_handler+0x210>)
10000f24:	ab05      	add	r3, sp, #20
10000f26:	469a      	mov	sl, r3
10000f28:	8098      	strh	r0, [r3, #4]
10000f2a:	9a02      	ldr	r2, [sp, #8]
10000f2c:	719a      	strb	r2, [r3, #6]
10000f2e:	71dd      	strb	r5, [r3, #7]
10000f30:	9a01      	ldr	r2, [sp, #4]
10000f32:	9207      	str	r2, [sp, #28]
10000f34:	1d38      	adds	r0, r7, #4
10000f36:	0021      	movs	r1, r4
10000f38:	f7ff feae 	bl	10000c98 <make_j_16>
10000f3c:	80b8      	strh	r0, [r7, #4]
10000f3e:	71be      	strb	r6, [r7, #6]
10000f40:	4b25      	ldr	r3, [pc, #148]	@ (10000fd8 <irq_add_shared_handler+0x1e0>)
10000f42:	0072      	lsls	r2, r6, #1
10000f44:	1992      	adds	r2, r2, r6
10000f46:	0092      	lsls	r2, r2, #2
10000f48:	189b      	adds	r3, r3, r2
10000f4a:	4652      	mov	r2, sl
10000f4c:	ca13      	ldmia	r2!, {r0, r1, r4}
10000f4e:	c313      	stmia	r3!, {r0, r1, r4}
10000f50:	e79f      	b.n	10000e92 <irq_add_shared_handler+0x9a>
10000f52:	1d38      	adds	r0, r7, #4
10000f54:	f7ff fe88 	bl	10000c68 <resolve_j_16>
10000f58:	0001      	movs	r1, r0
10000f5a:	0070      	lsls	r0, r6, #1
10000f5c:	1980      	adds	r0, r0, r6
10000f5e:	0080      	lsls	r0, r0, #2
10000f60:	4b1d      	ldr	r3, [pc, #116]	@ (10000fd8 <irq_add_shared_handler+0x1e0>)
10000f62:	18c0      	adds	r0, r0, r3
10000f64:	3004      	adds	r0, #4
10000f66:	f7ff fe97 	bl	10000c98 <make_j_16>
10000f6a:	e7db      	b.n	10000f24 <irq_add_shared_handler+0x12c>
10000f6c:	af05      	add	r7, sp, #20
10000f6e:	4b1d      	ldr	r3, [pc, #116]	@ (10000fe4 <irq_add_shared_handler+0x1ec>)
10000f70:	803b      	strh	r3, [r7, #0]
10000f72:	491d      	ldr	r1, [pc, #116]	@ (10000fe8 <irq_add_shared_handler+0x1f0>)
10000f74:	0073      	lsls	r3, r6, #1
10000f76:	9302      	str	r3, [sp, #8]
10000f78:	199b      	adds	r3, r3, r6
10000f7a:	009b      	lsls	r3, r3, #2
10000f7c:	4a16      	ldr	r2, [pc, #88]	@ (10000fd8 <irq_add_shared_handler+0x1e0>)
10000f7e:	4690      	mov	r8, r2
10000f80:	001a      	movs	r2, r3
10000f82:	4442      	add	r2, r8
10000f84:	9203      	str	r2, [sp, #12]
10000f86:	1c90      	adds	r0, r2, #2
10000f88:	f7ff fe86 	bl	10000c98 <make_j_16>
10000f8c:	8078      	strh	r0, [r7, #2]
10000f8e:	9a03      	ldr	r2, [sp, #12]
10000f90:	1d10      	adds	r0, r2, #4
10000f92:	4651      	mov	r1, sl
10000f94:	f7ff fe80 	bl	10000c98 <make_j_16>
10000f98:	80b8      	strh	r0, [r7, #4]
10000f9a:	4b1c      	ldr	r3, [pc, #112]	@ (1000100c <irq_add_shared_handler+0x214>)
10000f9c:	4652      	mov	r2, sl
10000f9e:	4641      	mov	r1, r8
10000fa0:	1a52      	subs	r2, r2, r1
10000fa2:	4152      	adcs	r2, r2
10000fa4:	4353      	muls	r3, r2
10000fa6:	0d1b      	lsrs	r3, r3, #20
10000fa8:	71bb      	strb	r3, [r7, #6]
10000faa:	71fd      	strb	r5, [r7, #7]
10000fac:	9a01      	ldr	r2, [sp, #4]
10000fae:	9207      	str	r2, [sp, #28]
10000fb0:	9b02      	ldr	r3, [sp, #8]
10000fb2:	199b      	adds	r3, r3, r6
10000fb4:	009b      	lsls	r3, r3, #2
10000fb6:	4443      	add	r3, r8
10000fb8:	cf07      	ldmia	r7!, {r0, r1, r2}
10000fba:	c307      	stmia	r3!, {r0, r1, r2}
10000fbc:	4b11      	ldr	r3, [pc, #68]	@ (10001004 <irq_add_shared_handler+0x20c>)
10000fbe:	4652      	mov	r2, sl
10000fc0:	8013      	strh	r3, [r2, #0]
10000fc2:	3b81      	subs	r3, #129	@ 0x81
10000fc4:	8053      	strh	r3, [r2, #2]
10000fc6:	2301      	movs	r3, #1
10000fc8:	431c      	orrs	r4, r3
10000fca:	46a0      	mov	r8, r4
10000fcc:	e761      	b.n	10000e92 <irq_add_shared_handler+0x9a>
10000fce:	46c0      	nop			@ (mov r8, r8)
10000fd0:	d0000124 	.word	0xd0000124
10000fd4:	20001d96 	.word	0x20001d96
10000fd8:	20000c04 	.word	0x20000c04
10000fdc:	e000ed00 	.word	0xe000ed00
10000fe0:	100001c1 	.word	0x100001c1
10000fe4:	ffffa100 	.word	0xffffa100
10000fe8:	20000c34 	.word	0x20000c34
10000fec:	ffffbd01 	.word	0xffffbd01
10000ff0:	10008af4 	.word	0x10008af4
10000ff4:	100096e0 	.word	0x100096e0
10000ff8:	10008a38 	.word	0x10008a38
10000ffc:	10008b1c 	.word	0x10008b1c
10001000:	10008b44 	.word	0x10008b44
10001004:	00004801 	.word	0x00004801
10001008:	0000bd01 	.word	0x0000bd01
1000100c:	0000aaaa 	.word	0x0000aaaa

10001010 <irq_remove_handler>:
10001010:	b5f0      	push	{r4, r5, r6, r7, lr}
10001012:	46ce      	mov	lr, r9
10001014:	4647      	mov	r7, r8
10001016:	b580      	push	{r7, lr}
10001018:	b083      	sub	sp, #12
1000101a:	0006      	movs	r6, r0
1000101c:	000d      	movs	r5, r1
1000101e:	f3ef 8810 	mrs	r8, PRIMASK
10001022:	b672      	cpsid	i
10001024:	4b4f      	ldr	r3, [pc, #316]	@ (10001164 <irq_remove_handler+0x154>)
10001026:	681b      	ldr	r3, [r3, #0]
10001028:	2b00      	cmp	r3, #0
1000102a:	d0fb      	beq.n	10001024 <irq_remove_handler+0x14>
1000102c:	f3bf 8f5f 	dmb	sy
10001030:	4b4d      	ldr	r3, [pc, #308]	@ (10001168 <irq_remove_handler+0x158>)
10001032:	689a      	ldr	r2, [r3, #8]
10001034:	0034      	movs	r4, r6
10001036:	3410      	adds	r4, #16
10001038:	00a3      	lsls	r3, r4, #2
1000103a:	58d7      	ldr	r7, [r2, r3]
1000103c:	4b4b      	ldr	r3, [pc, #300]	@ (1000116c <irq_remove_handler+0x15c>)
1000103e:	429f      	cmp	r7, r3
10001040:	d007      	beq.n	10001052 <irq_remove_handler+0x42>
10001042:	42af      	cmp	r7, r5
10001044:	d100      	bne.n	10001048 <irq_remove_handler+0x38>
10001046:	e08a      	b.n	1000115e <irq_remove_handler+0x14e>
10001048:	9701      	str	r7, [sp, #4]
1000104a:	4b49      	ldr	r3, [pc, #292]	@ (10001170 <irq_remove_handler+0x160>)
1000104c:	1afb      	subs	r3, r7, r3
1000104e:	2b2f      	cmp	r3, #47	@ 0x2f
10001050:	d909      	bls.n	10001066 <irq_remove_handler+0x56>
10001052:	4642      	mov	r2, r8
10001054:	0039      	movs	r1, r7
10001056:	0030      	movs	r0, r6
10001058:	f7ff fde0 	bl	10000c1c <set_raw_irq_handler_and_unlock>
1000105c:	b003      	add	sp, #12
1000105e:	bcc0      	pop	{r6, r7}
10001060:	46b9      	mov	r9, r7
10001062:	46b0      	mov	r8, r6
10001064:	bdf0      	pop	{r4, r5, r6, r7, pc}
10001066:	0030      	movs	r0, r6
10001068:	f7ff fe5a 	bl	10000d20 <irq_is_enabled>
1000106c:	4681      	mov	r9, r0
1000106e:	2100      	movs	r1, #0
10001070:	0030      	movs	r0, r6
10001072:	f7ff fe6f 	bl	10000d54 <irq_set_enabled>
10001076:	f3bf 8f5f 	dmb	sy
1000107a:	f3ef 8105 	mrs	r1, IPSR
1000107e:	2900      	cmp	r1, #0
10001080:	d001      	beq.n	10001086 <irq_remove_handler+0x76>
10001082:	428c      	cmp	r4, r1
10001084:	d111      	bne.n	100010aa <irq_remove_handler+0x9a>
10001086:	2301      	movs	r3, #1
10001088:	9c01      	ldr	r4, [sp, #4]
1000108a:	439c      	bics	r4, r3
1000108c:	2000      	movs	r0, #0
1000108e:	68a3      	ldr	r3, [r4, #8]
10001090:	429d      	cmp	r5, r3
10001092:	d011      	beq.n	100010b8 <irq_remove_handler+0xa8>
10001094:	2206      	movs	r2, #6
10001096:	56a2      	ldrsb	r2, [r4, r2]
10001098:	2a00      	cmp	r2, #0
1000109a:	db0c      	blt.n	100010b6 <irq_remove_handler+0xa6>
1000109c:	0053      	lsls	r3, r2, #1
1000109e:	189b      	adds	r3, r3, r2
100010a0:	009b      	lsls	r3, r3, #2
100010a2:	4a33      	ldr	r2, [pc, #204]	@ (10001170 <irq_remove_handler+0x160>)
100010a4:	0020      	movs	r0, r4
100010a6:	18d4      	adds	r4, r2, r3
100010a8:	e7f1      	b.n	1000108e <irq_remove_handler+0x7e>
100010aa:	4b32      	ldr	r3, [pc, #200]	@ (10001174 <irq_remove_handler+0x164>)
100010ac:	4a32      	ldr	r2, [pc, #200]	@ (10001178 <irq_remove_handler+0x168>)
100010ae:	4833      	ldr	r0, [pc, #204]	@ (1000117c <irq_remove_handler+0x16c>)
100010b0:	4933      	ldr	r1, [pc, #204]	@ (10001180 <irq_remove_handler+0x170>)
100010b2:	f003 ff6b 	bl	10004f8c <__assert_func>
100010b6:	0020      	movs	r0, r4
100010b8:	429d      	cmp	r5, r3
100010ba:	d149      	bne.n	10001150 <irq_remove_handler+0x140>
100010bc:	2506      	movs	r5, #6
100010be:	5765      	ldrsb	r5, [r4, r5]
100010c0:	2d00      	cmp	r5, #0
100010c2:	db2b      	blt.n	1000111c <irq_remove_handler+0x10c>
100010c4:	4b2a      	ldr	r3, [pc, #168]	@ (10001170 <irq_remove_handler+0x160>)
100010c6:	006a      	lsls	r2, r5, #1
100010c8:	1952      	adds	r2, r2, r5
100010ca:	0092      	lsls	r2, r2, #2
100010cc:	189b      	adds	r3, r3, r2
100010ce:	689a      	ldr	r2, [r3, #8]
100010d0:	60a2      	str	r2, [r4, #8]
100010d2:	79da      	ldrb	r2, [r3, #7]
100010d4:	71e2      	strb	r2, [r4, #7]
100010d6:	799b      	ldrb	r3, [r3, #6]
100010d8:	b25b      	sxtb	r3, r3
100010da:	71a3      	strb	r3, [r4, #6]
100010dc:	2b00      	cmp	r3, #0
100010de:	da0f      	bge.n	10001100 <irq_remove_handler+0xf0>
100010e0:	4828      	ldr	r0, [pc, #160]	@ (10001184 <irq_remove_handler+0x174>)
100010e2:	80a0      	strh	r0, [r4, #4]
100010e4:	4b22      	ldr	r3, [pc, #136]	@ (10001170 <irq_remove_handler+0x160>)
100010e6:	006a      	lsls	r2, r5, #1
100010e8:	1952      	adds	r2, r2, r5
100010ea:	0092      	lsls	r2, r2, #2
100010ec:	189b      	adds	r3, r3, r2
100010ee:	4a26      	ldr	r2, [pc, #152]	@ (10001188 <irq_remove_handler+0x178>)
100010f0:	7811      	ldrb	r1, [r2, #0]
100010f2:	7199      	strb	r1, [r3, #6]
100010f4:	7015      	strb	r5, [r2, #0]
100010f6:	4649      	mov	r1, r9
100010f8:	0030      	movs	r0, r6
100010fa:	f7ff fe2b 	bl	10000d54 <irq_set_enabled>
100010fe:	e7a8      	b.n	10001052 <irq_remove_handler+0x42>
10001100:	0068      	lsls	r0, r5, #1
10001102:	1940      	adds	r0, r0, r5
10001104:	0080      	lsls	r0, r0, #2
10001106:	4b1a      	ldr	r3, [pc, #104]	@ (10001170 <irq_remove_handler+0x160>)
10001108:	18c0      	adds	r0, r0, r3
1000110a:	3004      	adds	r0, #4
1000110c:	f7ff fdac 	bl	10000c68 <resolve_j_16>
10001110:	0001      	movs	r1, r0
10001112:	1d23      	adds	r3, r4, #4
10001114:	0018      	movs	r0, r3
10001116:	f7ff fdbf 	bl	10000c98 <make_j_16>
1000111a:	e7e2      	b.n	100010e2 <irq_remove_handler+0xd2>
1000111c:	2900      	cmp	r1, #0
1000111e:	d112      	bne.n	10001146 <irq_remove_handler+0x136>
10001120:	2800      	cmp	r0, #0
10001122:	d00e      	beq.n	10001142 <irq_remove_handler+0x132>
10001124:	23ff      	movs	r3, #255	@ 0xff
10001126:	7183      	strb	r3, [r0, #6]
10001128:	4b18      	ldr	r3, [pc, #96]	@ (1000118c <irq_remove_handler+0x17c>)
1000112a:	8083      	strh	r3, [r0, #4]
1000112c:	4916      	ldr	r1, [pc, #88]	@ (10001188 <irq_remove_handler+0x178>)
1000112e:	780b      	ldrb	r3, [r1, #0]
10001130:	71a3      	strb	r3, [r4, #6]
10001132:	4a0f      	ldr	r2, [pc, #60]	@ (10001170 <irq_remove_handler+0x160>)
10001134:	4b16      	ldr	r3, [pc, #88]	@ (10001190 <irq_remove_handler+0x180>)
10001136:	1aa4      	subs	r4, r4, r2
10001138:	4164      	adcs	r4, r4
1000113a:	4363      	muls	r3, r4
1000113c:	0d1b      	lsrs	r3, r3, #20
1000113e:	700b      	strb	r3, [r1, #0]
10001140:	e7d9      	b.n	100010f6 <irq_remove_handler+0xe6>
10001142:	4f0a      	ldr	r7, [pc, #40]	@ (1000116c <irq_remove_handler+0x15c>)
10001144:	e7f2      	b.n	1000112c <irq_remove_handler+0x11c>
10001146:	4913      	ldr	r1, [pc, #76]	@ (10001194 <irq_remove_handler+0x184>)
10001148:	1d20      	adds	r0, r4, #4
1000114a:	f7ff fdc9 	bl	10000ce0 <insert_bl_32>
1000114e:	e7d2      	b.n	100010f6 <irq_remove_handler+0xe6>
10001150:	4b11      	ldr	r3, [pc, #68]	@ (10001198 <irq_remove_handler+0x188>)
10001152:	4a09      	ldr	r2, [pc, #36]	@ (10001178 <irq_remove_handler+0x168>)
10001154:	2191      	movs	r1, #145	@ 0x91
10001156:	4809      	ldr	r0, [pc, #36]	@ (1000117c <irq_remove_handler+0x16c>)
10001158:	0089      	lsls	r1, r1, #2
1000115a:	f003 ff17 	bl	10004f8c <__assert_func>
1000115e:	4f03      	ldr	r7, [pc, #12]	@ (1000116c <irq_remove_handler+0x15c>)
10001160:	e777      	b.n	10001052 <irq_remove_handler+0x42>
10001162:	46c0      	nop			@ (mov r8, r8)
10001164:	d0000124 	.word	0xd0000124
10001168:	e000ed00 	.word	0xe000ed00
1000116c:	100001c1 	.word	0x100001c1
10001170:	20000c04 	.word	0x20000c04
10001174:	10008bc8 	.word	0x10008bc8
10001178:	100096b0 	.word	0x100096b0
1000117c:	10008a38 	.word	0x10008a38
10001180:	00000202 	.word	0x00000202
10001184:	0000bd01 	.word	0x0000bd01
10001188:	20001d96 	.word	0x20001d96
1000118c:	ffffbd01 	.word	0xffffbd01
10001190:	0000aaaa 	.word	0x0000aaaa
10001194:	20000c3e 	.word	0x20000c3e
10001198:	10008bfc 	.word	0x10008bfc

1000119c <irq_add_tail_to_free_list>:
1000119c:	b5f8      	push	{r3, r4, r5, r6, r7, lr}
1000119e:	2201      	movs	r2, #1
100011a0:	4302      	orrs	r2, r0
100011a2:	4b2c      	ldr	r3, [pc, #176]	@ (10001254 <irq_add_tail_to_free_list+0xb8>)
100011a4:	1ad3      	subs	r3, r2, r3
100011a6:	2b2f      	cmp	r3, #47	@ 0x2f
100011a8:	d828      	bhi.n	100011fc <irq_add_tail_to_free_list+0x60>
100011aa:	f3ef 8305 	mrs	r3, IPSR
100011ae:	2b00      	cmp	r3, #0
100011b0:	d02a      	beq.n	10001208 <irq_add_tail_to_free_list+0x6c>
100011b2:	f3ef 8410 	mrs	r4, PRIMASK
100011b6:	b672      	cpsid	i
100011b8:	4927      	ldr	r1, [pc, #156]	@ (10001258 <irq_add_tail_to_free_list+0xbc>)
100011ba:	6809      	ldr	r1, [r1, #0]
100011bc:	2900      	cmp	r1, #0
100011be:	d0fb      	beq.n	100011b8 <irq_add_tail_to_free_list+0x1c>
100011c0:	f3bf 8f5f 	dmb	sy
100011c4:	4d23      	ldr	r5, [pc, #140]	@ (10001254 <irq_add_tail_to_free_list+0xb8>)
100011c6:	4925      	ldr	r1, [pc, #148]	@ (1000125c <irq_add_tail_to_free_list+0xc0>)
100011c8:	0006      	movs	r6, r0
100011ca:	1b76      	subs	r6, r6, r5
100011cc:	4176      	adcs	r6, r6
100011ce:	4371      	muls	r1, r6
100011d0:	0d09      	lsrs	r1, r1, #20
100011d2:	b24d      	sxtb	r5, r1
100011d4:	4922      	ldr	r1, [pc, #136]	@ (10001260 <irq_add_tail_to_free_list+0xc4>)
100011d6:	6889      	ldr	r1, [r1, #8]
100011d8:	009b      	lsls	r3, r3, #2
100011da:	58c9      	ldr	r1, [r1, r3]
100011dc:	4291      	cmp	r1, r2
100011de:	d019      	beq.n	10001214 <irq_add_tail_to_free_list+0x78>
100011e0:	2100      	movs	r1, #0
100011e2:	2903      	cmp	r1, #3
100011e4:	d830      	bhi.n	10001248 <irq_add_tail_to_free_list+0xac>
100011e6:	4b1b      	ldr	r3, [pc, #108]	@ (10001254 <irq_add_tail_to_free_list+0xb8>)
100011e8:	004a      	lsls	r2, r1, #1
100011ea:	1852      	adds	r2, r2, r1
100011ec:	0092      	lsls	r2, r2, #2
100011ee:	189b      	adds	r3, r3, r2
100011f0:	799b      	ldrb	r3, [r3, #6]
100011f2:	b25b      	sxtb	r3, r3
100011f4:	42ab      	cmp	r3, r5
100011f6:	d01d      	beq.n	10001234 <irq_add_tail_to_free_list+0x98>
100011f8:	3101      	adds	r1, #1
100011fa:	e7f2      	b.n	100011e2 <irq_add_tail_to_free_list+0x46>
100011fc:	4b19      	ldr	r3, [pc, #100]	@ (10001264 <irq_add_tail_to_free_list+0xc8>)
100011fe:	4a1a      	ldr	r2, [pc, #104]	@ (10001268 <irq_add_tail_to_free_list+0xcc>)
10001200:	481a      	ldr	r0, [pc, #104]	@ (1000126c <irq_add_tail_to_free_list+0xd0>)
10001202:	491b      	ldr	r1, [pc, #108]	@ (10001270 <irq_add_tail_to_free_list+0xd4>)
10001204:	f003 fec2 	bl	10004f8c <__assert_func>
10001208:	4b1a      	ldr	r3, [pc, #104]	@ (10001274 <irq_add_tail_to_free_list+0xd8>)
1000120a:	4a17      	ldr	r2, [pc, #92]	@ (10001268 <irq_add_tail_to_free_list+0xcc>)
1000120c:	4817      	ldr	r0, [pc, #92]	@ (1000126c <irq_add_tail_to_free_list+0xd0>)
1000120e:	491a      	ldr	r1, [pc, #104]	@ (10001278 <irq_add_tail_to_free_list+0xdc>)
10001210:	f003 febc 	bl	10004f8c <__assert_func>
10001214:	4a12      	ldr	r2, [pc, #72]	@ (10001260 <irq_add_tail_to_free_list+0xc4>)
10001216:	6892      	ldr	r2, [r2, #8]
10001218:	4918      	ldr	r1, [pc, #96]	@ (1000127c <irq_add_tail_to_free_list+0xe0>)
1000121a:	50d1      	str	r1, [r2, r3]
1000121c:	4b18      	ldr	r3, [pc, #96]	@ (10001280 <irq_add_tail_to_free_list+0xe4>)
1000121e:	781a      	ldrb	r2, [r3, #0]
10001220:	7182      	strb	r2, [r0, #6]
10001222:	701d      	strb	r5, [r3, #0]
10001224:	f3bf 8f5f 	dmb	sy
10001228:	4b0b      	ldr	r3, [pc, #44]	@ (10001258 <irq_add_tail_to_free_list+0xbc>)
1000122a:	2200      	movs	r2, #0
1000122c:	601a      	str	r2, [r3, #0]
1000122e:	f384 8810 	msr	PRIMASK, r4
10001232:	bdf8      	pop	{r3, r4, r5, r6, r7, pc}
10001234:	4b07      	ldr	r3, [pc, #28]	@ (10001254 <irq_add_tail_to_free_list+0xb8>)
10001236:	004a      	lsls	r2, r1, #1
10001238:	1856      	adds	r6, r2, r1
1000123a:	00b6      	lsls	r6, r6, #2
1000123c:	199e      	adds	r6, r3, r6
1000123e:	27ff      	movs	r7, #255	@ 0xff
10001240:	71b7      	strb	r7, [r6, #6]
10001242:	4a10      	ldr	r2, [pc, #64]	@ (10001284 <irq_add_tail_to_free_list+0xe8>)
10001244:	80b2      	strh	r2, [r6, #4]
10001246:	e7e9      	b.n	1000121c <irq_add_tail_to_free_list+0x80>
10001248:	4b0f      	ldr	r3, [pc, #60]	@ (10001288 <irq_add_tail_to_free_list+0xec>)
1000124a:	4a07      	ldr	r2, [pc, #28]	@ (10001268 <irq_add_tail_to_free_list+0xcc>)
1000124c:	4807      	ldr	r0, [pc, #28]	@ (1000126c <irq_add_tail_to_free_list+0xd0>)
1000124e:	490f      	ldr	r1, [pc, #60]	@ (1000128c <irq_add_tail_to_free_list+0xf0>)
10001250:	f003 fe9c 	bl	10004f8c <__assert_func>
10001254:	20000c04 	.word	0x20000c04
10001258:	d0000124 	.word	0xd0000124
1000125c:	0000aaaa 	.word	0x0000aaaa
10001260:	e000ed00 	.word	0xe000ed00
10001264:	10008c04 	.word	0x10008c04
10001268:	10009684 	.word	0x10009684
1000126c:	10008a38 	.word	0x10008a38
10001270:	0000027f 	.word	0x0000027f
10001274:	10008c2c 	.word	0x10008c2c
10001278:	00000282 	.word	0x00000282
1000127c:	100001c1 	.word	0x100001c1
10001280:	20001d96 	.word	0x20001d96
10001284:	ffffbd01 	.word	0xffffbd01
10001288:	10008c38 	.word	0x10008c38
1000128c:	00000293 	.word	0x00000293

10001290 <user_irq_claim_unused>:
10001290:	b510      	push	{r4, lr}
10001292:	b082      	sub	sp, #8
10001294:	0001      	movs	r1, r0
10001296:	4c07      	ldr	r4, [pc, #28]	@ (100012b4 <user_irq_claim_unused+0x24>)
10001298:	4b07      	ldr	r3, [pc, #28]	@ (100012b8 <user_irq_claim_unused+0x28>)
1000129a:	9300      	str	r3, [sp, #0]
1000129c:	2305      	movs	r3, #5
1000129e:	2200      	movs	r2, #0
100012a0:	0020      	movs	r0, r4
100012a2:	f7ff fc62 	bl	10000b6a <hw_claim_unused_from_range>
100012a6:	2800      	cmp	r0, #0
100012a8:	db01      	blt.n	100012ae <user_irq_claim_unused+0x1e>
100012aa:	231f      	movs	r3, #31
100012ac:	1a18      	subs	r0, r3, r0
100012ae:	b002      	add	sp, #8
100012b0:	bd10      	pop	{r4, pc}
100012b2:	46c0      	nop			@ (mov r8, r8)
100012b4:	20001d9a 	.word	0x20001d9a
100012b8:	10008c40 	.word	0x10008c40

100012bc <lock_init>:
100012bc:	4b02      	ldr	r3, [pc, #8]	@ (100012c8 <lock_init+0xc>)
100012be:	469c      	mov	ip, r3
100012c0:	4461      	add	r1, ip
100012c2:	0089      	lsls	r1, r1, #2
100012c4:	6001      	str	r1, [r0, #0]
100012c6:	4770      	bx	lr
100012c8:	34000040 	.word	0x34000040

100012cc <mutex_init>:
100012cc:	b510      	push	{r4, lr}
100012ce:	0004      	movs	r4, r0
100012d0:	f7ff fc74 	bl	10000bbc <next_striped_spin_lock_num>
100012d4:	0001      	movs	r1, r0
100012d6:	0020      	movs	r0, r4
100012d8:	f7ff fff0 	bl	100012bc <lock_init>
100012dc:	23ff      	movs	r3, #255	@ 0xff
100012de:	7123      	strb	r3, [r4, #4]
100012e0:	f3bf 8f5f 	dmb	sy
100012e4:	bd10      	pop	{r4, pc}

100012e6 <recursive_mutex_init>:
100012e6:	b510      	push	{r4, lr}
100012e8:	0004      	movs	r4, r0
100012ea:	f7ff fc67 	bl	10000bbc <next_striped_spin_lock_num>
100012ee:	0001      	movs	r1, r0
100012f0:	0020      	movs	r0, r4
100012f2:	f7ff ffe3 	bl	100012bc <lock_init>
100012f6:	23ff      	movs	r3, #255	@ 0xff
100012f8:	7123      	strb	r3, [r4, #4]
100012fa:	2300      	movs	r3, #0
100012fc:	7163      	strb	r3, [r4, #5]
100012fe:	f3bf 8f5f 	dmb	sy
10001302:	bd10      	pop	{r4, pc}

10001304 <runtime_init_mutex>:
10001304:	b510      	push	{r4, lr}
10001306:	4c0d      	ldr	r4, [pc, #52]	@ (1000133c <runtime_init_mutex+0x38>)
10001308:	e009      	b.n	1000131e <runtime_init_mutex+0x1a>
1000130a:	4b0d      	ldr	r3, [pc, #52]	@ (10001340 <runtime_init_mutex+0x3c>)
1000130c:	4a0d      	ldr	r2, [pc, #52]	@ (10001344 <runtime_init_mutex+0x40>)
1000130e:	480e      	ldr	r0, [pc, #56]	@ (10001348 <runtime_init_mutex+0x44>)
10001310:	211a      	movs	r1, #26
10001312:	f003 fe3b 	bl	10004f8c <__assert_func>
10001316:	0020      	movs	r0, r4
10001318:	f7ff ffd8 	bl	100012cc <mutex_init>
1000131c:	3408      	adds	r4, #8
1000131e:	4b0b      	ldr	r3, [pc, #44]	@ (1000134c <runtime_init_mutex+0x48>)
10001320:	429c      	cmp	r4, r3
10001322:	d209      	bcs.n	10001338 <runtime_init_mutex+0x34>
10001324:	6823      	ldr	r3, [r4, #0]
10001326:	2b00      	cmp	r3, #0
10001328:	d0f5      	beq.n	10001316 <runtime_init_mutex+0x12>
1000132a:	2b01      	cmp	r3, #1
1000132c:	d1ed      	bne.n	1000130a <runtime_init_mutex+0x6>
1000132e:	0020      	movs	r0, r4
10001330:	f7ff ffd9 	bl	100012e6 <recursive_mutex_init>
10001334:	3408      	adds	r4, #8
10001336:	e7f2      	b.n	1000131e <runtime_init_mutex+0x1a>
10001338:	bd10      	pop	{r4, pc}
1000133a:	46c0      	nop			@ (mov r8, r8)
1000133c:	20000cf0 	.word	0x20000cf0
10001340:	10008c5c 	.word	0x10008c5c
10001344:	10009738 	.word	0x10009738
10001348:	10008c7c 	.word	0x10008c7c
1000134c:	20000cf8 	.word	0x20000cf8

10001350 <critical_section_init_with_lock_num>:
10001350:	4b03      	ldr	r3, [pc, #12]	@ (10001360 <critical_section_init_with_lock_num+0x10>)
10001352:	469c      	mov	ip, r3
10001354:	4461      	add	r1, ip
10001356:	0089      	lsls	r1, r1, #2
10001358:	6001      	str	r1, [r0, #0]
1000135a:	f3bf 8f5f 	dmb	sy
1000135e:	4770      	bx	lr
10001360:	34000040 	.word	0x34000040

10001364 <critical_section_init>:
10001364:	b510      	push	{r4, lr}
10001366:	0004      	movs	r4, r0
10001368:	2001      	movs	r0, #1
1000136a:	f7ff fc35 	bl	10000bd8 <spin_lock_claim_unused>
1000136e:	0001      	movs	r1, r0
10001370:	0020      	movs	r0, r4
10001372:	f7ff ffed 	bl	10001350 <critical_section_init_with_lock_num>
10001376:	bd10      	pop	{r4, pc}

10001378 <ta_set_timeout>:
10001378:	b530      	push	{r4, r5, lr}
1000137a:	6a84      	ldr	r4, [r0, #40]	@ 0x28
1000137c:	1b15      	subs	r5, r2, r4
1000137e:	1d0b      	adds	r3, r1, #4
10001380:	009b      	lsls	r3, r3, #2
10001382:	581b      	ldr	r3, [r3, r0]
10001384:	1b1b      	subs	r3, r3, r4
10001386:	429d      	cmp	r5, r3
10001388:	d304      	bcc.n	10001394 <ta_set_timeout+0x1c>
1000138a:	6a04      	ldr	r4, [r0, #32]
1000138c:	2301      	movs	r3, #1
1000138e:	408b      	lsls	r3, r1
10001390:	4223      	tst	r3, r4
10001392:	d102      	bne.n	1000139a <ta_set_timeout+0x22>
10001394:	3104      	adds	r1, #4
10001396:	0089      	lsls	r1, r1, #2
10001398:	500a      	str	r2, [r1, r0]
1000139a:	bd30      	pop	{r4, r5, pc}

1000139c <make_alarm_id>:
1000139c:	0400      	lsls	r0, r0, #16
1000139e:	4308      	orrs	r0, r1
100013a0:	4770      	bx	lr
	...

100013a4 <sleep_until_callback>:
100013a4:	4b0a      	ldr	r3, [pc, #40]	@ (100013d0 <sleep_until_callback+0x2c>)
100013a6:	6819      	ldr	r1, [r3, #0]
100013a8:	f3ef 8310 	mrs	r3, PRIMASK
100013ac:	b672      	cpsid	i
100013ae:	680a      	ldr	r2, [r1, #0]
100013b0:	2a00      	cmp	r2, #0
100013b2:	d0fc      	beq.n	100013ae <sleep_until_callback+0xa>
100013b4:	f3bf 8f5f 	dmb	sy
100013b8:	4a05      	ldr	r2, [pc, #20]	@ (100013d0 <sleep_until_callback+0x2c>)
100013ba:	6812      	ldr	r2, [r2, #0]
100013bc:	f3bf 8f5f 	dmb	sy
100013c0:	2100      	movs	r1, #0
100013c2:	6011      	str	r1, [r2, #0]
100013c4:	f383 8810 	msr	PRIMASK, r3
100013c8:	bf40      	sev
100013ca:	2000      	movs	r0, #0
100013cc:	2100      	movs	r1, #0
100013ce:	4770      	bx	lr
100013d0:	20001d6c 	.word	0x20001d6c

100013d4 <alarm_pool_irq_handler>:
100013d4:	b5f0      	push	{r4, r5, r6, r7, lr}
100013d6:	46de      	mov	lr, fp
100013d8:	4657      	mov	r7, sl
100013da:	464e      	mov	r6, r9
100013dc:	4645      	mov	r5, r8
100013de:	b5e0      	push	{r5, r6, r7, lr}
100013e0:	b083      	sub	sp, #12
100013e2:	f3ef 8305 	mrs	r3, IPSR
100013e6:	2203      	movs	r2, #3
100013e8:	401a      	ands	r2, r3
100013ea:	0011      	movs	r1, r2
100013ec:	9201      	str	r2, [sp, #4]
100013ee:	4bac      	ldr	r3, [pc, #688]	@ (100016a0 <alarm_pool_irq_handler+0x2cc>)
100013f0:	0092      	lsls	r2, r2, #2
100013f2:	58d3      	ldr	r3, [r2, r3]
100013f4:	4698      	mov	r8, r3
100013f6:	781b      	ldrb	r3, [r3, #0]
100013f8:	428b      	cmp	r3, r1
100013fa:	d107      	bne.n	1000140c <alarm_pool_irq_handler+0x38>
100013fc:	2301      	movs	r3, #1
100013fe:	9a01      	ldr	r2, [sp, #4]
10001400:	4093      	lsls	r3, r2
10001402:	9300      	str	r3, [sp, #0]
10001404:	4ba7      	ldr	r3, [pc, #668]	@ (100016a4 <alarm_pool_irq_handler+0x2d0>)
10001406:	9a00      	ldr	r2, [sp, #0]
10001408:	601a      	str	r2, [r3, #0]
1000140a:	e119      	b.n	10001640 <alarm_pool_irq_handler+0x26c>
1000140c:	4ba6      	ldr	r3, [pc, #664]	@ (100016a8 <alarm_pool_irq_handler+0x2d4>)
1000140e:	4aa7      	ldr	r2, [pc, #668]	@ (100016ac <alarm_pool_irq_handler+0x2d8>)
10001410:	48a7      	ldr	r0, [pc, #668]	@ (100016b0 <alarm_pool_irq_handler+0x2dc>)
10001412:	2192      	movs	r1, #146	@ 0x92
10001414:	f003 fdba 	bl	10004f8c <__assert_func>
10001418:	4643      	mov	r3, r8
1000141a:	695a      	ldr	r2, [r3, #20]
1000141c:	464b      	mov	r3, r9
1000141e:	005b      	lsls	r3, r3, #1
10001420:	444b      	add	r3, r9
10001422:	00db      	lsls	r3, r3, #3
10001424:	4693      	mov	fp, r2
10001426:	449b      	add	fp, r3
10001428:	465b      	mov	r3, fp
1000142a:	689e      	ldr	r6, [r3, #8]
1000142c:	68df      	ldr	r7, [r3, #12]
1000142e:	48a1      	ldr	r0, [pc, #644]	@ (100016b4 <alarm_pool_irq_handler+0x2e0>)
10001430:	f000 fbb6 	bl	10001ba0 <timer_time_us_64>
10001434:	1b80      	subs	r0, r0, r6
10001436:	41b9      	sbcs	r1, r7
10001438:	2900      	cmp	r1, #0
1000143a:	da00      	bge.n	1000143e <alarm_pool_irq_handler+0x6a>
1000143c:	e10a      	b.n	10001654 <alarm_pool_irq_handler+0x280>
1000143e:	2f00      	cmp	r7, #0
10001440:	db60      	blt.n	10001504 <alarm_pool_irq_handler+0x130>
10001442:	465b      	mov	r3, fp
10001444:	691c      	ldr	r4, [r3, #16]
10001446:	4b9c      	ldr	r3, [pc, #624]	@ (100016b8 <alarm_pool_irq_handler+0x2e4>)
10001448:	429c      	cmp	r4, r3
1000144a:	d045      	beq.n	100014d8 <alarm_pool_irq_handler+0x104>
1000144c:	4643      	mov	r3, r8
1000144e:	2008      	movs	r0, #8
10001450:	5e18      	ldrsh	r0, [r3, r0]
10001452:	465b      	mov	r3, fp
10001454:	8859      	ldrh	r1, [r3, #2]
10001456:	b289      	uxth	r1, r1
10001458:	f7ff ffa0 	bl	1000139c <make_alarm_id>
1000145c:	465b      	mov	r3, fp
1000145e:	6959      	ldr	r1, [r3, #20]
10001460:	47a0      	blx	r4
10001462:	0004      	movs	r4, r0
10001464:	000d      	movs	r5, r1
10001466:	0023      	movs	r3, r4
10001468:	432b      	orrs	r3, r5
1000146a:	d04b      	beq.n	10001504 <alarm_pool_irq_handler+0x130>
1000146c:	2d00      	cmp	r5, #0
1000146e:	da3d      	bge.n	100014ec <alarm_pool_irq_handler+0x118>
10001470:	0030      	movs	r0, r6
10001472:	0039      	movs	r1, r7
10001474:	1b00      	subs	r0, r0, r4
10001476:	41a9      	sbcs	r1, r5
10001478:	465b      	mov	r3, fp
1000147a:	6098      	str	r0, [r3, #8]
1000147c:	60d9      	str	r1, [r3, #12]
1000147e:	2400      	movs	r4, #0
10001480:	5f1c      	ldrsh	r4, [r3, r4]
10001482:	2c00      	cmp	r4, #0
10001484:	da00      	bge.n	10001488 <alarm_pool_irq_handler+0xb4>
10001486:	e0e5      	b.n	10001654 <alarm_pool_irq_handler+0x280>
10001488:	4643      	mov	r3, r8
1000148a:	695a      	ldr	r2, [r3, #20]
1000148c:	4692      	mov	sl, r2
1000148e:	0063      	lsls	r3, r4, #1
10001490:	191b      	adds	r3, r3, r4
10001492:	00db      	lsls	r3, r3, #3
10001494:	4453      	add	r3, sl
10001496:	689a      	ldr	r2, [r3, #8]
10001498:	68db      	ldr	r3, [r3, #12]
1000149a:	0005      	movs	r5, r0
1000149c:	000e      	movs	r6, r1
1000149e:	1aad      	subs	r5, r5, r2
100014a0:	419e      	sbcs	r6, r3
100014a2:	2e00      	cmp	r6, #0
100014a4:	da00      	bge.n	100014a8 <alarm_pool_irq_handler+0xd4>
100014a6:	e0d5      	b.n	10001654 <alarm_pool_irq_handler+0x280>
100014a8:	4643      	mov	r3, r8
100014aa:	811c      	strh	r4, [r3, #8]
100014ac:	4647      	mov	r7, r8
100014ae:	3708      	adds	r7, #8
100014b0:	46bc      	mov	ip, r7
100014b2:	4663      	mov	r3, ip
100014b4:	2500      	movs	r5, #0
100014b6:	5f5d      	ldrsh	r5, [r3, r5]
100014b8:	2d00      	cmp	r5, #0
100014ba:	db1d      	blt.n	100014f8 <alarm_pool_irq_handler+0x124>
100014bc:	006c      	lsls	r4, r5, #1
100014be:	1964      	adds	r4, r4, r5
100014c0:	00e4      	lsls	r4, r4, #3
100014c2:	4454      	add	r4, sl
100014c4:	68a2      	ldr	r2, [r4, #8]
100014c6:	68e3      	ldr	r3, [r4, #12]
100014c8:	0006      	movs	r6, r0
100014ca:	000f      	movs	r7, r1
100014cc:	1ab6      	subs	r6, r6, r2
100014ce:	419f      	sbcs	r7, r3
100014d0:	2f00      	cmp	r7, #0
100014d2:	db11      	blt.n	100014f8 <alarm_pool_irq_handler+0x124>
100014d4:	46a4      	mov	ip, r4
100014d6:	e7ec      	b.n	100014b2 <alarm_pool_irq_handler+0xde>
100014d8:	465b      	mov	r3, fp
100014da:	695c      	ldr	r4, [r3, #20]
100014dc:	6923      	ldr	r3, [r4, #16]
100014de:	0020      	movs	r0, r4
100014e0:	4798      	blx	r3
100014e2:	2800      	cmp	r0, #0
100014e4:	d00e      	beq.n	10001504 <alarm_pool_irq_handler+0x130>
100014e6:	6865      	ldr	r5, [r4, #4]
100014e8:	6824      	ldr	r4, [r4, #0]
100014ea:	e7bc      	b.n	10001466 <alarm_pool_irq_handler+0x92>
100014ec:	4871      	ldr	r0, [pc, #452]	@ (100016b4 <alarm_pool_irq_handler+0x2e0>)
100014ee:	f000 fb57 	bl	10001ba0 <timer_time_us_64>
100014f2:	1900      	adds	r0, r0, r4
100014f4:	4169      	adcs	r1, r5
100014f6:	e7bf      	b.n	10001478 <alarm_pool_irq_handler+0xa4>
100014f8:	465b      	mov	r3, fp
100014fa:	801d      	strh	r5, [r3, #0]
100014fc:	464b      	mov	r3, r9
100014fe:	4662      	mov	r2, ip
10001500:	8013      	strh	r3, [r2, #0]
10001502:	e0a7      	b.n	10001654 <alarm_pool_irq_handler+0x280>
10001504:	465b      	mov	r3, fp
10001506:	2200      	movs	r2, #0
10001508:	5e9b      	ldrsh	r3, [r3, r2]
1000150a:	4642      	mov	r2, r8
1000150c:	8113      	strh	r3, [r2, #8]
1000150e:	6912      	ldr	r2, [r2, #16]
10001510:	f3ef 8310 	mrs	r3, PRIMASK
10001514:	b672      	cpsid	i
10001516:	6811      	ldr	r1, [r2, #0]
10001518:	2900      	cmp	r1, #0
1000151a:	d0fc      	beq.n	10001516 <alarm_pool_irq_handler+0x142>
1000151c:	f3bf 8f5f 	dmb	sy
10001520:	4642      	mov	r2, r8
10001522:	2102      	movs	r1, #2
10001524:	5e52      	ldrsh	r2, [r2, r1]
10001526:	4659      	mov	r1, fp
10001528:	800a      	strh	r2, [r1, #0]
1000152a:	4642      	mov	r2, r8
1000152c:	4649      	mov	r1, r9
1000152e:	8051      	strh	r1, [r2, #2]
10001530:	6912      	ldr	r2, [r2, #16]
10001532:	f3bf 8f5f 	dmb	sy
10001536:	2100      	movs	r1, #0
10001538:	6011      	str	r1, [r2, #0]
1000153a:	f383 8810 	msr	PRIMASK, r3
1000153e:	e089      	b.n	10001654 <alarm_pool_irq_handler+0x280>
10001540:	4643      	mov	r3, r8
10001542:	6919      	ldr	r1, [r3, #16]
10001544:	f3ef 8310 	mrs	r3, PRIMASK
10001548:	b672      	cpsid	i
1000154a:	680a      	ldr	r2, [r1, #0]
1000154c:	2a00      	cmp	r2, #0
1000154e:	d0fc      	beq.n	1000154a <alarm_pool_irq_handler+0x176>
10001550:	f3bf 8f5f 	dmb	sy
10001554:	4642      	mov	r2, r8
10001556:	8892      	ldrh	r2, [r2, #4]
10001558:	b212      	sxth	r2, r2
1000155a:	4691      	mov	r9, r2
1000155c:	2201      	movs	r2, #1
1000155e:	4252      	negs	r2, r2
10001560:	4641      	mov	r1, r8
10001562:	808a      	strh	r2, [r1, #4]
10001564:	690a      	ldr	r2, [r1, #16]
10001566:	f3bf 8f5f 	dmb	sy
1000156a:	2100      	movs	r1, #0
1000156c:	6011      	str	r1, [r2, #0]
1000156e:	f383 8810 	msr	PRIMASK, r3
10001572:	e01a      	b.n	100015aa <alarm_pool_irq_handler+0x1d6>
10001574:	469b      	mov	fp, r3
10001576:	465b      	mov	r3, fp
10001578:	2200      	movs	r2, #0
1000157a:	5e9a      	ldrsh	r2, [r3, r2]
1000157c:	2a00      	cmp	r2, #0
1000157e:	db0b      	blt.n	10001598 <alarm_pool_irq_handler+0x1c4>
10001580:	0053      	lsls	r3, r2, #1
10001582:	189b      	adds	r3, r3, r2
10001584:	00db      	lsls	r3, r3, #3
10001586:	4453      	add	r3, sl
10001588:	6898      	ldr	r0, [r3, #8]
1000158a:	68d9      	ldr	r1, [r3, #12]
1000158c:	0026      	movs	r6, r4
1000158e:	002f      	movs	r7, r5
10001590:	1a36      	subs	r6, r6, r0
10001592:	418f      	sbcs	r7, r1
10001594:	2f00      	cmp	r7, #0
10001596:	daed      	bge.n	10001574 <alarm_pool_irq_handler+0x1a0>
10001598:	464b      	mov	r3, r9
1000159a:	4659      	mov	r1, fp
1000159c:	800b      	strh	r3, [r1, #0]
1000159e:	4663      	mov	r3, ip
100015a0:	2100      	movs	r1, #0
100015a2:	5e5b      	ldrsh	r3, [r3, r1]
100015a4:	4699      	mov	r9, r3
100015a6:	4663      	mov	r3, ip
100015a8:	801a      	strh	r2, [r3, #0]
100015aa:	464b      	mov	r3, r9
100015ac:	2b00      	cmp	r3, #0
100015ae:	db57      	blt.n	10001660 <alarm_pool_irq_handler+0x28c>
100015b0:	4643      	mov	r3, r8
100015b2:	695a      	ldr	r2, [r3, #20]
100015b4:	4692      	mov	sl, r2
100015b6:	464b      	mov	r3, r9
100015b8:	005b      	lsls	r3, r3, #1
100015ba:	444b      	add	r3, r9
100015bc:	00db      	lsls	r3, r3, #3
100015be:	469c      	mov	ip, r3
100015c0:	44d4      	add	ip, sl
100015c2:	4663      	mov	r3, ip
100015c4:	689c      	ldr	r4, [r3, #8]
100015c6:	68dd      	ldr	r5, [r3, #12]
100015c8:	4646      	mov	r6, r8
100015ca:	3608      	adds	r6, #8
100015cc:	46b3      	mov	fp, r6
100015ce:	e7d2      	b.n	10001576 <alarm_pool_irq_handler+0x1a2>
100015d0:	2300      	movs	r3, #0
100015d2:	4642      	mov	r2, r8
100015d4:	7193      	strb	r3, [r2, #6]
100015d6:	4641      	mov	r1, r8
100015d8:	3108      	adds	r1, #8
100015da:	4643      	mov	r3, r8
100015dc:	2008      	movs	r0, #8
100015de:	5e18      	ldrsh	r0, [r3, r0]
100015e0:	e011      	b.n	10001606 <alarm_pool_irq_handler+0x232>
100015e2:	2201      	movs	r2, #1
100015e4:	4252      	negs	r2, r2
100015e6:	17d3      	asrs	r3, r2, #31
100015e8:	60a2      	str	r2, [r4, #8]
100015ea:	60e3      	str	r3, [r4, #12]
100015ec:	4643      	mov	r3, r8
100015ee:	2208      	movs	r2, #8
100015f0:	5e9b      	ldrsh	r3, [r3, r2]
100015f2:	4283      	cmp	r3, r0
100015f4:	d006      	beq.n	10001604 <alarm_pool_irq_handler+0x230>
100015f6:	800d      	strh	r5, [r1, #0]
100015f8:	4643      	mov	r3, r8
100015fa:	2208      	movs	r2, #8
100015fc:	5e9b      	ldrsh	r3, [r3, r2]
100015fe:	8023      	strh	r3, [r4, #0]
10001600:	4643      	mov	r3, r8
10001602:	8118      	strh	r0, [r3, #8]
10001604:	0028      	movs	r0, r5
10001606:	1c43      	adds	r3, r0, #1
10001608:	d02e      	beq.n	10001668 <alarm_pool_irq_handler+0x294>
1000160a:	4643      	mov	r3, r8
1000160c:	695a      	ldr	r2, [r3, #20]
1000160e:	0043      	lsls	r3, r0, #1
10001610:	181b      	adds	r3, r3, r0
10001612:	00db      	lsls	r3, r3, #3
10001614:	18d4      	adds	r4, r2, r3
10001616:	5ed5      	ldrsh	r5, [r2, r3]
10001618:	8863      	ldrh	r3, [r4, #2]
1000161a:	b21b      	sxth	r3, r3
1000161c:	2b00      	cmp	r3, #0
1000161e:	dbe0      	blt.n	100015e2 <alarm_pool_irq_handler+0x20e>
10001620:	0021      	movs	r1, r4
10001622:	e7ef      	b.n	10001604 <alarm_pool_irq_handler+0x230>
10001624:	0022      	movs	r2, r4
10001626:	002b      	movs	r3, r5
10001628:	9901      	ldr	r1, [sp, #4]
1000162a:	4822      	ldr	r0, [pc, #136]	@ (100016b4 <alarm_pool_irq_handler+0x2e0>)
1000162c:	f7ff fea4 	bl	10001378 <ta_set_timeout>
10001630:	4820      	ldr	r0, [pc, #128]	@ (100016b4 <alarm_pool_irq_handler+0x2e0>)
10001632:	f000 fab5 	bl	10001ba0 <timer_time_us_64>
10001636:	1a24      	subs	r4, r4, r0
10001638:	418d      	sbcs	r5, r1
1000163a:	2d00      	cmp	r5, #0
1000163c:	dc28      	bgt.n	10001690 <alarm_pool_irq_handler+0x2bc>
1000163e:	d025      	beq.n	1000168c <alarm_pool_irq_handler+0x2b8>
10001640:	4b1c      	ldr	r3, [pc, #112]	@ (100016b4 <alarm_pool_irq_handler+0x2e0>)
10001642:	9a00      	ldr	r2, [sp, #0]
10001644:	635a      	str	r2, [r3, #52]	@ 0x34
10001646:	4643      	mov	r3, r8
10001648:	2208      	movs	r2, #8
1000164a:	5e9b      	ldrsh	r3, [r3, r2]
1000164c:	4699      	mov	r9, r3
1000164e:	2b00      	cmp	r3, #0
10001650:	db00      	blt.n	10001654 <alarm_pool_irq_handler+0x280>
10001652:	e6e1      	b.n	10001418 <alarm_pool_irq_handler+0x44>
10001654:	4643      	mov	r3, r8
10001656:	889b      	ldrh	r3, [r3, #4]
10001658:	b21b      	sxth	r3, r3
1000165a:	2b00      	cmp	r3, #0
1000165c:	db00      	blt.n	10001660 <alarm_pool_irq_handler+0x28c>
1000165e:	e76f      	b.n	10001540 <alarm_pool_irq_handler+0x16c>
10001660:	4643      	mov	r3, r8
10001662:	799b      	ldrb	r3, [r3, #6]
10001664:	2b00      	cmp	r3, #0
10001666:	d1b3      	bne.n	100015d0 <alarm_pool_irq_handler+0x1fc>
10001668:	4643      	mov	r3, r8
1000166a:	2208      	movs	r2, #8
1000166c:	5e9a      	ldrsh	r2, [r3, r2]
1000166e:	2a00      	cmp	r2, #0
10001670:	db0e      	blt.n	10001690 <alarm_pool_irq_handler+0x2bc>
10001672:	4643      	mov	r3, r8
10001674:	6959      	ldr	r1, [r3, #20]
10001676:	0053      	lsls	r3, r2, #1
10001678:	189b      	adds	r3, r3, r2
1000167a:	00db      	lsls	r3, r3, #3
1000167c:	18cb      	adds	r3, r1, r3
1000167e:	689c      	ldr	r4, [r3, #8]
10001680:	68dd      	ldr	r5, [r3, #12]
10001682:	1c63      	adds	r3, r4, #1
10001684:	d1ce      	bne.n	10001624 <alarm_pool_irq_handler+0x250>
10001686:	1c6b      	adds	r3, r5, #1
10001688:	d0d2      	beq.n	10001630 <alarm_pool_irq_handler+0x25c>
1000168a:	e7cb      	b.n	10001624 <alarm_pool_irq_handler+0x250>
1000168c:	2c00      	cmp	r4, #0
1000168e:	d0d7      	beq.n	10001640 <alarm_pool_irq_handler+0x26c>
10001690:	bf40      	sev
10001692:	b003      	add	sp, #12
10001694:	bcf0      	pop	{r4, r5, r6, r7}
10001696:	46bb      	mov	fp, r7
10001698:	46b2      	mov	sl, r6
1000169a:	46a9      	mov	r9, r5
1000169c:	46a0      	mov	r8, r4
1000169e:	bdf0      	pop	{r4, r5, r6, r7, pc}
100016a0:	20001b50 	.word	0x20001b50
100016a4:	4005703c 	.word	0x4005703c
100016a8:	10008d10 	.word	0x10008d10
100016ac:	10009764 	.word	0x10009764
100016b0:	10008d3c 	.word	0x10008d3c
100016b4:	40054000 	.word	0x40054000
100016b8:	100013d5 	.word	0x100013d5

100016bc <ta_enable_irq_handler>:
100016bc:	b570      	push	{r4, r5, r6, lr}
100016be:	0004      	movs	r4, r0
100016c0:	000d      	movs	r5, r1
100016c2:	0011      	movs	r1, r2
100016c4:	2601      	movs	r6, #1
100016c6:	40ae      	lsls	r6, r5
100016c8:	6206      	str	r6, [r0, #32]
100016ca:	0028      	movs	r0, r5
100016cc:	f7ff fb6a 	bl	10000da4 <irq_set_exclusive_handler>
100016d0:	2101      	movs	r1, #1
100016d2:	0028      	movs	r0, r5
100016d4:	f7ff fb3e 	bl	10000d54 <irq_set_enabled>
100016d8:	4b02      	ldr	r3, [pc, #8]	@ (100016e4 <ta_enable_irq_handler+0x28>)
100016da:	469c      	mov	ip, r3
100016dc:	4464      	add	r4, ip
100016de:	6026      	str	r6, [r4, #0]
100016e0:	bd70      	pop	{r4, r5, r6, pc}
100016e2:	46c0      	nop			@ (mov r8, r8)
100016e4:	00002038 	.word	0x00002038

100016e8 <alarm_pool_post_alloc_init>:
100016e8:	b5f8      	push	{r3, r4, r5, r6, r7, lr}
100016ea:	46ce      	mov	lr, r9
100016ec:	4647      	mov	r7, r8
100016ee:	b580      	push	{r7, lr}
100016f0:	0006      	movs	r6, r0
100016f2:	4689      	mov	r9, r1
100016f4:	4690      	mov	r8, r2
100016f6:	001f      	movs	r7, r3
100016f8:	60c1      	str	r1, [r0, #12]
100016fa:	f7ff fa5f 	bl	10000bbc <next_striped_spin_lock_num>
100016fe:	4b15      	ldr	r3, [pc, #84]	@ (10001754 <alarm_pool_post_alloc_init+0x6c>)
10001700:	469c      	mov	ip, r3
10001702:	4460      	add	r0, ip
10001704:	0080      	lsls	r0, r0, #2
10001706:	6130      	str	r0, [r6, #16]
10001708:	4643      	mov	r3, r8
1000170a:	7033      	strb	r3, [r6, #0]
1000170c:	b2bb      	uxth	r3, r7
1000170e:	8173      	strh	r3, [r6, #10]
10001710:	22d0      	movs	r2, #208	@ 0xd0
10001712:	0612      	lsls	r2, r2, #24
10001714:	7812      	ldrb	r2, [r2, #0]
10001716:	7072      	strb	r2, [r6, #1]
10001718:	2201      	movs	r2, #1
1000171a:	4252      	negs	r2, r2
1000171c:	8132      	strh	r2, [r6, #8]
1000171e:	80b2      	strh	r2, [r6, #4]
10001720:	189b      	adds	r3, r3, r2
10001722:	8073      	strh	r3, [r6, #2]
10001724:	2400      	movs	r4, #0
10001726:	e006      	b.n	10001736 <alarm_pool_post_alloc_init+0x4e>
10001728:	1e62      	subs	r2, r4, #1
1000172a:	6973      	ldr	r3, [r6, #20]
1000172c:	0065      	lsls	r5, r4, #1
1000172e:	192d      	adds	r5, r5, r4
10001730:	00ed      	lsls	r5, r5, #3
10001732:	535a      	strh	r2, [r3, r5]
10001734:	3401      	adds	r4, #1
10001736:	42bc      	cmp	r4, r7
10001738:	d3f6      	bcc.n	10001728 <alarm_pool_post_alloc_init+0x40>
1000173a:	4b07      	ldr	r3, [pc, #28]	@ (10001758 <alarm_pool_post_alloc_init+0x70>)
1000173c:	4642      	mov	r2, r8
1000173e:	0092      	lsls	r2, r2, #2
10001740:	50d6      	str	r6, [r2, r3]
10001742:	4a06      	ldr	r2, [pc, #24]	@ (1000175c <alarm_pool_post_alloc_init+0x74>)
10001744:	4641      	mov	r1, r8
10001746:	4648      	mov	r0, r9
10001748:	f7ff ffb8 	bl	100016bc <ta_enable_irq_handler>
1000174c:	bcc0      	pop	{r6, r7}
1000174e:	46b9      	mov	r9, r7
10001750:	46b0      	mov	r8, r6
10001752:	bdf8      	pop	{r3, r4, r5, r6, r7, pc}
10001754:	34000040 	.word	0x34000040
10001758:	20001b50 	.word	0x20001b50
1000175c:	100013d5 	.word	0x100013d5

10001760 <alarm_pool_get_default>:
10001760:	b510      	push	{r4, lr}
10001762:	4b06      	ldr	r3, [pc, #24]	@ (1000177c <alarm_pool_get_default+0x1c>)
10001764:	691b      	ldr	r3, [r3, #16]
10001766:	2b00      	cmp	r3, #0
10001768:	d001      	beq.n	1000176e <alarm_pool_get_default+0xe>
1000176a:	4804      	ldr	r0, [pc, #16]	@ (1000177c <alarm_pool_get_default+0x1c>)
1000176c:	bd10      	pop	{r4, pc}
1000176e:	4b04      	ldr	r3, [pc, #16]	@ (10001780 <alarm_pool_get_default+0x20>)
10001770:	4a04      	ldr	r2, [pc, #16]	@ (10001784 <alarm_pool_get_default+0x24>)
10001772:	4805      	ldr	r0, [pc, #20]	@ (10001788 <alarm_pool_get_default+0x28>)
10001774:	2165      	movs	r1, #101	@ 0x65
10001776:	f003 fc09 	bl	10004f8c <__assert_func>
1000177a:	46c0      	nop			@ (mov r8, r8)
1000177c:	20000c4c 	.word	0x20000c4c
10001780:	10008d78 	.word	0x10008d78
10001784:	1000974c 	.word	0x1000974c
10001788:	10008d3c 	.word	0x10008d3c

1000178c <alarm_pool_add_alarm_at_force_in_context>:
1000178c:	b5f8      	push	{r3, r4, r5, r6, r7, lr}
1000178e:	0004      	movs	r4, r0
10001790:	6905      	ldr	r5, [r0, #16]
10001792:	f3ef 8010 	mrs	r0, PRIMASK
10001796:	b672      	cpsid	i
10001798:	6829      	ldr	r1, [r5, #0]
1000179a:	2900      	cmp	r1, #0
1000179c:	d0fc      	beq.n	10001798 <alarm_pool_add_alarm_at_force_in_context+0xc>
1000179e:	f3bf 8f5f 	dmb	sy
100017a2:	2102      	movs	r1, #2
100017a4:	5e66      	ldrsh	r6, [r4, r1]
100017a6:	6965      	ldr	r5, [r4, #20]
100017a8:	0071      	lsls	r1, r6, #1
100017aa:	1989      	adds	r1, r1, r6
100017ac:	00c9      	lsls	r1, r1, #3
100017ae:	186d      	adds	r5, r5, r1
100017b0:	2e00      	cmp	r6, #0
100017b2:	db02      	blt.n	100017ba <alarm_pool_add_alarm_at_force_in_context+0x2e>
100017b4:	2700      	movs	r7, #0
100017b6:	5fe9      	ldrsh	r1, [r5, r7]
100017b8:	8061      	strh	r1, [r4, #2]
100017ba:	6921      	ldr	r1, [r4, #16]
100017bc:	f3bf 8f5f 	dmb	sy
100017c0:	2700      	movs	r7, #0
100017c2:	600f      	str	r7, [r1, #0]
100017c4:	f380 8810 	msr	PRIMASK, r0
100017c8:	2e00      	cmp	r6, #0
100017ca:	db2c      	blt.n	10001826 <alarm_pool_add_alarm_at_force_in_context+0x9a>
100017cc:	9906      	ldr	r1, [sp, #24]
100017ce:	6129      	str	r1, [r5, #16]
100017d0:	9907      	ldr	r1, [sp, #28]
100017d2:	6169      	str	r1, [r5, #20]
100017d4:	60aa      	str	r2, [r5, #8]
100017d6:	60eb      	str	r3, [r5, #12]
100017d8:	886b      	ldrh	r3, [r5, #2]
100017da:	3301      	adds	r3, #1
100017dc:	045b      	lsls	r3, r3, #17
100017de:	0c59      	lsrs	r1, r3, #17
100017e0:	2b00      	cmp	r3, #0
100017e2:	d100      	bne.n	100017e6 <alarm_pool_add_alarm_at_force_in_context+0x5a>
100017e4:	2101      	movs	r1, #1
100017e6:	8069      	strh	r1, [r5, #2]
100017e8:	0030      	movs	r0, r6
100017ea:	f7ff fdd7 	bl	1000139c <make_alarm_id>
100017ee:	6921      	ldr	r1, [r4, #16]
100017f0:	f3ef 8310 	mrs	r3, PRIMASK
100017f4:	b672      	cpsid	i
100017f6:	680a      	ldr	r2, [r1, #0]
100017f8:	2a00      	cmp	r2, #0
100017fa:	d0fc      	beq.n	100017f6 <alarm_pool_add_alarm_at_force_in_context+0x6a>
100017fc:	f3bf 8f5f 	dmb	sy
10001800:	88a2      	ldrh	r2, [r4, #4]
10001802:	802a      	strh	r2, [r5, #0]
10001804:	80a6      	strh	r6, [r4, #4]
10001806:	6922      	ldr	r2, [r4, #16]
10001808:	f3bf 8f5f 	dmb	sy
1000180c:	2100      	movs	r1, #0
1000180e:	6011      	str	r1, [r2, #0]
10001810:	f383 8810 	msr	PRIMASK, r3
10001814:	68e3      	ldr	r3, [r4, #12]
10001816:	7821      	ldrb	r1, [r4, #0]
10001818:	2201      	movs	r2, #1
1000181a:	408a      	lsls	r2, r1
1000181c:	4903      	ldr	r1, [pc, #12]	@ (1000182c <alarm_pool_add_alarm_at_force_in_context+0xa0>)
1000181e:	468c      	mov	ip, r1
10001820:	4463      	add	r3, ip
10001822:	601a      	str	r2, [r3, #0]
10001824:	bdf8      	pop	{r3, r4, r5, r6, r7, pc}
10001826:	2001      	movs	r0, #1
10001828:	4240      	negs	r0, r0
1000182a:	e7fb      	b.n	10001824 <alarm_pool_add_alarm_at_force_in_context+0x98>
1000182c:	0000203c 	.word	0x0000203c

10001830 <alarm_pool_add_alarm_at>:
10001830:	b570      	push	{r4, r5, r6, lr}
10001832:	b082      	sub	sp, #8
10001834:	0006      	movs	r6, r0
10001836:	0014      	movs	r4, r2
10001838:	001d      	movs	r5, r3
1000183a:	ab08      	add	r3, sp, #32
1000183c:	781b      	ldrb	r3, [r3, #0]
1000183e:	2b00      	cmp	r3, #0
10001840:	d107      	bne.n	10001852 <alarm_pool_add_alarm_at+0x22>
10001842:	f000 f9df 	bl	10001c04 <time_us_64>
10001846:	0022      	movs	r2, r4
10001848:	002b      	movs	r3, r5
1000184a:	1a12      	subs	r2, r2, r0
1000184c:	418b      	sbcs	r3, r1
1000184e:	2b00      	cmp	r3, #0
10001850:	db0a      	blt.n	10001868 <alarm_pool_add_alarm_at+0x38>
10001852:	9b07      	ldr	r3, [sp, #28]
10001854:	9301      	str	r3, [sp, #4]
10001856:	9b06      	ldr	r3, [sp, #24]
10001858:	9300      	str	r3, [sp, #0]
1000185a:	0022      	movs	r2, r4
1000185c:	002b      	movs	r3, r5
1000185e:	0030      	movs	r0, r6
10001860:	f7ff ff94 	bl	1000178c <alarm_pool_add_alarm_at_force_in_context>
10001864:	b002      	add	sp, #8
10001866:	bd70      	pop	{r4, r5, r6, pc}
10001868:	2000      	movs	r0, #0
1000186a:	e7fb      	b.n	10001864 <alarm_pool_add_alarm_at+0x34>

1000186c <add_alarm_at>:
1000186c:	b5f0      	push	{r4, r5, r6, r7, lr}
1000186e:	46c6      	mov	lr, r8
10001870:	b500      	push	{lr}
10001872:	b084      	sub	sp, #16
10001874:	0005      	movs	r5, r0
10001876:	4688      	mov	r8, r1
10001878:	0016      	movs	r6, r2
1000187a:	001f      	movs	r7, r3
1000187c:	ab0a      	add	r3, sp, #40	@ 0x28
1000187e:	781c      	ldrb	r4, [r3, #0]
10001880:	f7ff ff6e 	bl	10001760 <alarm_pool_get_default>
10001884:	9402      	str	r4, [sp, #8]
10001886:	9701      	str	r7, [sp, #4]
10001888:	9600      	str	r6, [sp, #0]
1000188a:	002a      	movs	r2, r5
1000188c:	4643      	mov	r3, r8
1000188e:	f7ff ffcf 	bl	10001830 <alarm_pool_add_alarm_at>
10001892:	b004      	add	sp, #16
10001894:	bc80      	pop	{r7}
10001896:	46b8      	mov	r8, r7
10001898:	bdf0      	pop	{r4, r5, r6, r7, pc}
	...

1000189c <alarm_pool_cancel_alarm>:
1000189c:	b530      	push	{r4, r5, lr}
1000189e:	0003      	movs	r3, r0
100018a0:	1408      	asrs	r0, r1, #16
100018a2:	895a      	ldrh	r2, [r3, #10]
100018a4:	4290      	cmp	r0, r2
100018a6:	da2e      	bge.n	10001906 <alarm_pool_cancel_alarm+0x6a>
100018a8:	695c      	ldr	r4, [r3, #20]
100018aa:	0042      	lsls	r2, r0, #1
100018ac:	1812      	adds	r2, r2, r0
100018ae:	00d2      	lsls	r2, r2, #3
100018b0:	18a2      	adds	r2, r4, r2
100018b2:	691d      	ldr	r5, [r3, #16]
100018b4:	f3ef 8410 	mrs	r4, PRIMASK
100018b8:	b672      	cpsid	i
100018ba:	6828      	ldr	r0, [r5, #0]
100018bc:	2800      	cmp	r0, #0
100018be:	d0fc      	beq.n	100018ba <alarm_pool_cancel_alarm+0x1e>
100018c0:	f3bf 8f5f 	dmb	sy
100018c4:	8850      	ldrh	r0, [r2, #2]
100018c6:	b280      	uxth	r0, r0
100018c8:	0409      	lsls	r1, r1, #16
100018ca:	0c09      	lsrs	r1, r1, #16
100018cc:	4288      	cmp	r0, r1
100018ce:	d012      	beq.n	100018f6 <alarm_pool_cancel_alarm+0x5a>
100018d0:	2000      	movs	r0, #0
100018d2:	691a      	ldr	r2, [r3, #16]
100018d4:	f3bf 8f5f 	dmb	sy
100018d8:	2100      	movs	r1, #0
100018da:	6011      	str	r1, [r2, #0]
100018dc:	f384 8810 	msr	PRIMASK, r4
100018e0:	2800      	cmp	r0, #0
100018e2:	d011      	beq.n	10001908 <alarm_pool_cancel_alarm+0x6c>
100018e4:	68da      	ldr	r2, [r3, #12]
100018e6:	781b      	ldrb	r3, [r3, #0]
100018e8:	3101      	adds	r1, #1
100018ea:	4099      	lsls	r1, r3
100018ec:	4b07      	ldr	r3, [pc, #28]	@ (1000190c <alarm_pool_cancel_alarm+0x70>)
100018ee:	469c      	mov	ip, r3
100018f0:	4462      	add	r2, ip
100018f2:	6011      	str	r1, [r2, #0]
100018f4:	e008      	b.n	10001908 <alarm_pool_cancel_alarm+0x6c>
100018f6:	4906      	ldr	r1, [pc, #24]	@ (10001910 <alarm_pool_cancel_alarm+0x74>)
100018f8:	4301      	orrs	r1, r0
100018fa:	b289      	uxth	r1, r1
100018fc:	8051      	strh	r1, [r2, #2]
100018fe:	2201      	movs	r2, #1
10001900:	719a      	strb	r2, [r3, #6]
10001902:	2001      	movs	r0, #1
10001904:	e7e5      	b.n	100018d2 <alarm_pool_cancel_alarm+0x36>
10001906:	2000      	movs	r0, #0
10001908:	bd30      	pop	{r4, r5, pc}
1000190a:	46c0      	nop			@ (mov r8, r8)
1000190c:	0000203c 	.word	0x0000203c
10001910:	ffff8000 	.word	0xffff8000

10001914 <cancel_alarm>:
10001914:	b510      	push	{r4, lr}
10001916:	0004      	movs	r4, r0
10001918:	f7ff ff22 	bl	10001760 <alarm_pool_get_default>
1000191c:	0021      	movs	r1, r4
1000191e:	f7ff ffbd 	bl	1000189c <alarm_pool_cancel_alarm>
10001922:	bd10      	pop	{r4, pc}

10001924 <alarm_pool_core_num>:
10001924:	7840      	ldrb	r0, [r0, #1]
10001926:	4770      	bx	lr

10001928 <sleep_until>:
10001928:	b5f0      	push	{r4, r5, r6, r7, lr}
1000192a:	b083      	sub	sp, #12
1000192c:	0006      	movs	r6, r0
1000192e:	000f      	movs	r7, r1
10001930:	f3ef 8305 	mrs	r3, IPSR
10001934:	2b00      	cmp	r3, #0
10001936:	d11a      	bne.n	1000196e <sleep_until+0x46>
10001938:	2406      	movs	r4, #6
1000193a:	4264      	negs	r4, r4
1000193c:	17e5      	asrs	r5, r4, #31
1000193e:	19a4      	adds	r4, r4, r6
10001940:	417d      	adcs	r5, r7
10001942:	428d      	cmp	r5, r1
10001944:	d802      	bhi.n	1000194c <sleep_until+0x24>
10001946:	d103      	bne.n	10001950 <sleep_until+0x28>
10001948:	4284      	cmp	r4, r0
1000194a:	d901      	bls.n	10001950 <sleep_until+0x28>
1000194c:	2400      	movs	r4, #0
1000194e:	2500      	movs	r5, #0
10001950:	f000 f958 	bl	10001c04 <time_us_64>
10001954:	0022      	movs	r2, r4
10001956:	002b      	movs	r3, r5
10001958:	1a12      	subs	r2, r2, r0
1000195a:	418b      	sbcs	r3, r1
1000195c:	2b00      	cmp	r3, #0
1000195e:	dc0b      	bgt.n	10001978 <sleep_until+0x50>
10001960:	d008      	beq.n	10001974 <sleep_until+0x4c>
10001962:	0030      	movs	r0, r6
10001964:	0039      	movs	r1, r7
10001966:	f000 f95f 	bl	10001c28 <busy_wait_until>
1000196a:	b003      	add	sp, #12
1000196c:	bdf0      	pop	{r4, r5, r6, r7, pc}
1000196e:	481a      	ldr	r0, [pc, #104]	@ (100019d8 <sleep_until+0xb0>)
10001970:	f7ff f8b4 	bl	10000adc <panic>
10001974:	2a00      	cmp	r2, #0
10001976:	d0f4      	beq.n	10001962 <sleep_until+0x3a>
10001978:	4a18      	ldr	r2, [pc, #96]	@ (100019dc <sleep_until+0xb4>)
1000197a:	2300      	movs	r3, #0
1000197c:	9300      	str	r3, [sp, #0]
1000197e:	0020      	movs	r0, r4
10001980:	0029      	movs	r1, r5
10001982:	f7ff ff73 	bl	1000186c <add_alarm_at>
10001986:	2800      	cmp	r0, #0
10001988:	da18      	bge.n	100019bc <sleep_until+0x94>
1000198a:	e7ea      	b.n	10001962 <sleep_until+0x3a>
1000198c:	2300      	movs	r3, #0
1000198e:	e000      	b.n	10001992 <sleep_until+0x6a>
10001990:	2300      	movs	r3, #0
10001992:	2b00      	cmp	r3, #0
10001994:	d1e5      	bne.n	10001962 <sleep_until+0x3a>
10001996:	4b12      	ldr	r3, [pc, #72]	@ (100019e0 <sleep_until+0xb8>)
10001998:	6819      	ldr	r1, [r3, #0]
1000199a:	f3ef 8310 	mrs	r3, PRIMASK
1000199e:	b672      	cpsid	i
100019a0:	680a      	ldr	r2, [r1, #0]
100019a2:	2a00      	cmp	r2, #0
100019a4:	d0fc      	beq.n	100019a0 <sleep_until+0x78>
100019a6:	f3bf 8f5f 	dmb	sy
100019aa:	4a0d      	ldr	r2, [pc, #52]	@ (100019e0 <sleep_until+0xb8>)
100019ac:	6812      	ldr	r2, [r2, #0]
100019ae:	f3bf 8f5f 	dmb	sy
100019b2:	2100      	movs	r1, #0
100019b4:	6011      	str	r1, [r2, #0]
100019b6:	f383 8810 	msr	PRIMASK, r3
100019ba:	bf20      	wfe
100019bc:	4b09      	ldr	r3, [pc, #36]	@ (100019e4 <sleep_until+0xbc>)
100019be:	6a5b      	ldr	r3, [r3, #36]	@ 0x24
100019c0:	429d      	cmp	r5, r3
100019c2:	d8e5      	bhi.n	10001990 <sleep_until+0x68>
100019c4:	4907      	ldr	r1, [pc, #28]	@ (100019e4 <sleep_until+0xbc>)
100019c6:	6a89      	ldr	r1, [r1, #40]	@ 0x28
100019c8:	42a1      	cmp	r1, r4
100019ca:	d203      	bcs.n	100019d4 <sleep_until+0xac>
100019cc:	429d      	cmp	r5, r3
100019ce:	d0dd      	beq.n	1000198c <sleep_until+0x64>
100019d0:	2301      	movs	r3, #1
100019d2:	e7de      	b.n	10001992 <sleep_until+0x6a>
100019d4:	2301      	movs	r3, #1
100019d6:	e7dc      	b.n	10001992 <sleep_until+0x6a>
100019d8:	10008d9c 	.word	0x10008d9c
100019dc:	100013a5 	.word	0x100013a5
100019e0:	20001d6c 	.word	0x20001d6c
100019e4:	40054000 	.word	0x40054000

100019e8 <sleep_us>:
100019e8:	b570      	push	{r4, r5, r6, lr}
100019ea:	0004      	movs	r4, r0
100019ec:	000d      	movs	r5, r1
100019ee:	f000 f909 	bl	10001c04 <time_us_64>
100019f2:	1900      	adds	r0, r0, r4
100019f4:	4169      	adcs	r1, r5
100019f6:	2900      	cmp	r1, #0
100019f8:	db02      	blt.n	10001a00 <sleep_us+0x18>
100019fa:	f7ff ff95 	bl	10001928 <sleep_until>
100019fe:	bd70      	pop	{r4, r5, r6, pc}
10001a00:	2001      	movs	r0, #1
10001a02:	4240      	negs	r0, r0
10001a04:	4900      	ldr	r1, [pc, #0]	@ (10001a08 <sleep_us+0x20>)
10001a06:	e7f8      	b.n	100019fa <sleep_us+0x12>
10001a08:	7fffffff 	.word	0x7fffffff

10001a0c <sleep_ms>:
10001a0c:	b510      	push	{r4, lr}
10001a0e:	22fa      	movs	r2, #250	@ 0xfa
10001a10:	0092      	lsls	r2, r2, #2
10001a12:	2300      	movs	r3, #0
10001a14:	2100      	movs	r1, #0
10001a16:	f002 f89b 	bl	10003b50 <__wrap___aeabi_lmul>
10001a1a:	f7ff ffe5 	bl	100019e8 <sleep_us>
10001a1e:	bd10      	pop	{r4, pc}

10001a20 <best_effort_wfe_or_timeout>:
10001a20:	b5f0      	push	{r4, r5, r6, r7, lr}
10001a22:	46ce      	mov	lr, r9
10001a24:	4647      	mov	r7, r8
10001a26:	b580      	push	{r7, lr}
10001a28:	b083      	sub	sp, #12
10001a2a:	0005      	movs	r5, r0
10001a2c:	000c      	movs	r4, r1
10001a2e:	f3ef 8305 	mrs	r3, IPSR
10001a32:	2b00      	cmp	r3, #0
10001a34:	d015      	beq.n	10001a62 <best_effort_wfe_or_timeout+0x42>
10001a36:	4b43      	ldr	r3, [pc, #268]	@ (10001b44 <best_effort_wfe_or_timeout+0x124>)
10001a38:	6a5b      	ldr	r3, [r3, #36]	@ 0x24
10001a3a:	428b      	cmp	r3, r1
10001a3c:	d309      	bcc.n	10001a52 <best_effort_wfe_or_timeout+0x32>
10001a3e:	4a41      	ldr	r2, [pc, #260]	@ (10001b44 <best_effort_wfe_or_timeout+0x124>)
10001a40:	6a92      	ldr	r2, [r2, #40]	@ 0x28
10001a42:	4282      	cmp	r2, r0
10001a44:	d20b      	bcs.n	10001a5e <best_effort_wfe_or_timeout+0x3e>
10001a46:	428b      	cmp	r3, r1
10001a48:	d001      	beq.n	10001a4e <best_effort_wfe_or_timeout+0x2e>
10001a4a:	2001      	movs	r0, #1
10001a4c:	e002      	b.n	10001a54 <best_effort_wfe_or_timeout+0x34>
10001a4e:	2000      	movs	r0, #0
10001a50:	e000      	b.n	10001a54 <best_effort_wfe_or_timeout+0x34>
10001a52:	2000      	movs	r0, #0
10001a54:	b003      	add	sp, #12
10001a56:	bcc0      	pop	{r6, r7}
10001a58:	46b9      	mov	r9, r7
10001a5a:	46b0      	mov	r8, r6
10001a5c:	bdf0      	pop	{r4, r5, r6, r7, pc}
10001a5e:	2001      	movs	r0, #1
10001a60:	e7f8      	b.n	10001a54 <best_effort_wfe_or_timeout+0x34>
10001a62:	f7ff fe7d 	bl	10001760 <alarm_pool_get_default>
10001a66:	68c3      	ldr	r3, [r0, #12]
10001a68:	4699      	mov	r9, r3
10001a6a:	7803      	ldrb	r3, [r0, #0]
10001a6c:	4698      	mov	r8, r3
10001a6e:	002e      	movs	r6, r5
10001a70:	0027      	movs	r7, r4
10001a72:	4648      	mov	r0, r9
10001a74:	f000 f894 	bl	10001ba0 <timer_time_us_64>
10001a78:	0002      	movs	r2, r0
10001a7a:	000b      	movs	r3, r1
10001a7c:	1ab6      	subs	r6, r6, r2
10001a7e:	419f      	sbcs	r7, r3
10001a80:	4643      	mov	r3, r8
10001a82:	3304      	adds	r3, #4
10001a84:	009b      	lsls	r3, r3, #2
10001a86:	464a      	mov	r2, r9
10001a88:	589b      	ldr	r3, [r3, r2]
10001a8a:	1a1b      	subs	r3, r3, r0
10001a8c:	2200      	movs	r2, #0
10001a8e:	42ba      	cmp	r2, r7
10001a90:	dc0f      	bgt.n	10001ab2 <best_effort_wfe_or_timeout+0x92>
10001a92:	d00c      	beq.n	10001aae <best_effort_wfe_or_timeout+0x8e>
10001a94:	bf20      	wfe
10001a96:	4b2b      	ldr	r3, [pc, #172]	@ (10001b44 <best_effort_wfe_or_timeout+0x124>)
10001a98:	6a5b      	ldr	r3, [r3, #36]	@ 0x24
10001a9a:	429c      	cmp	r4, r3
10001a9c:	d820      	bhi.n	10001ae0 <best_effort_wfe_or_timeout+0xc0>
10001a9e:	4a29      	ldr	r2, [pc, #164]	@ (10001b44 <best_effort_wfe_or_timeout+0x124>)
10001aa0:	6a92      	ldr	r2, [r2, #40]	@ 0x28
10001aa2:	42aa      	cmp	r2, r5
10001aa4:	d21e      	bcs.n	10001ae4 <best_effort_wfe_or_timeout+0xc4>
10001aa6:	429c      	cmp	r4, r3
10001aa8:	d018      	beq.n	10001adc <best_effort_wfe_or_timeout+0xbc>
10001aaa:	2001      	movs	r0, #1
10001aac:	e7d2      	b.n	10001a54 <best_effort_wfe_or_timeout+0x34>
10001aae:	42b3      	cmp	r3, r6
10001ab0:	d9f0      	bls.n	10001a94 <best_effort_wfe_or_timeout+0x74>
10001ab2:	4a25      	ldr	r2, [pc, #148]	@ (10001b48 <best_effort_wfe_or_timeout+0x128>)
10001ab4:	2300      	movs	r3, #0
10001ab6:	9300      	str	r3, [sp, #0]
10001ab8:	0028      	movs	r0, r5
10001aba:	0021      	movs	r1, r4
10001abc:	f7ff fed6 	bl	1000186c <add_alarm_at>
10001ac0:	2800      	cmp	r0, #0
10001ac2:	dd11      	ble.n	10001ae8 <best_effort_wfe_or_timeout+0xc8>
10001ac4:	4b1f      	ldr	r3, [pc, #124]	@ (10001b44 <best_effort_wfe_or_timeout+0x124>)
10001ac6:	6a5b      	ldr	r3, [r3, #36]	@ 0x24
10001ac8:	429c      	cmp	r4, r3
10001aca:	d821      	bhi.n	10001b10 <best_effort_wfe_or_timeout+0xf0>
10001acc:	4a1d      	ldr	r2, [pc, #116]	@ (10001b44 <best_effort_wfe_or_timeout+0x124>)
10001ace:	6a92      	ldr	r2, [r2, #40]	@ 0x28
10001ad0:	42aa      	cmp	r2, r5
10001ad2:	d22f      	bcs.n	10001b34 <best_effort_wfe_or_timeout+0x114>
10001ad4:	429c      	cmp	r4, r3
10001ad6:	d019      	beq.n	10001b0c <best_effort_wfe_or_timeout+0xec>
10001ad8:	2301      	movs	r3, #1
10001ada:	e01a      	b.n	10001b12 <best_effort_wfe_or_timeout+0xf2>
10001adc:	2000      	movs	r0, #0
10001ade:	e7b9      	b.n	10001a54 <best_effort_wfe_or_timeout+0x34>
10001ae0:	2000      	movs	r0, #0
10001ae2:	e7b7      	b.n	10001a54 <best_effort_wfe_or_timeout+0x34>
10001ae4:	2001      	movs	r0, #1
10001ae6:	e7b5      	b.n	10001a54 <best_effort_wfe_or_timeout+0x34>
10001ae8:	4b16      	ldr	r3, [pc, #88]	@ (10001b44 <best_effort_wfe_or_timeout+0x124>)
10001aea:	6a5b      	ldr	r3, [r3, #36]	@ 0x24
10001aec:	429c      	cmp	r4, r3
10001aee:	d809      	bhi.n	10001b04 <best_effort_wfe_or_timeout+0xe4>
10001af0:	4a14      	ldr	r2, [pc, #80]	@ (10001b44 <best_effort_wfe_or_timeout+0x124>)
10001af2:	6a92      	ldr	r2, [r2, #40]	@ 0x28
10001af4:	42aa      	cmp	r2, r5
10001af6:	d207      	bcs.n	10001b08 <best_effort_wfe_or_timeout+0xe8>
10001af8:	429c      	cmp	r4, r3
10001afa:	d001      	beq.n	10001b00 <best_effort_wfe_or_timeout+0xe0>
10001afc:	2001      	movs	r0, #1
10001afe:	e7a9      	b.n	10001a54 <best_effort_wfe_or_timeout+0x34>
10001b00:	2000      	movs	r0, #0
10001b02:	e7a7      	b.n	10001a54 <best_effort_wfe_or_timeout+0x34>
10001b04:	2000      	movs	r0, #0
10001b06:	e7a5      	b.n	10001a54 <best_effort_wfe_or_timeout+0x34>
10001b08:	2001      	movs	r0, #1
10001b0a:	e7a3      	b.n	10001a54 <best_effort_wfe_or_timeout+0x34>
10001b0c:	2300      	movs	r3, #0
10001b0e:	e000      	b.n	10001b12 <best_effort_wfe_or_timeout+0xf2>
10001b10:	2300      	movs	r3, #0
10001b12:	2b00      	cmp	r3, #0
10001b14:	d100      	bne.n	10001b18 <best_effort_wfe_or_timeout+0xf8>
10001b16:	bf20      	wfe
10001b18:	f7ff fefc 	bl	10001914 <cancel_alarm>
10001b1c:	4b09      	ldr	r3, [pc, #36]	@ (10001b44 <best_effort_wfe_or_timeout+0x124>)
10001b1e:	6a5b      	ldr	r3, [r3, #36]	@ 0x24
10001b20:	429c      	cmp	r4, r3
10001b22:	d80b      	bhi.n	10001b3c <best_effort_wfe_or_timeout+0x11c>
10001b24:	4a07      	ldr	r2, [pc, #28]	@ (10001b44 <best_effort_wfe_or_timeout+0x124>)
10001b26:	6a92      	ldr	r2, [r2, #40]	@ 0x28
10001b28:	42aa      	cmp	r2, r5
10001b2a:	d209      	bcs.n	10001b40 <best_effort_wfe_or_timeout+0x120>
10001b2c:	429c      	cmp	r4, r3
10001b2e:	d003      	beq.n	10001b38 <best_effort_wfe_or_timeout+0x118>
10001b30:	2001      	movs	r0, #1
10001b32:	e78f      	b.n	10001a54 <best_effort_wfe_or_timeout+0x34>
10001b34:	2301      	movs	r3, #1
10001b36:	e7ec      	b.n	10001b12 <best_effort_wfe_or_timeout+0xf2>
10001b38:	2000      	movs	r0, #0
10001b3a:	e78b      	b.n	10001a54 <best_effort_wfe_or_timeout+0x34>
10001b3c:	2000      	movs	r0, #0
10001b3e:	e789      	b.n	10001a54 <best_effort_wfe_or_timeout+0x34>
10001b40:	2001      	movs	r0, #1
10001b42:	e787      	b.n	10001a54 <best_effort_wfe_or_timeout+0x34>
10001b44:	40054000 	.word	0x40054000
10001b48:	100013a5 	.word	0x100013a5

10001b4c <alarm_pool_get_default_timer>:
10001b4c:	4800      	ldr	r0, [pc, #0]	@ (10001b50 <alarm_pool_get_default_timer+0x4>)
10001b4e:	4770      	bx	lr
10001b50:	40054000 	.word	0x40054000

10001b54 <runtime_init_default_alarm_pool>:
10001b54:	b510      	push	{r4, lr}
10001b56:	4b0b      	ldr	r3, [pc, #44]	@ (10001b84 <runtime_init_default_alarm_pool+0x30>)
10001b58:	691b      	ldr	r3, [r3, #16]
10001b5a:	2b00      	cmp	r3, #0
10001b5c:	d004      	beq.n	10001b68 <runtime_init_default_alarm_pool+0x14>
10001b5e:	480a      	ldr	r0, [pc, #40]	@ (10001b88 <runtime_init_default_alarm_pool+0x34>)
10001b60:	210a      	movs	r1, #10
10001b62:	f7ff fbab 	bl	100012bc <lock_init>
10001b66:	bd10      	pop	{r4, pc}
10001b68:	f7ff fff0 	bl	10001b4c <alarm_pool_get_default_timer>
10001b6c:	0004      	movs	r4, r0
10001b6e:	2103      	movs	r1, #3
10001b70:	f000 f80c 	bl	10001b8c <timer_hardware_alarm_claim>
10001b74:	4803      	ldr	r0, [pc, #12]	@ (10001b84 <runtime_init_default_alarm_pool+0x30>)
10001b76:	2310      	movs	r3, #16
10001b78:	2203      	movs	r2, #3
10001b7a:	0021      	movs	r1, r4
10001b7c:	f7ff fdb4 	bl	100016e8 <alarm_pool_post_alloc_init>
10001b80:	e7ed      	b.n	10001b5e <runtime_init_default_alarm_pool+0xa>
10001b82:	46c0      	nop			@ (mov r8, r8)
10001b84:	20000c4c 	.word	0x20000c4c
10001b88:	20001d6c 	.word	0x20001d6c

10001b8c <timer_hardware_alarm_claim>:
10001b8c:	b510      	push	{r4, lr}
10001b8e:	4a02      	ldr	r2, [pc, #8]	@ (10001b98 <timer_hardware_alarm_claim+0xc>)
10001b90:	4802      	ldr	r0, [pc, #8]	@ (10001b9c <timer_hardware_alarm_claim+0x10>)
10001b92:	f7fe ffd1 	bl	10000b38 <hw_claim_or_assert>
10001b96:	bd10      	pop	{r4, pc}
10001b98:	10008dec 	.word	0x10008dec
10001b9c:	200016e0 	.word	0x200016e0

10001ba0 <timer_time_us_64>:
10001ba0:	0002      	movs	r2, r0
10001ba2:	6a43      	ldr	r3, [r0, #36]	@ 0x24
10001ba4:	6a90      	ldr	r0, [r2, #40]	@ 0x28
10001ba6:	0019      	movs	r1, r3
10001ba8:	6a53      	ldr	r3, [r2, #36]	@ 0x24
10001baa:	4299      	cmp	r1, r3
10001bac:	d1fa      	bne.n	10001ba4 <timer_time_us_64+0x4>
10001bae:	4770      	bx	lr

10001bb0 <timer_busy_wait_until>:
10001bb0:	6a41      	ldr	r1, [r0, #36]	@ 0x24
10001bb2:	e000      	b.n	10001bb6 <timer_busy_wait_until+0x6>
10001bb4:	6a41      	ldr	r1, [r0, #36]	@ 0x24
10001bb6:	4299      	cmp	r1, r3
10001bb8:	d3fc      	bcc.n	10001bb4 <timer_busy_wait_until+0x4>
10001bba:	e000      	b.n	10001bbe <timer_busy_wait_until+0xe>
10001bbc:	6a41      	ldr	r1, [r0, #36]	@ 0x24
10001bbe:	4299      	cmp	r1, r3
10001bc0:	d102      	bne.n	10001bc8 <timer_busy_wait_until+0x18>
10001bc2:	6a81      	ldr	r1, [r0, #40]	@ 0x28
10001bc4:	4291      	cmp	r1, r2
10001bc6:	d3f9      	bcc.n	10001bbc <timer_busy_wait_until+0xc>
10001bc8:	4770      	bx	lr

10001bca <timer_busy_wait_us>:
10001bca:	b5f0      	push	{r4, r5, r6, r7, lr}
10001bcc:	46c6      	mov	lr, r8
10001bce:	b500      	push	{lr}
10001bd0:	4680      	mov	r8, r0
10001bd2:	0014      	movs	r4, r2
10001bd4:	001d      	movs	r5, r3
10001bd6:	f7ff ffe3 	bl	10001ba0 <timer_time_us_64>
10001bda:	0006      	movs	r6, r0
10001bdc:	000f      	movs	r7, r1
10001bde:	0022      	movs	r2, r4
10001be0:	002b      	movs	r3, r5
10001be2:	1992      	adds	r2, r2, r6
10001be4:	417b      	adcs	r3, r7
10001be6:	4299      	cmp	r1, r3
10001be8:	d802      	bhi.n	10001bf0 <timer_busy_wait_us+0x26>
10001bea:	d104      	bne.n	10001bf6 <timer_busy_wait_us+0x2c>
10001bec:	4290      	cmp	r0, r2
10001bee:	d902      	bls.n	10001bf6 <timer_busy_wait_us+0x2c>
10001bf0:	2201      	movs	r2, #1
10001bf2:	4252      	negs	r2, r2
10001bf4:	17d3      	asrs	r3, r2, #31
10001bf6:	4640      	mov	r0, r8
10001bf8:	f7ff ffda 	bl	10001bb0 <timer_busy_wait_until>
10001bfc:	bc80      	pop	{r7}
10001bfe:	46b8      	mov	r8, r7
10001c00:	bdf0      	pop	{r4, r5, r6, r7, pc}
	...

10001c04 <time_us_64>:
10001c04:	b510      	push	{r4, lr}
10001c06:	4802      	ldr	r0, [pc, #8]	@ (10001c10 <time_us_64+0xc>)
10001c08:	f7ff ffca 	bl	10001ba0 <timer_time_us_64>
10001c0c:	bd10      	pop	{r4, pc}
10001c0e:	46c0      	nop			@ (mov r8, r8)
10001c10:	40054000 	.word	0x40054000

10001c14 <busy_wait_us>:
10001c14:	b510      	push	{r4, lr}
10001c16:	0002      	movs	r2, r0
10001c18:	000b      	movs	r3, r1
10001c1a:	4802      	ldr	r0, [pc, #8]	@ (10001c24 <busy_wait_us+0x10>)
10001c1c:	f7ff ffd5 	bl	10001bca <timer_busy_wait_us>
10001c20:	bd10      	pop	{r4, pc}
10001c22:	46c0      	nop			@ (mov r8, r8)
10001c24:	40054000 	.word	0x40054000

10001c28 <busy_wait_until>:
10001c28:	b510      	push	{r4, lr}
10001c2a:	0002      	movs	r2, r0
10001c2c:	000b      	movs	r3, r1
10001c2e:	4802      	ldr	r0, [pc, #8]	@ (10001c38 <busy_wait_until+0x10>)
10001c30:	f7ff ffbe 	bl	10001bb0 <timer_busy_wait_until>
10001c34:	bd10      	pop	{r4, pc}
10001c36:	46c0      	nop			@ (mov r8, r8)
10001c38:	40054000 	.word	0x40054000

10001c3c <uart_unreset>:
10001c3c:	4b07      	ldr	r3, [pc, #28]	@ (10001c5c <uart_unreset+0x20>)
10001c3e:	4298      	cmp	r0, r3
10001c40:	d00a      	beq.n	10001c58 <uart_unreset+0x1c>
10001c42:	2316      	movs	r3, #22
10001c44:	2201      	movs	r2, #1
10001c46:	409a      	lsls	r2, r3
10001c48:	4b05      	ldr	r3, [pc, #20]	@ (10001c60 <uart_unreset+0x24>)
10001c4a:	601a      	str	r2, [r3, #0]
10001c4c:	4b05      	ldr	r3, [pc, #20]	@ (10001c64 <uart_unreset+0x28>)
10001c4e:	681b      	ldr	r3, [r3, #0]
10001c50:	0011      	movs	r1, r2
10001c52:	4399      	bics	r1, r3
10001c54:	d1fa      	bne.n	10001c4c <uart_unreset+0x10>
10001c56:	4770      	bx	lr
10001c58:	2317      	movs	r3, #23
10001c5a:	e7f3      	b.n	10001c44 <uart_unreset+0x8>
10001c5c:	40038000 	.word	0x40038000
10001c60:	4000f000 	.word	0x4000f000
10001c64:	4000c008 	.word	0x4000c008

10001c68 <uart_disable_before_lcr_write>:
10001c68:	b570      	push	{r4, r5, r6, lr}
10001c6a:	6b04      	ldr	r4, [r0, #48]	@ 0x30
10001c6c:	07e3      	lsls	r3, r4, #31
10001c6e:	d401      	bmi.n	10001c74 <uart_disable_before_lcr_write+0xc>
10001c70:	0020      	movs	r0, r4
10001c72:	bd70      	pop	{r4, r5, r6, pc}
10001c74:	4b0b      	ldr	r3, [pc, #44]	@ (10001ca4 <uart_disable_before_lcr_write+0x3c>)
10001c76:	18c3      	adds	r3, r0, r3
10001c78:	4a0b      	ldr	r2, [pc, #44]	@ (10001ca8 <uart_disable_before_lcr_write+0x40>)
10001c7a:	601a      	str	r2, [r3, #0]
10001c7c:	6a45      	ldr	r5, [r0, #36]	@ 0x24
10001c7e:	6a83      	ldr	r3, [r0, #40]	@ 0x28
10001c80:	01ad      	lsls	r5, r5, #6
10001c82:	18ed      	adds	r5, r5, r3
10001c84:	02ad      	lsls	r5, r5, #10
10001c86:	2006      	movs	r0, #6
10001c88:	f000 f916 	bl	10001eb8 <clock_get_hz>
10001c8c:	4907      	ldr	r1, [pc, #28]	@ (10001cac <uart_disable_before_lcr_write+0x44>)
10001c8e:	f000 fb97 	bl	100023c0 <__wrap___aeabi_uidiv>
10001c92:	0001      	movs	r1, r0
10001c94:	0028      	movs	r0, r5
10001c96:	f000 fb93 	bl	100023c0 <__wrap___aeabi_uidiv>
10001c9a:	2100      	movs	r1, #0
10001c9c:	f7ff ffba 	bl	10001c14 <busy_wait_us>
10001ca0:	e7e6      	b.n	10001c70 <uart_disable_before_lcr_write+0x8>
10001ca2:	46c0      	nop			@ (mov r8, r8)
10001ca4:	00003030 	.word	0x00003030
10001ca8:	00000301 	.word	0x00000301
10001cac:	00000e4e 	.word	0x00000e4e

10001cb0 <uart_write_lcr_bits_masked>:
10001cb0:	b570      	push	{r4, r5, r6, lr}
10001cb2:	0004      	movs	r4, r0
10001cb4:	000e      	movs	r6, r1
10001cb6:	0015      	movs	r5, r2
10001cb8:	f7ff ffd6 	bl	10001c68 <uart_disable_before_lcr_write>
10001cbc:	6ae3      	ldr	r3, [r4, #44]	@ 0x2c
10001cbe:	405e      	eors	r6, r3
10001cc0:	4035      	ands	r5, r6
10001cc2:	4b02      	ldr	r3, [pc, #8]	@ (10001ccc <uart_write_lcr_bits_masked+0x1c>)
10001cc4:	18e3      	adds	r3, r4, r3
10001cc6:	601d      	str	r5, [r3, #0]
10001cc8:	6320      	str	r0, [r4, #48]	@ 0x30
10001cca:	bd70      	pop	{r4, r5, r6, pc}
10001ccc:	0000102c 	.word	0x0000102c

10001cd0 <uart_set_baudrate>:
10001cd0:	b570      	push	{r4, r5, r6, lr}
10001cd2:	0005      	movs	r5, r0
10001cd4:	000c      	movs	r4, r1
10001cd6:	2006      	movs	r0, #6
10001cd8:	f000 f8ee 	bl	10001eb8 <clock_get_hz>
10001cdc:	00c0      	lsls	r0, r0, #3
10001cde:	0021      	movs	r1, r4
10001ce0:	f000 fb6e 	bl	100023c0 <__wrap___aeabi_uidiv>
10001ce4:	3001      	adds	r0, #1
10001ce6:	09c6      	lsrs	r6, r0, #7
10001ce8:	d007      	beq.n	10001cfa <uart_set_baudrate+0x2a>
10001cea:	4b0e      	ldr	r3, [pc, #56]	@ (10001d24 <uart_set_baudrate+0x54>)
10001cec:	429e      	cmp	r6, r3
10001cee:	d815      	bhi.n	10001d1c <uart_set_baudrate+0x4c>
10001cf0:	0840      	lsrs	r0, r0, #1
10001cf2:	0034      	movs	r4, r6
10001cf4:	263f      	movs	r6, #63	@ 0x3f
10001cf6:	4006      	ands	r6, r0
10001cf8:	e000      	b.n	10001cfc <uart_set_baudrate+0x2c>
10001cfa:	2401      	movs	r4, #1
10001cfc:	626c      	str	r4, [r5, #36]	@ 0x24
10001cfe:	62ae      	str	r6, [r5, #40]	@ 0x28
10001d00:	2200      	movs	r2, #0
10001d02:	2100      	movs	r1, #0
10001d04:	0028      	movs	r0, r5
10001d06:	f7ff ffd3 	bl	10001cb0 <uart_write_lcr_bits_masked>
10001d0a:	2006      	movs	r0, #6
10001d0c:	f000 f8d4 	bl	10001eb8 <clock_get_hz>
10001d10:	0080      	lsls	r0, r0, #2
10001d12:	01a1      	lsls	r1, r4, #6
10001d14:	1989      	adds	r1, r1, r6
10001d16:	f000 fb53 	bl	100023c0 <__wrap___aeabi_uidiv>
10001d1a:	bd70      	pop	{r4, r5, r6, pc}
10001d1c:	2600      	movs	r6, #0
10001d1e:	4c02      	ldr	r4, [pc, #8]	@ (10001d28 <uart_set_baudrate+0x58>)
10001d20:	e7ec      	b.n	10001cfc <uart_set_baudrate+0x2c>
10001d22:	46c0      	nop			@ (mov r8, r8)
10001d24:	0000fffe 	.word	0x0000fffe
10001d28:	0000ffff 	.word	0x0000ffff

10001d2c <uart_set_translate_crlf>:
10001d2c:	2900      	cmp	r1, #0
10001d2e:	d009      	beq.n	10001d44 <uart_set_translate_crlf+0x18>
10001d30:	220a      	movs	r2, #10
10001d32:	4b06      	ldr	r3, [pc, #24]	@ (10001d4c <uart_set_translate_crlf+0x20>)
10001d34:	469c      	mov	ip, r3
10001d36:	4460      	add	r0, ip
10001d38:	4243      	negs	r3, r0
10001d3a:	4158      	adcs	r0, r3
10001d3c:	4b04      	ldr	r3, [pc, #16]	@ (10001d50 <uart_set_translate_crlf+0x24>)
10001d3e:	0040      	lsls	r0, r0, #1
10001d40:	52c2      	strh	r2, [r0, r3]
10001d42:	4770      	bx	lr
10001d44:	2280      	movs	r2, #128	@ 0x80
10001d46:	0052      	lsls	r2, r2, #1
10001d48:	e7f3      	b.n	10001d32 <uart_set_translate_crlf+0x6>
10001d4a:	46c0      	nop			@ (mov r8, r8)
10001d4c:	bffc8000 	.word	0xbffc8000
10001d50:	20001d78 	.word	0x20001d78

10001d54 <uart_init>:
10001d54:	b570      	push	{r4, r5, r6, lr}
10001d56:	0004      	movs	r4, r0
10001d58:	000d      	movs	r5, r1
10001d5a:	2006      	movs	r0, #6
10001d5c:	f000 f8ac 	bl	10001eb8 <clock_get_hz>
10001d60:	2800      	cmp	r0, #0
10001d62:	d01e      	beq.n	10001da2 <uart_init+0x4e>
10001d64:	4b10      	ldr	r3, [pc, #64]	@ (10001da8 <uart_init+0x54>)
10001d66:	429c      	cmp	r4, r3
10001d68:	d01c      	beq.n	10001da4 <uart_init+0x50>
10001d6a:	2216      	movs	r2, #22
10001d6c:	2301      	movs	r3, #1
10001d6e:	4093      	lsls	r3, r2
10001d70:	4a0e      	ldr	r2, [pc, #56]	@ (10001dac <uart_init+0x58>)
10001d72:	6013      	str	r3, [r2, #0]
10001d74:	0020      	movs	r0, r4
10001d76:	f7ff ff61 	bl	10001c3c <uart_unreset>
10001d7a:	2100      	movs	r1, #0
10001d7c:	0020      	movs	r0, r4
10001d7e:	f7ff ffd5 	bl	10001d2c <uart_set_translate_crlf>
10001d82:	0029      	movs	r1, r5
10001d84:	0020      	movs	r0, r4
10001d86:	f7ff ffa3 	bl	10001cd0 <uart_set_baudrate>
10001d8a:	6ae2      	ldr	r2, [r4, #44]	@ 0x2c
10001d8c:	2370      	movs	r3, #112	@ 0x70
10001d8e:	405a      	eors	r2, r3
10001d90:	330e      	adds	r3, #14
10001d92:	4013      	ands	r3, r2
10001d94:	4a06      	ldr	r2, [pc, #24]	@ (10001db0 <uart_init+0x5c>)
10001d96:	18a2      	adds	r2, r4, r2
10001d98:	6013      	str	r3, [r2, #0]
10001d9a:	4b06      	ldr	r3, [pc, #24]	@ (10001db4 <uart_init+0x60>)
10001d9c:	6323      	str	r3, [r4, #48]	@ 0x30
10001d9e:	2303      	movs	r3, #3
10001da0:	64a3      	str	r3, [r4, #72]	@ 0x48
10001da2:	bd70      	pop	{r4, r5, r6, pc}
10001da4:	2217      	movs	r2, #23
10001da6:	e7e1      	b.n	10001d6c <uart_init+0x18>
10001da8:	40038000 	.word	0x40038000
10001dac:	4000e000 	.word	0x4000e000
10001db0:	0000102c 	.word	0x0000102c
10001db4:	00000301 	.word	0x00000301

10001db8 <clock_configure_internal>:
10001db8:	b5f8      	push	{r3, r4, r5, r6, r7, lr}
10001dba:	46d6      	mov	lr, sl
10001dbc:	4647      	mov	r7, r8
10001dbe:	b580      	push	{r7, lr}
10001dc0:	0006      	movs	r6, r0
10001dc2:	000d      	movs	r5, r1
10001dc4:	0017      	movs	r7, r2
10001dc6:	4698      	mov	r8, r3
10001dc8:	0044      	lsls	r4, r0, #1
10001dca:	1824      	adds	r4, r4, r0
10001dcc:	00a4      	lsls	r4, r4, #2
10001dce:	4b29      	ldr	r3, [pc, #164]	@ (10001e74 <clock_configure_internal+0xbc>)
10001dd0:	469c      	mov	ip, r3
10001dd2:	4464      	add	r4, ip
10001dd4:	6863      	ldr	r3, [r4, #4]
10001dd6:	9a08      	ldr	r2, [sp, #32]
10001dd8:	4293      	cmp	r3, r2
10001dda:	d200      	bcs.n	10001dde <clock_configure_internal+0x26>
10001ddc:	6062      	str	r2, [r4, #4]
10001dde:	1f33      	subs	r3, r6, #4
10001de0:	b2db      	uxtb	r3, r3
10001de2:	469a      	mov	sl, r3
10001de4:	2b01      	cmp	r3, #1
10001de6:	d92e      	bls.n	10001e46 <clock_configure_internal+0x8e>
10001de8:	2280      	movs	r2, #128	@ 0x80
10001dea:	0112      	lsls	r2, r2, #4
10001dec:	23c0      	movs	r3, #192	@ 0xc0
10001dee:	019b      	lsls	r3, r3, #6
10001df0:	18e3      	adds	r3, r4, r3
10001df2:	601a      	str	r2, [r3, #0]
10001df4:	4b20      	ldr	r3, [pc, #128]	@ (10001e78 <clock_configure_internal+0xc0>)
10001df6:	00b2      	lsls	r2, r6, #2
10001df8:	58d1      	ldr	r1, [r2, r3]
10001dfa:	2900      	cmp	r1, #0
10001dfc:	d007      	beq.n	10001e0e <clock_configure_internal+0x56>
10001dfe:	6958      	ldr	r0, [r3, #20]
10001e00:	f000 fade 	bl	100023c0 <__wrap___aeabi_uidiv>
10001e04:	3001      	adds	r0, #1
10001e06:	0043      	lsls	r3, r0, #1
10001e08:	181b      	adds	r3, r3, r0
10001e0a:	3b03      	subs	r3, #3
10001e0c:	d2fd      	bcs.n	10001e0a <clock_configure_internal+0x52>
10001e0e:	017f      	lsls	r7, r7, #5
10001e10:	6823      	ldr	r3, [r4, #0]
10001e12:	405f      	eors	r7, r3
10001e14:	23e0      	movs	r3, #224	@ 0xe0
10001e16:	403b      	ands	r3, r7
10001e18:	2280      	movs	r2, #128	@ 0x80
10001e1a:	0152      	lsls	r2, r2, #5
10001e1c:	18a2      	adds	r2, r4, r2
10001e1e:	6013      	str	r3, [r2, #0]
10001e20:	4653      	mov	r3, sl
10001e22:	2b01      	cmp	r3, #1
10001e24:	d91a      	bls.n	10001e5c <clock_configure_internal+0xa4>
10001e26:	2380      	movs	r3, #128	@ 0x80
10001e28:	019b      	lsls	r3, r3, #6
10001e2a:	18e3      	adds	r3, r4, r3
10001e2c:	2280      	movs	r2, #128	@ 0x80
10001e2e:	0112      	lsls	r2, r2, #4
10001e30:	601a      	str	r2, [r3, #0]
10001e32:	9b08      	ldr	r3, [sp, #32]
10001e34:	6063      	str	r3, [r4, #4]
10001e36:	4b10      	ldr	r3, [pc, #64]	@ (10001e78 <clock_configure_internal+0xc0>)
10001e38:	00b6      	lsls	r6, r6, #2
10001e3a:	4642      	mov	r2, r8
10001e3c:	50f2      	str	r2, [r6, r3]
10001e3e:	bcc0      	pop	{r6, r7}
10001e40:	46ba      	mov	sl, r7
10001e42:	46b0      	mov	r8, r6
10001e44:	bdf8      	pop	{r3, r4, r5, r6, r7, pc}
10001e46:	2d01      	cmp	r5, #1
10001e48:	d1ce      	bne.n	10001de8 <clock_configure_internal+0x30>
10001e4a:	2203      	movs	r2, #3
10001e4c:	23c0      	movs	r3, #192	@ 0xc0
10001e4e:	019b      	lsls	r3, r3, #6
10001e50:	18e3      	adds	r3, r4, r3
10001e52:	601a      	str	r2, [r3, #0]
10001e54:	68a3      	ldr	r3, [r4, #8]
10001e56:	07db      	lsls	r3, r3, #31
10001e58:	d5fc      	bpl.n	10001e54 <clock_configure_internal+0x9c>
10001e5a:	e7d8      	b.n	10001e0e <clock_configure_internal+0x56>
10001e5c:	6821      	ldr	r1, [r4, #0]
10001e5e:	4069      	eors	r1, r5
10001e60:	2303      	movs	r3, #3
10001e62:	400b      	ands	r3, r1
10001e64:	6013      	str	r3, [r2, #0]
10001e66:	68a3      	ldr	r3, [r4, #8]
10001e68:	2201      	movs	r2, #1
10001e6a:	40aa      	lsls	r2, r5
10001e6c:	421a      	tst	r2, r3
10001e6e:	d0fa      	beq.n	10001e66 <clock_configure_internal+0xae>
10001e70:	e7d9      	b.n	10001e26 <clock_configure_internal+0x6e>
10001e72:	46c0      	nop			@ (mov r8, r8)
10001e74:	40008000 	.word	0x40008000
10001e78:	200016e4 	.word	0x200016e4

10001e7c <clock_configure_int_divider>:
10001e7c:	b5f0      	push	{r4, r5, r6, r7, lr}
10001e7e:	b083      	sub	sp, #12
10001e80:	0005      	movs	r5, r0
10001e82:	000e      	movs	r6, r1
10001e84:	0017      	movs	r7, r2
10001e86:	0018      	movs	r0, r3
10001e88:	9908      	ldr	r1, [sp, #32]
10001e8a:	f000 fa99 	bl	100023c0 <__wrap___aeabi_uidiv>
10001e8e:	0003      	movs	r3, r0
10001e90:	9a08      	ldr	r2, [sp, #32]
10001e92:	0214      	lsls	r4, r2, #8
10001e94:	9400      	str	r4, [sp, #0]
10001e96:	003a      	movs	r2, r7
10001e98:	0031      	movs	r1, r6
10001e9a:	0028      	movs	r0, r5
10001e9c:	f7ff ff8c 	bl	10001db8 <clock_configure_internal>
10001ea0:	b003      	add	sp, #12
10001ea2:	bdf0      	pop	{r4, r5, r6, r7, pc}

10001ea4 <clock_configure_undivided>:
10001ea4:	b510      	push	{r4, lr}
10001ea6:	b082      	sub	sp, #8
10001ea8:	2480      	movs	r4, #128	@ 0x80
10001eaa:	0064      	lsls	r4, r4, #1
10001eac:	9400      	str	r4, [sp, #0]
10001eae:	f7ff ff83 	bl	10001db8 <clock_configure_internal>
10001eb2:	b002      	add	sp, #8
10001eb4:	bd10      	pop	{r4, pc}
	...

10001eb8 <clock_get_hz>:
10001eb8:	4b01      	ldr	r3, [pc, #4]	@ (10001ec0 <clock_get_hz+0x8>)
10001eba:	0080      	lsls	r0, r0, #2
10001ebc:	58c0      	ldr	r0, [r0, r3]
10001ebe:	4770      	bx	lr
10001ec0:	200016e4 	.word	0x200016e4

10001ec4 <pll_init>:
10001ec4:	b5f0      	push	{r4, r5, r6, r7, lr}
10001ec6:	46c6      	mov	lr, r8
10001ec8:	b500      	push	{lr}
10001eca:	0004      	movs	r4, r0
10001ecc:	000e      	movs	r6, r1
10001ece:	0017      	movs	r7, r2
10001ed0:	001d      	movs	r5, r3
10001ed2:	4837      	ldr	r0, [pc, #220]	@ (10001fb0 <pll_init+0xec>)
10001ed4:	f000 fa74 	bl	100023c0 <__wrap___aeabi_uidiv>
10001ed8:	4680      	mov	r8, r0
10001eda:	4b36      	ldr	r3, [pc, #216]	@ (10001fb4 <pll_init+0xf0>)
10001edc:	18fa      	adds	r2, r7, r3
10001ede:	4b36      	ldr	r3, [pc, #216]	@ (10001fb8 <pll_init+0xf4>)
10001ee0:	429a      	cmp	r2, r3
10001ee2:	d839      	bhi.n	10001f58 <pll_init+0x94>
10001ee4:	0001      	movs	r1, r0
10001ee6:	0038      	movs	r0, r7
10001ee8:	f000 fa6a 	bl	100023c0 <__wrap___aeabi_uidiv>
10001eec:	0002      	movs	r2, r0
10001eee:	3a10      	subs	r2, #16
10001ef0:	2398      	movs	r3, #152	@ 0x98
10001ef2:	005b      	lsls	r3, r3, #1
10001ef4:	429a      	cmp	r2, r3
10001ef6:	d835      	bhi.n	10001f64 <pll_init+0xa0>
10001ef8:	1e6b      	subs	r3, r5, #1
10001efa:	2b06      	cmp	r3, #6
10001efc:	d838      	bhi.n	10001f70 <pll_init+0xac>
10001efe:	9b06      	ldr	r3, [sp, #24]
10001f00:	3b01      	subs	r3, #1
10001f02:	2b06      	cmp	r3, #6
10001f04:	d834      	bhi.n	10001f70 <pll_init+0xac>
10001f06:	093f      	lsrs	r7, r7, #4
10001f08:	4547      	cmp	r7, r8
10001f0a:	d337      	bcc.n	10001f7c <pll_init+0xb8>
10001f0c:	042d      	lsls	r5, r5, #16
10001f0e:	9b06      	ldr	r3, [sp, #24]
10001f10:	031b      	lsls	r3, r3, #12
10001f12:	431d      	orrs	r5, r3
10001f14:	6823      	ldr	r3, [r4, #0]
10001f16:	2b00      	cmp	r3, #0
10001f18:	db36      	blt.n	10001f88 <pll_init+0xc4>
10001f1a:	4b28      	ldr	r3, [pc, #160]	@ (10001fbc <pll_init+0xf8>)
10001f1c:	429c      	cmp	r4, r3
10001f1e:	d044      	beq.n	10001faa <pll_init+0xe6>
10001f20:	220c      	movs	r2, #12
10001f22:	2301      	movs	r3, #1
10001f24:	4093      	lsls	r3, r2
10001f26:	4a26      	ldr	r2, [pc, #152]	@ (10001fc0 <pll_init+0xfc>)
10001f28:	6013      	str	r3, [r2, #0]
10001f2a:	4a26      	ldr	r2, [pc, #152]	@ (10001fc4 <pll_init+0x100>)
10001f2c:	6013      	str	r3, [r2, #0]
10001f2e:	4a26      	ldr	r2, [pc, #152]	@ (10001fc8 <pll_init+0x104>)
10001f30:	6812      	ldr	r2, [r2, #0]
10001f32:	0019      	movs	r1, r3
10001f34:	4391      	bics	r1, r2
10001f36:	1e0a      	subs	r2, r1, #0
10001f38:	d1f9      	bne.n	10001f2e <pll_init+0x6a>
10001f3a:	6026      	str	r6, [r4, #0]
10001f3c:	60a0      	str	r0, [r4, #8]
10001f3e:	4b23      	ldr	r3, [pc, #140]	@ (10001fcc <pll_init+0x108>)
10001f40:	18e3      	adds	r3, r4, r3
10001f42:	3221      	adds	r2, #33	@ 0x21
10001f44:	601a      	str	r2, [r3, #0]
10001f46:	6822      	ldr	r2, [r4, #0]
10001f48:	2a00      	cmp	r2, #0
10001f4a:	dafc      	bge.n	10001f46 <pll_init+0x82>
10001f4c:	60e5      	str	r5, [r4, #12]
10001f4e:	2208      	movs	r2, #8
10001f50:	601a      	str	r2, [r3, #0]
10001f52:	bc80      	pop	{r7}
10001f54:	46b8      	mov	r8, r7
10001f56:	bdf0      	pop	{r4, r5, r6, r7, pc}
10001f58:	4b1d      	ldr	r3, [pc, #116]	@ (10001fd0 <pll_init+0x10c>)
10001f5a:	4a1e      	ldr	r2, [pc, #120]	@ (10001fd4 <pll_init+0x110>)
10001f5c:	481e      	ldr	r0, [pc, #120]	@ (10001fd8 <pll_init+0x114>)
10001f5e:	2111      	movs	r1, #17
10001f60:	f003 f814 	bl	10004f8c <__assert_func>
10001f64:	4b1d      	ldr	r3, [pc, #116]	@ (10001fdc <pll_init+0x118>)
10001f66:	4a1b      	ldr	r2, [pc, #108]	@ (10001fd4 <pll_init+0x110>)
10001f68:	481b      	ldr	r0, [pc, #108]	@ (10001fd8 <pll_init+0x114>)
10001f6a:	2119      	movs	r1, #25
10001f6c:	f003 f80e 	bl	10004f8c <__assert_func>
10001f70:	4b1b      	ldr	r3, [pc, #108]	@ (10001fe0 <pll_init+0x11c>)
10001f72:	4a18      	ldr	r2, [pc, #96]	@ (10001fd4 <pll_init+0x110>)
10001f74:	4818      	ldr	r0, [pc, #96]	@ (10001fd8 <pll_init+0x114>)
10001f76:	211c      	movs	r1, #28
10001f78:	f003 f808 	bl	10004f8c <__assert_func>
10001f7c:	4b19      	ldr	r3, [pc, #100]	@ (10001fe4 <pll_init+0x120>)
10001f7e:	4a15      	ldr	r2, [pc, #84]	@ (10001fd4 <pll_init+0x110>)
10001f80:	4815      	ldr	r0, [pc, #84]	@ (10001fd8 <pll_init+0x114>)
10001f82:	2123      	movs	r1, #35	@ 0x23
10001f84:	f003 f802 	bl	10004f8c <__assert_func>
10001f88:	6822      	ldr	r2, [r4, #0]
10001f8a:	233f      	movs	r3, #63	@ 0x3f
10001f8c:	4013      	ands	r3, r2
10001f8e:	42b3      	cmp	r3, r6
10001f90:	d1c3      	bne.n	10001f1a <pll_init+0x56>
10001f92:	68a3      	ldr	r3, [r4, #8]
10001f94:	051b      	lsls	r3, r3, #20
10001f96:	0d1b      	lsrs	r3, r3, #20
10001f98:	4283      	cmp	r3, r0
10001f9a:	d1be      	bne.n	10001f1a <pll_init+0x56>
10001f9c:	68e3      	ldr	r3, [r4, #12]
10001f9e:	22ee      	movs	r2, #238	@ 0xee
10001fa0:	02d2      	lsls	r2, r2, #11
10001fa2:	4013      	ands	r3, r2
10001fa4:	42ab      	cmp	r3, r5
10001fa6:	d1b8      	bne.n	10001f1a <pll_init+0x56>
10001fa8:	e7d3      	b.n	10001f52 <pll_init+0x8e>
10001faa:	220d      	movs	r2, #13
10001fac:	e7b9      	b.n	10001f22 <pll_init+0x5e>
10001fae:	46c0      	nop			@ (mov r8, r8)
10001fb0:	00b71b00 	.word	0x00b71b00
10001fb4:	d34be880 	.word	0xd34be880
10001fb8:	32a9f880 	.word	0x32a9f880
10001fbc:	4002c000 	.word	0x4002c000
10001fc0:	4000e000 	.word	0x4000e000
10001fc4:	4000f000 	.word	0x4000f000
10001fc8:	4000c008 	.word	0x4000c008
10001fcc:	00003004 	.word	0x00003004
10001fd0:	10008e10 	.word	0x10008e10
10001fd4:	1000977c 	.word	0x1000977c
10001fd8:	10008e60 	.word	0x10008e60
10001fdc:	10008ea4 	.word	0x10008ea4
10001fe0:	10008ec0 	.word	0x10008ec0
10001fe4:	10008f0c 	.word	0x10008f0c

10001fe8 <watchdog_update>:
10001fe8:	4b02      	ldr	r3, [pc, #8]	@ (10001ff4 <watchdog_update+0xc>)
10001fea:	681a      	ldr	r2, [r3, #0]
10001fec:	4b02      	ldr	r3, [pc, #8]	@ (10001ff8 <watchdog_update+0x10>)
10001fee:	605a      	str	r2, [r3, #4]
10001ff0:	4770      	bx	lr
10001ff2:	46c0      	nop			@ (mov r8, r8)
10001ff4:	20001b40 	.word	0x20001b40
10001ff8:	40058000 	.word	0x40058000

10001ffc <_watchdog_enable>:
10001ffc:	b510      	push	{r4, lr}
10001ffe:	4b17      	ldr	r3, [pc, #92]	@ (1000205c <_watchdog_enable+0x60>)
10002000:	2280      	movs	r2, #128	@ 0x80
10002002:	05d2      	lsls	r2, r2, #23
10002004:	601a      	str	r2, [r3, #0]
10002006:	4b16      	ldr	r3, [pc, #88]	@ (10002060 <_watchdog_enable+0x64>)
10002008:	4a16      	ldr	r2, [pc, #88]	@ (10002064 <_watchdog_enable+0x68>)
1000200a:	601a      	str	r2, [r3, #0]
1000200c:	2900      	cmp	r1, #0
1000200e:	d00a      	beq.n	10002026 <_watchdog_enable+0x2a>
10002010:	4b15      	ldr	r3, [pc, #84]	@ (10002068 <_watchdog_enable+0x6c>)
10002012:	22e0      	movs	r2, #224	@ 0xe0
10002014:	04d2      	lsls	r2, r2, #19
10002016:	601a      	str	r2, [r3, #0]
10002018:	2800      	cmp	r0, #0
1000201a:	d109      	bne.n	10002030 <_watchdog_enable+0x34>
1000201c:	4b12      	ldr	r3, [pc, #72]	@ (10002068 <_watchdog_enable+0x6c>)
1000201e:	2280      	movs	r2, #128	@ 0x80
10002020:	0612      	lsls	r2, r2, #24
10002022:	601a      	str	r2, [r3, #0]
10002024:	bd10      	pop	{r4, pc}
10002026:	4b0d      	ldr	r3, [pc, #52]	@ (1000205c <_watchdog_enable+0x60>)
10002028:	22e0      	movs	r2, #224	@ 0xe0
1000202a:	04d2      	lsls	r2, r2, #19
1000202c:	601a      	str	r2, [r3, #0]
1000202e:	e7f3      	b.n	10002018 <_watchdog_enable+0x1c>
10002030:	0143      	lsls	r3, r0, #5
10002032:	1a1b      	subs	r3, r3, r0
10002034:	009b      	lsls	r3, r3, #2
10002036:	1818      	adds	r0, r3, r0
10002038:	0100      	lsls	r0, r0, #4
1000203a:	4b0c      	ldr	r3, [pc, #48]	@ (1000206c <_watchdog_enable+0x70>)
1000203c:	6018      	str	r0, [r3, #0]
1000203e:	2380      	movs	r3, #128	@ 0x80
10002040:	045b      	lsls	r3, r3, #17
10002042:	4298      	cmp	r0, r3
10002044:	d302      	bcc.n	1000204c <_watchdog_enable+0x50>
10002046:	4b09      	ldr	r3, [pc, #36]	@ (1000206c <_watchdog_enable+0x70>)
10002048:	4a09      	ldr	r2, [pc, #36]	@ (10002070 <_watchdog_enable+0x74>)
1000204a:	601a      	str	r2, [r3, #0]
1000204c:	f7ff ffcc 	bl	10001fe8 <watchdog_update>
10002050:	4b05      	ldr	r3, [pc, #20]	@ (10002068 <_watchdog_enable+0x6c>)
10002052:	2280      	movs	r2, #128	@ 0x80
10002054:	05d2      	lsls	r2, r2, #23
10002056:	601a      	str	r2, [r3, #0]
10002058:	e7e4      	b.n	10002024 <_watchdog_enable+0x28>
1000205a:	46c0      	nop			@ (mov r8, r8)
1000205c:	4005b000 	.word	0x4005b000
10002060:	40012008 	.word	0x40012008
10002064:	0001fffc 	.word	0x0001fffc
10002068:	4005a000 	.word	0x4005a000
1000206c:	20001b40 	.word	0x20001b40
10002070:	00ffffff 	.word	0x00ffffff

10002074 <watchdog_reboot>:
10002074:	b510      	push	{r4, lr}
10002076:	0003      	movs	r3, r0
10002078:	0010      	movs	r0, r2
1000207a:	4a0c      	ldr	r2, [pc, #48]	@ (100020ac <watchdog_reboot+0x38>)
1000207c:	2480      	movs	r4, #128	@ 0x80
1000207e:	05e4      	lsls	r4, r4, #23
10002080:	6014      	str	r4, [r2, #0]
10002082:	2b00      	cmp	r3, #0
10002084:	d00d      	beq.n	100020a2 <watchdog_reboot+0x2e>
10002086:	2201      	movs	r2, #1
10002088:	4313      	orrs	r3, r2
1000208a:	4a09      	ldr	r2, [pc, #36]	@ (100020b0 <watchdog_reboot+0x3c>)
1000208c:	4c09      	ldr	r4, [pc, #36]	@ (100020b4 <watchdog_reboot+0x40>)
1000208e:	61d4      	str	r4, [r2, #28]
10002090:	4c09      	ldr	r4, [pc, #36]	@ (100020b8 <watchdog_reboot+0x44>)
10002092:	405c      	eors	r4, r3
10002094:	6214      	str	r4, [r2, #32]
10002096:	6251      	str	r1, [r2, #36]	@ 0x24
10002098:	6293      	str	r3, [r2, #40]	@ 0x28
1000209a:	2100      	movs	r1, #0
1000209c:	f7ff ffae 	bl	10001ffc <_watchdog_enable>
100020a0:	bd10      	pop	{r4, pc}
100020a2:	4b03      	ldr	r3, [pc, #12]	@ (100020b0 <watchdog_reboot+0x3c>)
100020a4:	2200      	movs	r2, #0
100020a6:	61da      	str	r2, [r3, #28]
100020a8:	e7f7      	b.n	1000209a <watchdog_reboot+0x26>
100020aa:	46c0      	nop			@ (mov r8, r8)
100020ac:	4005b000 	.word	0x4005b000
100020b0:	40058000 	.word	0x40058000
100020b4:	b007c0d3 	.word	0xb007c0d3
100020b8:	4ff83f2d 	.word	0x4ff83f2d

100020bc <tick_start>:
100020bc:	2380      	movs	r3, #128	@ 0x80
100020be:	009b      	lsls	r3, r3, #2
100020c0:	430b      	orrs	r3, r1
100020c2:	4a01      	ldr	r2, [pc, #4]	@ (100020c8 <tick_start+0xc>)
100020c4:	62d3      	str	r3, [r2, #44]	@ 0x2c
100020c6:	4770      	bx	lr
100020c8:	40058000 	.word	0x40058000

100020cc <rom_func_lookup>:
100020cc:	b510      	push	{r4, lr}
100020ce:	0001      	movs	r1, r0
100020d0:	2318      	movs	r3, #24
100020d2:	881b      	ldrh	r3, [r3, #0]
100020d4:	2214      	movs	r2, #20
100020d6:	8810      	ldrh	r0, [r2, #0]
100020d8:	4798      	blx	r3
100020da:	bd10      	pop	{r4, pc}

100020dc <rom_data_lookup>:
100020dc:	b510      	push	{r4, lr}
100020de:	0001      	movs	r1, r0
100020e0:	2318      	movs	r3, #24
100020e2:	881b      	ldrh	r3, [r3, #0]
100020e4:	2216      	movs	r2, #22
100020e6:	8810      	ldrh	r0, [r2, #0]
100020e8:	4798      	blx	r3
100020ea:	bd10      	pop	{r4, pc}

100020ec <rom_funcs_lookup>:
100020ec:	b5f0      	push	{r4, r5, r6, r7, lr}
100020ee:	46c6      	mov	lr, r8
100020f0:	b500      	push	{lr}
100020f2:	0007      	movs	r7, r0
100020f4:	000e      	movs	r6, r1
100020f6:	2500      	movs	r5, #0
100020f8:	2301      	movs	r3, #1
100020fa:	4698      	mov	r8, r3
100020fc:	e000      	b.n	10002100 <rom_funcs_lookup+0x14>
100020fe:	3501      	adds	r5, #1
10002100:	42b5      	cmp	r5, r6
10002102:	d20a      	bcs.n	1000211a <rom_funcs_lookup+0x2e>
10002104:	00ac      	lsls	r4, r5, #2
10002106:	193c      	adds	r4, r7, r4
10002108:	6820      	ldr	r0, [r4, #0]
1000210a:	f7ff ffdf 	bl	100020cc <rom_func_lookup>
1000210e:	6020      	str	r0, [r4, #0]
10002110:	2800      	cmp	r0, #0
10002112:	d1f4      	bne.n	100020fe <rom_funcs_lookup+0x12>
10002114:	2300      	movs	r3, #0
10002116:	4698      	mov	r8, r3
10002118:	e7f1      	b.n	100020fe <rom_funcs_lookup+0x12>
1000211a:	4640      	mov	r0, r8
1000211c:	bc80      	pop	{r7}
1000211e:	46b8      	mov	r8, r7
10002120:	bdf0      	pop	{r4, r5, r6, r7, pc}
	...

10002124 <rom_reset_usb_boot_extra>:
10002124:	b570      	push	{r4, r5, r6, lr}
10002126:	0004      	movs	r4, r0
10002128:	000d      	movs	r5, r1
1000212a:	4806      	ldr	r0, [pc, #24]	@ (10002144 <rom_reset_usb_boot_extra+0x20>)
1000212c:	f7ff ffce 	bl	100020cc <rom_func_lookup>
10002130:	0003      	movs	r3, r0
10002132:	2c00      	cmp	r4, #0
10002134:	db03      	blt.n	1000213e <rom_reset_usb_boot_extra+0x1a>
10002136:	2001      	movs	r0, #1
10002138:	40a0      	lsls	r0, r4
1000213a:	0029      	movs	r1, r5
1000213c:	4798      	blx	r3
1000213e:	2000      	movs	r0, #0
10002140:	e7fb      	b.n	1000213a <rom_reset_usb_boot_extra+0x16>
10002142:	46c0      	nop			@ (mov r8, r8)
10002144:	00004255 	.word	0x00004255

10002148 <xosc_init>:
10002148:	4b07      	ldr	r3, [pc, #28]	@ (10002168 <xosc_init+0x20>)
1000214a:	22aa      	movs	r2, #170	@ 0xaa
1000214c:	0112      	lsls	r2, r2, #4
1000214e:	601a      	str	r2, [r3, #0]
10002150:	228d      	movs	r2, #141	@ 0x8d
10002152:	0052      	lsls	r2, r2, #1
10002154:	60da      	str	r2, [r3, #12]
10002156:	4b05      	ldr	r3, [pc, #20]	@ (1000216c <xosc_init+0x24>)
10002158:	4a05      	ldr	r2, [pc, #20]	@ (10002170 <xosc_init+0x28>)
1000215a:	601a      	str	r2, [r3, #0]
1000215c:	4b02      	ldr	r3, [pc, #8]	@ (10002168 <xosc_init+0x20>)
1000215e:	685b      	ldr	r3, [r3, #4]
10002160:	2b00      	cmp	r3, #0
10002162:	dafb      	bge.n	1000215c <xosc_init+0x14>
10002164:	4770      	bx	lr
10002166:	46c0      	nop			@ (mov r8, r8)
10002168:	40024000 	.word	0x40024000
1000216c:	40026000 	.word	0x40026000
10002170:	00fab000 	.word	0x00fab000

10002174 <runtime_run_initializers_from>:
10002174:	b510      	push	{r4, lr}
10002176:	0004      	movs	r4, r0
10002178:	e001      	b.n	1000217e <runtime_run_initializers_from+0xa>
1000217a:	cc08      	ldmia	r4!, {r3}
1000217c:	4798      	blx	r3
1000217e:	4b02      	ldr	r3, [pc, #8]	@ (10002188 <runtime_run_initializers_from+0x14>)
10002180:	429c      	cmp	r4, r3
10002182:	d3fa      	bcc.n	1000217a <runtime_run_initializers_from+0x6>
10002184:	bd10      	pop	{r4, pc}
10002186:	46c0      	nop			@ (mov r8, r8)
10002188:	10008854 	.word	0x10008854

1000218c <first_per_core_initializer>:
1000218c:	4770      	bx	lr
	...

10002190 <runtime_run_initializers>:
10002190:	b510      	push	{r4, lr}
10002192:	4802      	ldr	r0, [pc, #8]	@ (1000219c <runtime_run_initializers+0xc>)
10002194:	f7ff ffee 	bl	10002174 <runtime_run_initializers_from>
10002198:	bd10      	pop	{r4, pc}
1000219a:	46c0      	nop			@ (mov r8, r8)
1000219c:	10008818 	.word	0x10008818

100021a0 <runtime_init_early_resets>:
100021a0:	4b05      	ldr	r3, [pc, #20]	@ (100021b8 <runtime_init_early_resets+0x18>)
100021a2:	4a06      	ldr	r2, [pc, #24]	@ (100021bc <runtime_init_early_resets+0x1c>)
100021a4:	601a      	str	r2, [r3, #0]
100021a6:	4b06      	ldr	r3, [pc, #24]	@ (100021c0 <runtime_init_early_resets+0x20>)
100021a8:	4a06      	ldr	r2, [pc, #24]	@ (100021c4 <runtime_init_early_resets+0x24>)
100021aa:	601a      	str	r2, [r3, #0]
100021ac:	4b06      	ldr	r3, [pc, #24]	@ (100021c8 <runtime_init_early_resets+0x28>)
100021ae:	681a      	ldr	r2, [r3, #0]
100021b0:	4b04      	ldr	r3, [pc, #16]	@ (100021c4 <runtime_init_early_resets+0x24>)
100021b2:	4393      	bics	r3, r2
100021b4:	d1fa      	bne.n	100021ac <runtime_init_early_resets+0xc>
100021b6:	4770      	bx	lr
100021b8:	4000e000 	.word	0x4000e000
100021bc:	fefbcdbf 	.word	0xfefbcdbf
100021c0:	4000f000 	.word	0x4000f000
100021c4:	003c7ffe 	.word	0x003c7ffe
100021c8:	4000c008 	.word	0x4000c008

100021cc <runtime_init_usb_power_down>:
100021cc:	4b04      	ldr	r3, [pc, #16]	@ (100021e0 <runtime_init_usb_power_down+0x14>)
100021ce:	6cdb      	ldr	r3, [r3, #76]	@ 0x4c
100021d0:	2b00      	cmp	r3, #0
100021d2:	d103      	bne.n	100021dc <runtime_init_usb_power_down+0x10>
100021d4:	4b03      	ldr	r3, [pc, #12]	@ (100021e4 <runtime_init_usb_power_down+0x18>)
100021d6:	2280      	movs	r2, #128	@ 0x80
100021d8:	02d2      	lsls	r2, r2, #11
100021da:	601a      	str	r2, [r3, #0]
100021dc:	4770      	bx	lr
100021de:	46c0      	nop			@ (mov r8, r8)
100021e0:	50110000 	.word	0x50110000
100021e4:	5011204c 	.word	0x5011204c

100021e8 <runtime_init_post_clock_resets>:
100021e8:	4b04      	ldr	r3, [pc, #16]	@ (100021fc <runtime_init_post_clock_resets+0x14>)
100021ea:	4a05      	ldr	r2, [pc, #20]	@ (10002200 <runtime_init_post_clock_resets+0x18>)
100021ec:	601a      	str	r2, [r3, #0]
100021ee:	4b05      	ldr	r3, [pc, #20]	@ (10002204 <runtime_init_post_clock_resets+0x1c>)
100021f0:	681b      	ldr	r3, [r3, #0]
100021f2:	43db      	mvns	r3, r3
100021f4:	01db      	lsls	r3, r3, #7
100021f6:	d1fa      	bne.n	100021ee <runtime_init_post_clock_resets+0x6>
100021f8:	4770      	bx	lr
100021fa:	46c0      	nop			@ (mov r8, r8)
100021fc:	4000f000 	.word	0x4000f000
10002200:	01ffffff 	.word	0x01ffffff
10002204:	4000c008 	.word	0x4000c008

10002208 <runtime_init_rp2040_gpio_ie_disable>:
10002208:	4b03      	ldr	r3, [pc, #12]	@ (10002218 <runtime_init_rp2040_gpio_ie_disable+0x10>)
1000220a:	2240      	movs	r2, #64	@ 0x40
1000220c:	679a      	str	r2, [r3, #120]	@ 0x78
1000220e:	675a      	str	r2, [r3, #116]	@ 0x74
10002210:	671a      	str	r2, [r3, #112]	@ 0x70
10002212:	66da      	str	r2, [r3, #108]	@ 0x6c
10002214:	4770      	bx	lr
10002216:	46c0      	nop			@ (mov r8, r8)
10002218:	4001f000 	.word	0x4001f000

1000221c <runtime_init_spin_locks_reset>:
1000221c:	b510      	push	{r4, lr}
1000221e:	f7fe fced 	bl	10000bfc <spin_locks_reset>
10002222:	bd10      	pop	{r4, pc}

10002224 <runtime_init_install_ram_vector_table>:
10002224:	b510      	push	{r4, lr}
10002226:	4a0c      	ldr	r2, [pc, #48]	@ (10002258 <runtime_init_install_ram_vector_table+0x34>)
10002228:	4b0c      	ldr	r3, [pc, #48]	@ (1000225c <runtime_init_install_ram_vector_table+0x38>)
1000222a:	1ad2      	subs	r2, r2, r3
1000222c:	1092      	asrs	r2, r2, #2
1000222e:	0014      	movs	r4, r2
10002230:	2a30      	cmp	r2, #48	@ 0x30
10002232:	d900      	bls.n	10002236 <runtime_init_install_ram_vector_table+0x12>
10002234:	2230      	movs	r2, #48	@ 0x30
10002236:	0092      	lsls	r2, r2, #2
10002238:	4809      	ldr	r0, [pc, #36]	@ (10002260 <runtime_init_install_ram_vector_table+0x3c>)
1000223a:	4908      	ldr	r1, [pc, #32]	@ (1000225c <runtime_init_install_ram_vector_table+0x38>)
1000223c:	f001 fdbe 	bl	10003dbc <__wrap___aeabi_memcpy>
10002240:	e004      	b.n	1000224c <runtime_init_install_ram_vector_table+0x28>
10002242:	4a08      	ldr	r2, [pc, #32]	@ (10002264 <runtime_init_install_ram_vector_table+0x40>)
10002244:	4b06      	ldr	r3, [pc, #24]	@ (10002260 <runtime_init_install_ram_vector_table+0x3c>)
10002246:	00a1      	lsls	r1, r4, #2
10002248:	50ca      	str	r2, [r1, r3]
1000224a:	3401      	adds	r4, #1
1000224c:	2c2f      	cmp	r4, #47	@ 0x2f
1000224e:	d9f8      	bls.n	10002242 <runtime_init_install_ram_vector_table+0x1e>
10002250:	4b03      	ldr	r3, [pc, #12]	@ (10002260 <runtime_init_install_ram_vector_table+0x3c>)
10002252:	4a05      	ldr	r2, [pc, #20]	@ (10002268 <runtime_init_install_ram_vector_table+0x44>)
10002254:	6093      	str	r3, [r2, #8]
10002256:	bd10      	pop	{r4, pc}
10002258:	100001c0 	.word	0x100001c0
1000225c:	10000100 	.word	0x10000100
10002260:	20000000 	.word	0x20000000
10002264:	100001c1 	.word	0x100001c1
10002268:	e000ed00 	.word	0xe000ed00

1000226c <start_all_ticks>:
1000226c:	b570      	push	{r4, r5, r6, lr}
1000226e:	2004      	movs	r0, #4
10002270:	f7ff fe22 	bl	10001eb8 <clock_get_hz>
10002274:	4906      	ldr	r1, [pc, #24]	@ (10002290 <start_all_ticks+0x24>)
10002276:	f000 f8a3 	bl	100023c0 <__wrap___aeabi_uidiv>
1000227a:	0005      	movs	r5, r0
1000227c:	2400      	movs	r4, #0
1000227e:	2c00      	cmp	r4, #0
10002280:	dd00      	ble.n	10002284 <start_all_ticks+0x18>
10002282:	bd70      	pop	{r4, r5, r6, pc}
10002284:	b2e0      	uxtb	r0, r4
10002286:	0029      	movs	r1, r5
10002288:	f7ff ff18 	bl	100020bc <tick_start>
1000228c:	3401      	adds	r4, #1
1000228e:	e7f6      	b.n	1000227e <start_all_ticks+0x12>
10002290:	000f4240 	.word	0x000f4240

10002294 <runtime_init_clocks>:
10002294:	b530      	push	{r4, r5, lr}
10002296:	b083      	sub	sp, #12
10002298:	4b27      	ldr	r3, [pc, #156]	@ (10002338 <runtime_init_clocks+0xa4>)
1000229a:	2200      	movs	r2, #0
1000229c:	679a      	str	r2, [r3, #120]	@ 0x78
1000229e:	f7ff ff53 	bl	10002148 <xosc_init>
100022a2:	4b26      	ldr	r3, [pc, #152]	@ (1000233c <runtime_init_clocks+0xa8>)
100022a4:	2201      	movs	r2, #1
100022a6:	601a      	str	r2, [r3, #0]
100022a8:	4b23      	ldr	r3, [pc, #140]	@ (10002338 <runtime_init_clocks+0xa4>)
100022aa:	6c5b      	ldr	r3, [r3, #68]	@ 0x44
100022ac:	2b01      	cmp	r3, #1
100022ae:	d1fb      	bne.n	100022a8 <runtime_init_clocks+0x14>
100022b0:	4b23      	ldr	r3, [pc, #140]	@ (10002340 <runtime_init_clocks+0xac>)
100022b2:	2203      	movs	r2, #3
100022b4:	601a      	str	r2, [r3, #0]
100022b6:	4b20      	ldr	r3, [pc, #128]	@ (10002338 <runtime_init_clocks+0xa4>)
100022b8:	6b9b      	ldr	r3, [r3, #56]	@ 0x38
100022ba:	2b01      	cmp	r3, #1
100022bc:	d1fb      	bne.n	100022b6 <runtime_init_clocks+0x22>
100022be:	3301      	adds	r3, #1
100022c0:	9300      	str	r3, [sp, #0]
100022c2:	3304      	adds	r3, #4
100022c4:	4a1f      	ldr	r2, [pc, #124]	@ (10002344 <runtime_init_clocks+0xb0>)
100022c6:	2101      	movs	r1, #1
100022c8:	481f      	ldr	r0, [pc, #124]	@ (10002348 <runtime_init_clocks+0xb4>)
100022ca:	f7ff fdfb 	bl	10001ec4 <pll_init>
100022ce:	2305      	movs	r3, #5
100022d0:	9300      	str	r3, [sp, #0]
100022d2:	4a1e      	ldr	r2, [pc, #120]	@ (1000234c <runtime_init_clocks+0xb8>)
100022d4:	2101      	movs	r1, #1
100022d6:	481e      	ldr	r0, [pc, #120]	@ (10002350 <runtime_init_clocks+0xbc>)
100022d8:	f7ff fdf4 	bl	10001ec4 <pll_init>
100022dc:	4b1d      	ldr	r3, [pc, #116]	@ (10002354 <runtime_init_clocks+0xc0>)
100022de:	2200      	movs	r2, #0
100022e0:	2102      	movs	r1, #2
100022e2:	2004      	movs	r0, #4
100022e4:	f7ff fdde 	bl	10001ea4 <clock_configure_undivided>
100022e8:	4d1b      	ldr	r5, [pc, #108]	@ (10002358 <runtime_init_clocks+0xc4>)
100022ea:	002b      	movs	r3, r5
100022ec:	2200      	movs	r2, #0
100022ee:	2101      	movs	r1, #1
100022f0:	2005      	movs	r0, #5
100022f2:	f7ff fdd7 	bl	10001ea4 <clock_configure_undivided>
100022f6:	4c19      	ldr	r4, [pc, #100]	@ (1000235c <runtime_init_clocks+0xc8>)
100022f8:	0023      	movs	r3, r4
100022fa:	2200      	movs	r2, #0
100022fc:	2100      	movs	r1, #0
100022fe:	2007      	movs	r0, #7
10002300:	f7ff fdd0 	bl	10001ea4 <clock_configure_undivided>
10002304:	0023      	movs	r3, r4
10002306:	2200      	movs	r2, #0
10002308:	2100      	movs	r1, #0
1000230a:	2008      	movs	r0, #8
1000230c:	f7ff fdca 	bl	10001ea4 <clock_configure_undivided>
10002310:	2380      	movs	r3, #128	@ 0x80
10002312:	00db      	lsls	r3, r3, #3
10002314:	9300      	str	r3, [sp, #0]
10002316:	0023      	movs	r3, r4
10002318:	2200      	movs	r2, #0
1000231a:	2100      	movs	r1, #0
1000231c:	2009      	movs	r0, #9
1000231e:	f7ff fdad 	bl	10001e7c <clock_configure_int_divider>
10002322:	002b      	movs	r3, r5
10002324:	2200      	movs	r2, #0
10002326:	2100      	movs	r1, #0
10002328:	2006      	movs	r0, #6
1000232a:	f7ff fdbb 	bl	10001ea4 <clock_configure_undivided>
1000232e:	f7ff ff9d 	bl	1000226c <start_all_ticks>
10002332:	b003      	add	sp, #12
10002334:	bd30      	pop	{r4, r5, pc}
10002336:	46c0      	nop			@ (mov r8, r8)
10002338:	40008000 	.word	0x40008000
1000233c:	4000b03c 	.word	0x4000b03c
10002340:	4000b030 	.word	0x4000b030
10002344:	59682f00 	.word	0x59682f00
10002348:	40028000 	.word	0x40028000
1000234c:	47868c00 	.word	0x47868c00
10002350:	4002c000 	.word	0x4002c000
10002354:	00b71b00 	.word	0x00b71b00
10002358:	07735940 	.word	0x07735940
1000235c:	02dc6c00 	.word	0x02dc6c00

10002360 <__aeabi_bits_init>:
10002360:	4801      	ldr	r0, [pc, #4]	@ (10002368 <__aeabi_bits_init+0x8>)
10002362:	2104      	movs	r1, #4
10002364:	4b01      	ldr	r3, [pc, #4]	@ (1000236c <__aeabi_bits_init+0xc>)
10002366:	4718      	bx	r3
10002368:	20000c70 	.word	0x20000c70
1000236c:	100020ed 	.word	0x100020ed

10002370 <__wrap___aeabi_idiv>:
10002370:	4a12      	ldr	r2, [pc, #72]	@ (100023bc <divmod_s32s32_savestate+0x18>)
10002372:	6f93      	ldr	r3, [r2, #120]	@ 0x78
10002374:	089b      	lsrs	r3, r3, #2
10002376:	d215      	bcs.n	100023a4 <divmod_s32s32_savestate>

10002378 <divmod_s32s32_unsafe>:
10002378:	6690      	str	r0, [r2, #104]	@ 0x68
1000237a:	66d1      	str	r1, [r2, #108]	@ 0x6c
1000237c:	2900      	cmp	r1, #0
1000237e:	d005      	beq.n	1000238c <divmod_s32s32_unsafe+0x14>
10002380:	e7ff      	b.n	10002382 <divmod_s32s32_unsafe+0xa>
10002382:	e7ff      	b.n	10002384 <divmod_s32s32_unsafe+0xc>
10002384:	e7ff      	b.n	10002386 <divmod_s32s32_unsafe+0xe>
10002386:	6f51      	ldr	r1, [r2, #116]	@ 0x74
10002388:	6f10      	ldr	r0, [r2, #112]	@ 0x70
1000238a:	4770      	bx	lr
1000238c:	b504      	push	{r2, lr}
1000238e:	2180      	movs	r1, #128	@ 0x80
10002390:	0609      	lsls	r1, r1, #24
10002392:	17c2      	asrs	r2, r0, #31
10002394:	4051      	eors	r1, r2
10002396:	2800      	cmp	r0, #0
10002398:	d000      	beq.n	1000239c <divmod_s32s32_unsafe+0x24>
1000239a:	43c8      	mvns	r0, r1
1000239c:	f006 f9fc 	bl	10008798 <____aeabi_idiv0_veneer>
100023a0:	2100      	movs	r1, #0
100023a2:	bd04      	pop	{r2, pc}

100023a4 <divmod_s32s32_savestate>:
100023a4:	b5f0      	push	{r4, r5, r6, r7, lr}
100023a6:	6e14      	ldr	r4, [r2, #96]	@ 0x60
100023a8:	6e55      	ldr	r5, [r2, #100]	@ 0x64
100023aa:	6f57      	ldr	r7, [r2, #116]	@ 0x74
100023ac:	6f16      	ldr	r6, [r2, #112]	@ 0x70
100023ae:	f7ff ffe3 	bl	10002378 <divmod_s32s32_unsafe>
100023b2:	6614      	str	r4, [r2, #96]	@ 0x60
100023b4:	6655      	str	r5, [r2, #100]	@ 0x64
100023b6:	6757      	str	r7, [r2, #116]	@ 0x74
100023b8:	6716      	str	r6, [r2, #112]	@ 0x70
100023ba:	bdf0      	pop	{r4, r5, r6, r7, pc}
100023bc:	d0000000 	.word	0xd0000000

100023c0 <__wrap___aeabi_uidiv>:
100023c0:	4a11      	ldr	r2, [pc, #68]	@ (10002408 <divmod_u32u32_savestate+0x18>)
100023c2:	6f93      	ldr	r3, [r2, #120]	@ 0x78
100023c4:	089b      	lsrs	r3, r3, #2
100023c6:	d213      	bcs.n	100023f0 <divmod_u32u32_savestate>

100023c8 <divmod_u32u32_unsafe>:
100023c8:	6610      	str	r0, [r2, #96]	@ 0x60
100023ca:	6651      	str	r1, [r2, #100]	@ 0x64
100023cc:	2900      	cmp	r1, #0
100023ce:	d005      	beq.n	100023dc <divmod_u32u32_unsafe+0x14>
100023d0:	e7ff      	b.n	100023d2 <divmod_u32u32_unsafe+0xa>
100023d2:	e7ff      	b.n	100023d4 <divmod_u32u32_unsafe+0xc>
100023d4:	e7ff      	b.n	100023d6 <divmod_u32u32_unsafe+0xe>
100023d6:	6f51      	ldr	r1, [r2, #116]	@ 0x74
100023d8:	6f10      	ldr	r0, [r2, #112]	@ 0x70
100023da:	4770      	bx	lr
100023dc:	b504      	push	{r2, lr}
100023de:	2800      	cmp	r0, #0
100023e0:	d001      	beq.n	100023e6 <divmod_u32u32_unsafe+0x1e>
100023e2:	2000      	movs	r0, #0
100023e4:	43c0      	mvns	r0, r0
100023e6:	f006 f9d7 	bl	10008798 <____aeabi_idiv0_veneer>
100023ea:	2100      	movs	r1, #0
100023ec:	bd04      	pop	{r2, pc}
100023ee:	46c0      	nop			@ (mov r8, r8)

100023f0 <divmod_u32u32_savestate>:
100023f0:	b5f0      	push	{r4, r5, r6, r7, lr}
100023f2:	6e14      	ldr	r4, [r2, #96]	@ 0x60
100023f4:	6e55      	ldr	r5, [r2, #100]	@ 0x64
100023f6:	6f57      	ldr	r7, [r2, #116]	@ 0x74
100023f8:	6f16      	ldr	r6, [r2, #112]	@ 0x70
100023fa:	f7ff ffe5 	bl	100023c8 <divmod_u32u32_unsafe>
100023fe:	6614      	str	r4, [r2, #96]	@ 0x60
10002400:	6655      	str	r5, [r2, #100]	@ 0x64
10002402:	6757      	str	r7, [r2, #116]	@ 0x74
10002404:	6716      	str	r6, [r2, #112]	@ 0x70
10002406:	bdf0      	pop	{r4, r5, r6, r7, pc}
10002408:	d0000000 	.word	0xd0000000

1000240c <__wrap___aeabi_ldivmod>:
1000240c:	4694      	mov	ip, r2
1000240e:	4a4a      	ldr	r2, [pc, #296]	@ (10002538 <udiv0+0x1a>)
10002410:	6f92      	ldr	r2, [r2, #120]	@ 0x78
10002412:	0892      	lsrs	r2, r2, #2
10002414:	4662      	mov	r2, ip
10002416:	d201      	bcs.n	1000241c <divmod_s64s64_savestate>
10002418:	e028      	b.n	1000246c <divmod_s64s64_unsafe>
1000241a:	46c0      	nop			@ (mov r8, r8)

1000241c <divmod_s64s64_savestate>:
1000241c:	b5f0      	push	{r4, r5, r6, r7, lr}
1000241e:	4e46      	ldr	r6, [pc, #280]	@ (10002538 <udiv0+0x1a>)
10002420:	6e34      	ldr	r4, [r6, #96]	@ 0x60
10002422:	6e75      	ldr	r5, [r6, #100]	@ 0x64
10002424:	6f77      	ldr	r7, [r6, #116]	@ 0x74
10002426:	6f36      	ldr	r6, [r6, #112]	@ 0x70
10002428:	f000 f820 	bl	1000246c <divmod_s64s64_unsafe>
1000242c:	4694      	mov	ip, r2
1000242e:	4a42      	ldr	r2, [pc, #264]	@ (10002538 <udiv0+0x1a>)
10002430:	6614      	str	r4, [r2, #96]	@ 0x60
10002432:	6655      	str	r5, [r2, #100]	@ 0x64
10002434:	6757      	str	r7, [r2, #116]	@ 0x74
10002436:	6716      	str	r6, [r2, #112]	@ 0x70
10002438:	4662      	mov	r2, ip
1000243a:	bdf0      	pop	{r4, r5, r6, r7, pc}

1000243c <__wrap___aeabi_uldivmod>:
1000243c:	4694      	mov	ip, r2
1000243e:	4a3e      	ldr	r2, [pc, #248]	@ (10002538 <udiv0+0x1a>)
10002440:	6f92      	ldr	r2, [r2, #120]	@ 0x78
10002442:	0892      	lsrs	r2, r2, #2
10002444:	4662      	mov	r2, ip
10002446:	d201      	bcs.n	1000244c <divmod_u64u64_savestate>
10002448:	e054      	b.n	100024f4 <divmod_u64u64_unsafe>
1000244a:	46c0      	nop			@ (mov r8, r8)

1000244c <divmod_u64u64_savestate>:
1000244c:	b5f0      	push	{r4, r5, r6, r7, lr}
1000244e:	4e3a      	ldr	r6, [pc, #232]	@ (10002538 <udiv0+0x1a>)
10002450:	6e34      	ldr	r4, [r6, #96]	@ 0x60
10002452:	6e75      	ldr	r5, [r6, #100]	@ 0x64
10002454:	6f77      	ldr	r7, [r6, #116]	@ 0x74
10002456:	6f36      	ldr	r6, [r6, #112]	@ 0x70
10002458:	f000 f84c 	bl	100024f4 <divmod_u64u64_unsafe>
1000245c:	4694      	mov	ip, r2
1000245e:	4a36      	ldr	r2, [pc, #216]	@ (10002538 <udiv0+0x1a>)
10002460:	6614      	str	r4, [r2, #96]	@ 0x60
10002462:	6655      	str	r5, [r2, #100]	@ 0x64
10002464:	6757      	str	r7, [r2, #116]	@ 0x74
10002466:	6716      	str	r6, [r2, #112]	@ 0x70
10002468:	4662      	mov	r2, ip
1000246a:	bdf0      	pop	{r4, r5, r6, r7, pc}

1000246c <divmod_s64s64_unsafe>:
1000246c:	2b00      	cmp	r3, #0
1000246e:	db24      	blt.n	100024ba <l42_1+0x26>
10002470:	d011      	beq.n	10002496 <l42_1+0x2>
10002472:	2900      	cmp	r1, #0
10002474:	da3e      	bge.n	100024f4 <divmod_u64u64_unsafe>
10002476:	b500      	push	{lr}
10002478:	43c9      	mvns	r1, r1
1000247a:	4240      	negs	r0, r0
1000247c:	d100      	bne.n	10002480 <l40_1>
1000247e:	3101      	adds	r1, #1

10002480 <l40_1>:
10002480:	f000 f838 	bl	100024f4 <divmod_u64u64_unsafe>
10002484:	43c9      	mvns	r1, r1
10002486:	4240      	negs	r0, r0
10002488:	d100      	bne.n	1000248c <l41_1>
1000248a:	3101      	adds	r1, #1

1000248c <l41_1>:
1000248c:	43db      	mvns	r3, r3
1000248e:	4252      	negs	r2, r2
10002490:	d100      	bne.n	10002494 <l42_1>
10002492:	3301      	adds	r3, #1

10002494 <l42_1>:
10002494:	bd00      	pop	{pc}
10002496:	2a00      	cmp	r2, #0
10002498:	d1eb      	bne.n	10002472 <divmod_s64s64_unsafe+0x6>
1000249a:	2800      	cmp	r0, #0
1000249c:	d101      	bne.n	100024a2 <l42_1+0xe>
1000249e:	2900      	cmp	r1, #0
100024a0:	d005      	beq.n	100024ae <l42_1+0x1a>
100024a2:	2000      	movs	r0, #0
100024a4:	0fc9      	lsrs	r1, r1, #31
100024a6:	07c9      	lsls	r1, r1, #31
100024a8:	d101      	bne.n	100024ae <l42_1+0x1a>
100024aa:	43c0      	mvns	r0, r0
100024ac:	0841      	lsrs	r1, r0, #1
100024ae:	b500      	push	{lr}
100024b0:	f006 f95a 	bl	10008768 <____aeabi_ldiv0_veneer>
100024b4:	2200      	movs	r2, #0
100024b6:	2300      	movs	r3, #0
100024b8:	bd00      	pop	{pc}
100024ba:	b500      	push	{lr}
100024bc:	2900      	cmp	r1, #0
100024be:	db0a      	blt.n	100024d6 <l44_1+0x2>
100024c0:	43db      	mvns	r3, r3
100024c2:	4252      	negs	r2, r2
100024c4:	d100      	bne.n	100024c8 <l43_1>
100024c6:	3301      	adds	r3, #1

100024c8 <l43_1>:
100024c8:	f000 f814 	bl	100024f4 <divmod_u64u64_unsafe>
100024cc:	43c9      	mvns	r1, r1
100024ce:	4240      	negs	r0, r0
100024d0:	d100      	bne.n	100024d4 <l44_1>
100024d2:	3101      	adds	r1, #1

100024d4 <l44_1>:
100024d4:	bd00      	pop	{pc}
100024d6:	43c9      	mvns	r1, r1
100024d8:	4240      	negs	r0, r0
100024da:	d100      	bne.n	100024de <l45_1>
100024dc:	3101      	adds	r1, #1

100024de <l45_1>:
100024de:	43db      	mvns	r3, r3
100024e0:	4252      	negs	r2, r2
100024e2:	d100      	bne.n	100024e6 <l46_1>
100024e4:	3301      	adds	r3, #1

100024e6 <l46_1>:
100024e6:	f000 f805 	bl	100024f4 <divmod_u64u64_unsafe>
100024ea:	43db      	mvns	r3, r3
100024ec:	4252      	negs	r2, r2
100024ee:	d100      	bne.n	100024f2 <l47_1>
100024f0:	3301      	adds	r3, #1

100024f2 <l47_1>:
100024f2:	bd00      	pop	{pc}

100024f4 <divmod_u64u64_unsafe>:
100024f4:	2900      	cmp	r1, #0
100024f6:	d123      	bne.n	10002540 <y64>
100024f8:	2b00      	cmp	r3, #0
100024fa:	d118      	bne.n	1000252e <udiv0+0x10>
100024fc:	2a00      	cmp	r2, #0
100024fe:	d00c      	beq.n	1000251a <divmod_u64u64_unsafe+0x26>
10002500:	46bc      	mov	ip, r7
10002502:	4f0d      	ldr	r7, [pc, #52]	@ (10002538 <udiv0+0x1a>)
10002504:	6638      	str	r0, [r7, #96]	@ 0x60
10002506:	667a      	str	r2, [r7, #100]	@ 0x64
10002508:	2100      	movs	r1, #0
1000250a:	2300      	movs	r3, #0
1000250c:	e7ff      	b.n	1000250e <divmod_u64u64_unsafe+0x1a>
1000250e:	e7ff      	b.n	10002510 <divmod_u64u64_unsafe+0x1c>
10002510:	e7ff      	b.n	10002512 <divmod_u64u64_unsafe+0x1e>
10002512:	6f7a      	ldr	r2, [r7, #116]	@ 0x74
10002514:	6f38      	ldr	r0, [r7, #112]	@ 0x70
10002516:	4667      	mov	r7, ip
10002518:	4770      	bx	lr
1000251a:	2800      	cmp	r0, #0
1000251c:	d001      	beq.n	10002522 <udiv0+0x4>

1000251e <udiv0>:
1000251e:	4807      	ldr	r0, [pc, #28]	@ (1000253c <udiv0+0x1e>)
10002520:	0001      	movs	r1, r0
10002522:	b500      	push	{lr}
10002524:	f006 f920 	bl	10008768 <____aeabi_ldiv0_veneer>
10002528:	2200      	movs	r2, #0
1000252a:	2300      	movs	r3, #0
1000252c:	bd00      	pop	{pc}
1000252e:	0002      	movs	r2, r0
10002530:	000b      	movs	r3, r1
10002532:	2000      	movs	r0, #0
10002534:	2100      	movs	r1, #0
10002536:	4770      	bx	lr
10002538:	d0000000 	.word	0xd0000000
1000253c:	ffffffff 	.word	0xffffffff

10002540 <y64>:
10002540:	2b00      	cmp	r3, #0
10002542:	d000      	beq.n	10002546 <y64+0x6>
10002544:	e0bf      	b.n	100026c6 <y64_x48>
10002546:	0c13      	lsrs	r3, r2, #16
10002548:	d128      	bne.n	1000259c <y64_x32>
1000254a:	2a00      	cmp	r2, #0
1000254c:	d0e7      	beq.n	1000251e <udiv0>
1000254e:	b480      	push	{r7}
10002550:	4f11      	ldr	r7, [pc, #68]	@ (10002598 <y64+0x58>)
10002552:	6639      	str	r1, [r7, #96]	@ 0x60
10002554:	667a      	str	r2, [r7, #100]	@ 0x64
10002556:	e7ff      	b.n	10002558 <y64+0x18>
10002558:	e7ff      	b.n	1000255a <y64+0x1a>
1000255a:	b430      	push	{r4, r5}
1000255c:	0c04      	lsrs	r4, r0, #16
1000255e:	6f7b      	ldr	r3, [r7, #116]	@ 0x74
10002560:	6f39      	ldr	r1, [r7, #112]	@ 0x70
10002562:	041b      	lsls	r3, r3, #16
10002564:	4323      	orrs	r3, r4
10002566:	663b      	str	r3, [r7, #96]	@ 0x60
10002568:	667a      	str	r2, [r7, #100]	@ 0x64
1000256a:	e7ff      	b.n	1000256c <y64+0x2c>
1000256c:	e7ff      	b.n	1000256e <y64+0x2e>
1000256e:	e7ff      	b.n	10002570 <y64+0x30>
10002570:	46c0      	nop			@ (mov r8, r8)
10002572:	b284      	uxth	r4, r0
10002574:	6f7b      	ldr	r3, [r7, #116]	@ 0x74
10002576:	6f3d      	ldr	r5, [r7, #112]	@ 0x70
10002578:	041b      	lsls	r3, r3, #16
1000257a:	4323      	orrs	r3, r4
1000257c:	663b      	str	r3, [r7, #96]	@ 0x60
1000257e:	667a      	str	r2, [r7, #100]	@ 0x64
10002580:	e7ff      	b.n	10002582 <y64+0x42>
10002582:	e7ff      	b.n	10002584 <y64+0x44>
10002584:	46c0      	nop			@ (mov r8, r8)
10002586:	2300      	movs	r3, #0
10002588:	042c      	lsls	r4, r5, #16
1000258a:	0c2d      	lsrs	r5, r5, #16
1000258c:	6f7a      	ldr	r2, [r7, #116]	@ 0x74
1000258e:	6f38      	ldr	r0, [r7, #112]	@ 0x70
10002590:	1900      	adds	r0, r0, r4
10002592:	4169      	adcs	r1, r5
10002594:	bcb0      	pop	{r4, r5, r7}
10002596:	4770      	bx	lr
10002598:	d0000000 	.word	0xd0000000

1000259c <y64_x32>:
1000259c:	b5f0      	push	{r4, r5, r6, r7, lr}
1000259e:	4694      	mov	ip, r2
100025a0:	2500      	movs	r5, #0
100025a2:	0e14      	lsrs	r4, r2, #24
100025a4:	d101      	bne.n	100025aa <y64_x32+0xe>
100025a6:	0212      	lsls	r2, r2, #8
100025a8:	3508      	adds	r5, #8
100025aa:	0f14      	lsrs	r4, r2, #28
100025ac:	d101      	bne.n	100025b2 <y64_x32+0x16>
100025ae:	0112      	lsls	r2, r2, #4
100025b0:	3504      	adds	r5, #4
100025b2:	0f94      	lsrs	r4, r2, #30
100025b4:	d101      	bne.n	100025ba <y64_x32+0x1e>
100025b6:	0092      	lsls	r2, r2, #2
100025b8:	3502      	adds	r5, #2
100025ba:	0fd4      	lsrs	r4, r2, #31
100025bc:	d101      	bne.n	100025c2 <y64_x32+0x26>
100025be:	0052      	lsls	r2, r2, #1
100025c0:	3501      	adds	r5, #1
100025c2:	0bd4      	lsrs	r4, r2, #15
100025c4:	3401      	adds	r4, #1
100025c6:	4f25      	ldr	r7, [pc, #148]	@ (1000265c <y64_x32+0xc0>)
100025c8:	667c      	str	r4, [r7, #100]	@ 0x64
100025ca:	4c25      	ldr	r4, [pc, #148]	@ (10002660 <y64_x32+0xc4>)
100025cc:	663c      	str	r4, [r7, #96]	@ 0x60
100025ce:	0c0e      	lsrs	r6, r1, #16
100025d0:	b293      	uxth	r3, r2
100025d2:	e7ff      	b.n	100025d4 <y64_x32+0x38>
100025d4:	e7ff      	b.n	100025d6 <y64_x32+0x3a>
100025d6:	e7ff      	b.n	100025d8 <y64_x32+0x3c>
100025d8:	6f3c      	ldr	r4, [r7, #112]	@ 0x70
100025da:	4366      	muls	r6, r4
100025dc:	0c36      	lsrs	r6, r6, #16
100025de:	0377      	lsls	r7, r6, #13
100025e0:	46be      	mov	lr, r7
100025e2:	4373      	muls	r3, r6
100025e4:	0bdf      	lsrs	r7, r3, #15
100025e6:	045b      	lsls	r3, r3, #17
100025e8:	1ac0      	subs	r0, r0, r3
100025ea:	41b9      	sbcs	r1, r7
100025ec:	0c13      	lsrs	r3, r2, #16
100025ee:	4373      	muls	r3, r6
100025f0:	18db      	adds	r3, r3, r3
100025f2:	1ac9      	subs	r1, r1, r3
100025f4:	08ce      	lsrs	r6, r1, #3
100025f6:	4366      	muls	r6, r4
100025f8:	0c36      	lsrs	r6, r6, #16
100025fa:	44b6      	add	lr, r6
100025fc:	b293      	uxth	r3, r2
100025fe:	4373      	muls	r3, r6
10002600:	0f1f      	lsrs	r7, r3, #28
10002602:	011b      	lsls	r3, r3, #4
10002604:	1ac0      	subs	r0, r0, r3
10002606:	41b9      	sbcs	r1, r7
10002608:	0c13      	lsrs	r3, r2, #16
1000260a:	4373      	muls	r3, r6
1000260c:	0b1f      	lsrs	r7, r3, #12
1000260e:	051b      	lsls	r3, r3, #20
10002610:	1ac0      	subs	r0, r0, r3
10002612:	41b9      	sbcs	r1, r7
10002614:	0d86      	lsrs	r6, r0, #22
10002616:	028f      	lsls	r7, r1, #10
10002618:	433e      	orrs	r6, r7
1000261a:	4366      	muls	r6, r4
1000261c:	0c36      	lsrs	r6, r6, #16
1000261e:	2d09      	cmp	r5, #9
10002620:	db24      	blt.n	1000266c <last0>
10002622:	0a52      	lsrs	r2, r2, #9
10002624:	4372      	muls	r2, r6
10002626:	1a80      	subs	r0, r0, r2
10002628:	0377      	lsls	r7, r6, #13
1000262a:	0a46      	lsrs	r6, r0, #9
1000262c:	4366      	muls	r6, r4
1000262e:	0c36      	lsrs	r6, r6, #16
10002630:	2316      	movs	r3, #22
10002632:	1b5b      	subs	r3, r3, r5
10002634:	40de      	lsrs	r6, r3
10002636:	40df      	lsrs	r7, r3
10002638:	19bf      	adds	r7, r7, r6
1000263a:	4664      	mov	r4, ip
1000263c:	4366      	muls	r6, r4
1000263e:	1b82      	subs	r2, r0, r6
10002640:	4670      	mov	r0, lr
10002642:	3504      	adds	r5, #4
10002644:	3306      	adds	r3, #6
10002646:	0001      	movs	r1, r0
10002648:	40d9      	lsrs	r1, r3
1000264a:	40a8      	lsls	r0, r5
1000264c:	19c0      	adds	r0, r0, r7
1000264e:	d300      	bcc.n	10002652 <y64_x32+0xb6>
10002650:	3101      	adds	r1, #1
10002652:	42a2      	cmp	r2, r4
10002654:	d206      	bcs.n	10002664 <y64_x32+0xc8>
10002656:	2300      	movs	r3, #0
10002658:	bdf0      	pop	{r4, r5, r6, r7, pc}
1000265a:	0000      	.short	0x0000
1000265c:	d0000000 	.word	0xd0000000
10002660:	ffffffff 	.word	0xffffffff
10002664:	1b12      	subs	r2, r2, r4
10002666:	3001      	adds	r0, #1
10002668:	d3f3      	bcc.n	10002652 <y64_x32+0xb6>
1000266a:	e7f1      	b.n	10002650 <y64_x32+0xb4>

1000266c <last0>:
1000266c:	2709      	movs	r7, #9
1000266e:	1b7f      	subs	r7, r7, r5
10002670:	40fe      	lsrs	r6, r7
10002672:	4664      	mov	r4, ip
10002674:	b2a2      	uxth	r2, r4
10002676:	4372      	muls	r2, r6
10002678:	1a80      	subs	r0, r0, r2
1000267a:	d200      	bcs.n	1000267e <last0+0x12>
1000267c:	3901      	subs	r1, #1
1000267e:	0c22      	lsrs	r2, r4, #16
10002680:	4372      	muls	r2, r6
10002682:	0c13      	lsrs	r3, r2, #16
10002684:	0412      	lsls	r2, r2, #16
10002686:	1a82      	subs	r2, r0, r2
10002688:	4199      	sbcs	r1, r3
1000268a:	000b      	movs	r3, r1
1000268c:	4670      	mov	r0, lr
1000268e:	3504      	adds	r5, #4
10002690:	3713      	adds	r7, #19
10002692:	0001      	movs	r1, r0
10002694:	40f9      	lsrs	r1, r7
10002696:	40a8      	lsls	r0, r5
10002698:	1980      	adds	r0, r0, r6
1000269a:	d300      	bcc.n	1000269e <last0+0x32>
1000269c:	3101      	adds	r1, #1
1000269e:	2b00      	cmp	r3, #0
100026a0:	d102      	bne.n	100026a8 <last0+0x3c>
100026a2:	42a2      	cmp	r2, r4
100026a4:	d20a      	bcs.n	100026bc <last0+0x50>
100026a6:	bdf0      	pop	{r4, r5, r6, r7, pc}
100026a8:	3001      	adds	r0, #1
100026aa:	d300      	bcc.n	100026ae <last0+0x42>
100026ac:	3101      	adds	r1, #1
100026ae:	1b12      	subs	r2, r2, r4
100026b0:	d2fa      	bcs.n	100026a8 <last0+0x3c>
100026b2:	3b01      	subs	r3, #1
100026b4:	d1f8      	bne.n	100026a8 <last0+0x3c>
100026b6:	42a2      	cmp	r2, r4
100026b8:	d200      	bcs.n	100026bc <last0+0x50>
100026ba:	bdf0      	pop	{r4, r5, r6, r7, pc}
100026bc:	3001      	adds	r0, #1
100026be:	d300      	bcc.n	100026c2 <last0+0x56>
100026c0:	3101      	adds	r1, #1
100026c2:	1b12      	subs	r2, r2, r4
100026c4:	e7f7      	b.n	100026b6 <last0+0x4a>

100026c6 <y64_x48>:
100026c6:	b5f0      	push	{r4, r5, r6, r7, lr}
100026c8:	0c1c      	lsrs	r4, r3, #16
100026ca:	d000      	beq.n	100026ce <y64_x48+0x8>
100026cc:	e080      	b.n	100027d0 <y64_x64>
100026ce:	b40c      	push	{r2, r3}
100026d0:	2500      	movs	r5, #0
100026d2:	0a1c      	lsrs	r4, r3, #8
100026d4:	d104      	bne.n	100026e0 <y64_x48+0x1a>
100026d6:	021b      	lsls	r3, r3, #8
100026d8:	0e16      	lsrs	r6, r2, #24
100026da:	4333      	orrs	r3, r6
100026dc:	0212      	lsls	r2, r2, #8
100026de:	3508      	adds	r5, #8
100026e0:	0b1c      	lsrs	r4, r3, #12
100026e2:	d104      	bne.n	100026ee <y64_x48+0x28>
100026e4:	011b      	lsls	r3, r3, #4
100026e6:	0f16      	lsrs	r6, r2, #28
100026e8:	4333      	orrs	r3, r6
100026ea:	0112      	lsls	r2, r2, #4
100026ec:	3504      	adds	r5, #4
100026ee:	0b9c      	lsrs	r4, r3, #14
100026f0:	d104      	bne.n	100026fc <y64_x48+0x36>
100026f2:	009b      	lsls	r3, r3, #2
100026f4:	0f96      	lsrs	r6, r2, #30
100026f6:	4333      	orrs	r3, r6
100026f8:	0092      	lsls	r2, r2, #2
100026fa:	3502      	adds	r5, #2
100026fc:	0bdc      	lsrs	r4, r3, #15
100026fe:	d102      	bne.n	10002706 <y64_x48+0x40>
10002700:	1892      	adds	r2, r2, r2
10002702:	415b      	adcs	r3, r3
10002704:	3501      	adds	r5, #1
10002706:	001c      	movs	r4, r3
10002708:	1897      	adds	r7, r2, r2
1000270a:	4164      	adcs	r4, r4
1000270c:	3401      	adds	r4, #1
1000270e:	4f46      	ldr	r7, [pc, #280]	@ (10002828 <y64_x64+0x58>)
10002710:	667c      	str	r4, [r7, #100]	@ 0x64
10002712:	4c46      	ldr	r4, [pc, #280]	@ (1000282c <y64_x64+0x5c>)
10002714:	663c      	str	r4, [r7, #96]	@ 0x60
10002716:	0c0e      	lsrs	r6, r1, #16
10002718:	e7ff      	b.n	1000271a <y64_x48+0x54>
1000271a:	e7ff      	b.n	1000271c <y64_x48+0x56>
1000271c:	e7ff      	b.n	1000271e <y64_x48+0x58>
1000271e:	46c0      	nop			@ (mov r8, r8)
10002720:	6f3c      	ldr	r4, [r7, #112]	@ 0x70
10002722:	4366      	muls	r6, r4
10002724:	0c36      	lsrs	r6, r6, #16
10002726:	0377      	lsls	r7, r6, #13
10002728:	46be      	mov	lr, r7
1000272a:	b297      	uxth	r7, r2
1000272c:	4377      	muls	r7, r6
1000272e:	1bc0      	subs	r0, r0, r7
10002730:	d200      	bcs.n	10002734 <y64_x48+0x6e>
10002732:	3901      	subs	r1, #1
10002734:	1bc0      	subs	r0, r0, r7
10002736:	d200      	bcs.n	1000273a <y64_x48+0x74>
10002738:	3901      	subs	r1, #1
1000273a:	b29f      	uxth	r7, r3
1000273c:	4377      	muls	r7, r6
1000273e:	1bc9      	subs	r1, r1, r7
10002740:	1bc9      	subs	r1, r1, r7
10002742:	0c17      	lsrs	r7, r2, #16
10002744:	4377      	muls	r7, r6
10002746:	047e      	lsls	r6, r7, #17
10002748:	0bff      	lsrs	r7, r7, #15
1000274a:	1b80      	subs	r0, r0, r6
1000274c:	41b9      	sbcs	r1, r7
1000274e:	08ce      	lsrs	r6, r1, #3
10002750:	4366      	muls	r6, r4
10002752:	0c36      	lsrs	r6, r6, #16
10002754:	2d0c      	cmp	r5, #12
10002756:	db33      	blt.n	100027c0 <last1>
10002758:	44b6      	add	lr, r6
1000275a:	0b12      	lsrs	r2, r2, #12
1000275c:	051f      	lsls	r7, r3, #20
1000275e:	433a      	orrs	r2, r7
10002760:	0b1b      	lsrs	r3, r3, #12
10002762:	b297      	uxth	r7, r2
10002764:	4377      	muls	r7, r6
10002766:	1bc0      	subs	r0, r0, r7
10002768:	d200      	bcs.n	1000276c <y64_x48+0xa6>
1000276a:	3901      	subs	r1, #1
1000276c:	b29f      	uxth	r7, r3
1000276e:	4377      	muls	r7, r6
10002770:	1bc9      	subs	r1, r1, r7
10002772:	0c17      	lsrs	r7, r2, #16
10002774:	4377      	muls	r7, r6
10002776:	043e      	lsls	r6, r7, #16
10002778:	0c3f      	lsrs	r7, r7, #16
1000277a:	1b80      	subs	r0, r0, r6
1000277c:	41b9      	sbcs	r1, r7
1000277e:	0d86      	lsrs	r6, r0, #22
10002780:	028f      	lsls	r7, r1, #10
10002782:	433e      	orrs	r6, r7
10002784:	4366      	muls	r6, r4
10002786:	2729      	movs	r7, #41	@ 0x29
10002788:	1b7f      	subs	r7, r7, r5
1000278a:	40fe      	lsrs	r6, r7
1000278c:	3d0c      	subs	r5, #12
1000278e:	4677      	mov	r7, lr
10002790:	40af      	lsls	r7, r5
10002792:	19bf      	adds	r7, r7, r6
10002794:	bc30      	pop	{r4, r5}
10002796:	b2a2      	uxth	r2, r4
10002798:	b2ab      	uxth	r3, r5
1000279a:	4372      	muls	r2, r6
1000279c:	4373      	muls	r3, r6
1000279e:	1a80      	subs	r0, r0, r2
100027a0:	4199      	sbcs	r1, r3
100027a2:	0c22      	lsrs	r2, r4, #16
100027a4:	4372      	muls	r2, r6
100027a6:	0c13      	lsrs	r3, r2, #16
100027a8:	0412      	lsls	r2, r2, #16
100027aa:	1a80      	subs	r0, r0, r2
100027ac:	4199      	sbcs	r1, r3
100027ae:	0002      	movs	r2, r0
100027b0:	000b      	movs	r3, r1
100027b2:	3701      	adds	r7, #1
100027b4:	1b00      	subs	r0, r0, r4
100027b6:	41a9      	sbcs	r1, r5
100027b8:	d2f9      	bcs.n	100027ae <y64_x48+0xe8>
100027ba:	1e78      	subs	r0, r7, #1
100027bc:	2100      	movs	r1, #0
100027be:	bdf0      	pop	{r4, r5, r6, r7, pc}

100027c0 <last1>:
100027c0:	270c      	movs	r7, #12
100027c2:	1b7f      	subs	r7, r7, r5
100027c4:	40fe      	lsrs	r6, r7
100027c6:	4677      	mov	r7, lr
100027c8:	0b7f      	lsrs	r7, r7, #13
100027ca:	40af      	lsls	r7, r5
100027cc:	19ff      	adds	r7, r7, r7
100027ce:	e7e0      	b.n	10002792 <y64_x48+0xcc>

100027d0 <y64_x64>:
100027d0:	2400      	movs	r4, #0
100027d2:	1c5d      	adds	r5, r3, #1
100027d4:	d007      	beq.n	100027e6 <y64_x64+0x16>
100027d6:	4f14      	ldr	r7, [pc, #80]	@ (10002828 <y64_x64+0x58>)
100027d8:	667d      	str	r5, [r7, #100]	@ 0x64
100027da:	6639      	str	r1, [r7, #96]	@ 0x60
100027dc:	e7ff      	b.n	100027de <y64_x64+0xe>
100027de:	e7ff      	b.n	100027e0 <y64_x64+0x10>
100027e0:	e7ff      	b.n	100027e2 <y64_x64+0x12>
100027e2:	e7ff      	b.n	100027e4 <y64_x64+0x14>
100027e4:	6f3c      	ldr	r4, [r7, #112]	@ 0x70
100027e6:	b295      	uxth	r5, r2
100027e8:	b29e      	uxth	r6, r3
100027ea:	4365      	muls	r5, r4
100027ec:	4366      	muls	r6, r4
100027ee:	1b40      	subs	r0, r0, r5
100027f0:	41b1      	sbcs	r1, r6
100027f2:	0c15      	lsrs	r5, r2, #16
100027f4:	0c1e      	lsrs	r6, r3, #16
100027f6:	4365      	muls	r5, r4
100027f8:	4366      	muls	r6, r4
100027fa:	0436      	lsls	r6, r6, #16
100027fc:	0c2f      	lsrs	r7, r5, #16
100027fe:	433e      	orrs	r6, r7
10002800:	042d      	lsls	r5, r5, #16
10002802:	1b40      	subs	r0, r0, r5
10002804:	41b1      	sbcs	r1, r6
10002806:	4299      	cmp	r1, r3
10002808:	d204      	bcs.n	10002814 <y64_x64+0x44>
1000280a:	0002      	movs	r2, r0
1000280c:	000b      	movs	r3, r1
1000280e:	0020      	movs	r0, r4
10002810:	2100      	movs	r1, #0
10002812:	bdf0      	pop	{r4, r5, r6, r7, pc}
10002814:	d101      	bne.n	1000281a <y64_x64+0x4a>
10002816:	4290      	cmp	r0, r2
10002818:	d3f7      	bcc.n	1000280a <y64_x64+0x3a>
1000281a:	1a80      	subs	r0, r0, r2
1000281c:	4199      	sbcs	r1, r3
1000281e:	3401      	adds	r4, #1
10002820:	4299      	cmp	r1, r3
10002822:	d3f2      	bcc.n	1000280a <y64_x64+0x3a>
10002824:	e7f6      	b.n	10002814 <y64_x64+0x44>
10002826:	0000      	.short	0x0000
10002828:	d0000000 	.word	0xd0000000
1000282c:	ffffffff 	.word	0xffffffff

10002830 <__wrap___aeabi_drsub>:
10002830:	4048      	eors	r0, r1
10002832:	4041      	eors	r1, r0
10002834:	4048      	eors	r0, r1

10002836 <__wrap___aeabi_dsub>:
10002836:	b418      	push	{r3, r4}
10002838:	4b1b      	ldr	r3, [pc, #108]	@ (100028a8 <__wrap___aeabi_dmul+0x12>)
1000283a:	685b      	ldr	r3, [r3, #4]
1000283c:	46fc      	mov	ip, pc
1000283e:	9301      	str	r3, [sp, #4]
10002840:	bd08      	pop	{r3, pc}
10002842:	df04      	.short	0xdf04
10002844:	1000324b 	.word	0x1000324b

10002848 <__wrap___aeabi_dadd>:
10002848:	b418      	push	{r3, r4}
1000284a:	4b17      	ldr	r3, [pc, #92]	@ (100028a8 <__wrap___aeabi_dmul+0x12>)
1000284c:	681b      	ldr	r3, [r3, #0]
1000284e:	46fc      	mov	ip, pc
10002850:	9301      	str	r3, [sp, #4]
10002852:	bd08      	pop	{r3, pc}
10002854:	3255df00 	.word	0x3255df00
10002858:	1000      	.short	0x1000

1000285a <__wrap___aeabi_ddiv>:
1000285a:	4694      	mov	ip, r2
1000285c:	4a13      	ldr	r2, [pc, #76]	@ (100028ac <__wrap___aeabi_dmul+0x16>)
1000285e:	6f92      	ldr	r2, [r2, #120]	@ 0x78
10002860:	0892      	lsrs	r2, r2, #2
10002862:	d209      	bcs.n	10002878 <ddiv_save_state>
10002864:	4662      	mov	r2, ip

10002866 <ddiv_shim_call>:
10002866:	b418      	push	{r3, r4}
10002868:	4b0f      	ldr	r3, [pc, #60]	@ (100028a8 <__wrap___aeabi_dmul+0x12>)
1000286a:	68db      	ldr	r3, [r3, #12]
1000286c:	46fc      	mov	ip, pc
1000286e:	9301      	str	r3, [sp, #4]
10002870:	bd08      	pop	{r3, pc}
10002872:	df0c      	.short	0xdf0c
10002874:	1000350d 	.word	0x1000350d

10002878 <ddiv_save_state>:
10002878:	4a0c      	ldr	r2, [pc, #48]	@ (100028ac <__wrap___aeabi_dmul+0x16>)
1000287a:	b5f0      	push	{r4, r5, r6, r7, lr}
1000287c:	6e14      	ldr	r4, [r2, #96]	@ 0x60
1000287e:	6e55      	ldr	r5, [r2, #100]	@ 0x64
10002880:	6f57      	ldr	r7, [r2, #116]	@ 0x74
10002882:	6f16      	ldr	r6, [r2, #112]	@ 0x70
10002884:	4662      	mov	r2, ip
10002886:	f7ff ffee 	bl	10002866 <ddiv_shim_call>
1000288a:	4a08      	ldr	r2, [pc, #32]	@ (100028ac <__wrap___aeabi_dmul+0x16>)
1000288c:	6614      	str	r4, [r2, #96]	@ 0x60
1000288e:	6655      	str	r5, [r2, #100]	@ 0x64
10002890:	6757      	str	r7, [r2, #116]	@ 0x74
10002892:	6716      	str	r6, [r2, #112]	@ 0x70
10002894:	bdf0      	pop	{r4, r5, r6, r7, pc}

10002896 <__wrap___aeabi_dmul>:
10002896:	b418      	push	{r3, r4}
10002898:	4b03      	ldr	r3, [pc, #12]	@ (100028a8 <__wrap___aeabi_dmul+0x12>)
1000289a:	689b      	ldr	r3, [r3, #8]
1000289c:	46fc      	mov	ip, pc
1000289e:	9301      	str	r3, [sp, #4]
100028a0:	bd08      	pop	{r3, pc}
100028a2:	df08      	.short	0xdf08
100028a4:	100033b1 	.word	0x100033b1
100028a8:	20001b68 	.word	0x20001b68
100028ac:	d0000000 	.word	0xd0000000

100028b0 <__wrap___aeabi_cdrcmple>:
100028b0:	b5ff      	push	{r0, r1, r2, r3, r4, r5, r6, r7, lr}
100028b2:	4050      	eors	r0, r2
100028b4:	4042      	eors	r2, r0
100028b6:	4050      	eors	r0, r2
100028b8:	4059      	eors	r1, r3
100028ba:	404b      	eors	r3, r1
100028bc:	4059      	eors	r1, r3
100028be:	e000      	b.n	100028c2 <__aeabi_dfcmple_guts>

100028c0 <__wrap___aeabi_cdcmpeq>:
100028c0:	b5ff      	push	{r0, r1, r2, r3, r4, r5, r6, r7, lr}

100028c2 <__aeabi_dfcmple_guts>:
100028c2:	4f15      	ldr	r7, [pc, #84]	@ (10002918 <__aeabi_dfcmple_guts+0x56>)
100028c4:	004c      	lsls	r4, r1, #1
100028c6:	0d64      	lsrs	r4, r4, #21
100028c8:	d003      	beq.n	100028d2 <__aeabi_dfcmple_guts+0x10>
100028ca:	42bc      	cmp	r4, r7
100028cc:	d104      	bne.n	100028d8 <__aeabi_dfcmple_guts+0x16>
100028ce:	030c      	lsls	r4, r1, #12
100028d0:	d814      	bhi.n	100028fc <__aeabi_dfcmple_guts+0x3a>
100028d2:	2000      	movs	r0, #0
100028d4:	0d09      	lsrs	r1, r1, #20
100028d6:	0509      	lsls	r1, r1, #20
100028d8:	005c      	lsls	r4, r3, #1
100028da:	0d64      	lsrs	r4, r4, #21
100028dc:	d003      	beq.n	100028e6 <__aeabi_dfcmple_guts+0x24>
100028de:	42bc      	cmp	r4, r7
100028e0:	d104      	bne.n	100028ec <__aeabi_dfcmple_guts+0x2a>
100028e2:	031c      	lsls	r4, r3, #12
100028e4:	d80a      	bhi.n	100028fc <__aeabi_dfcmple_guts+0x3a>
100028e6:	2200      	movs	r2, #0
100028e8:	0d1b      	lsrs	r3, r3, #20
100028ea:	051b      	lsls	r3, r3, #20
100028ec:	2601      	movs	r6, #1
100028ee:	404b      	eors	r3, r1
100028f0:	d409      	bmi.n	10002906 <__aeabi_dfcmple_guts+0x44>
100028f2:	404b      	eors	r3, r1
100028f4:	d503      	bpl.n	100028fe <__aeabi_dfcmple_guts+0x3c>
100028f6:	428b      	cmp	r3, r1
100028f8:	d100      	bne.n	100028fc <__aeabi_dfcmple_guts+0x3a>
100028fa:	4282      	cmp	r2, r0
100028fc:	bdff      	pop	{r0, r1, r2, r3, r4, r5, r6, r7, pc}
100028fe:	4299      	cmp	r1, r3
10002900:	d1fc      	bne.n	100028fc <__aeabi_dfcmple_guts+0x3a>
10002902:	4290      	cmp	r0, r2
10002904:	bdff      	pop	{r0, r1, r2, r3, r4, r5, r6, r7, pc}
10002906:	430b      	orrs	r3, r1
10002908:	18db      	adds	r3, r3, r3
1000290a:	4303      	orrs	r3, r0
1000290c:	4313      	orrs	r3, r2
1000290e:	d0f5      	beq.n	100028fc <__aeabi_dfcmple_guts+0x3a>
10002910:	43c9      	mvns	r1, r1
10002912:	1849      	adds	r1, r1, r1
10002914:	bdff      	pop	{r0, r1, r2, r3, r4, r5, r6, r7, pc}
10002916:	0000      	.short	0x0000
10002918:	000007ff 	.word	0x000007ff

1000291c <__wrap___aeabi_dcmpeq>:
1000291c:	b500      	push	{lr}
1000291e:	f7ff ffcf 	bl	100028c0 <__wrap___aeabi_cdcmpeq>
10002922:	d001      	beq.n	10002928 <__wrap___aeabi_dcmpeq+0xc>
10002924:	2000      	movs	r0, #0
10002926:	bd00      	pop	{pc}
10002928:	2001      	movs	r0, #1
1000292a:	bd00      	pop	{pc}

1000292c <__wrap___aeabi_dcmplt>:
1000292c:	b500      	push	{lr}
1000292e:	f7ff ffc7 	bl	100028c0 <__wrap___aeabi_cdcmpeq>
10002932:	4180      	sbcs	r0, r0
10002934:	bd00      	pop	{pc}
10002936:	46c0      	nop			@ (mov r8, r8)

10002938 <__wrap___aeabi_dcmple>:
10002938:	b500      	push	{lr}
1000293a:	f7ff ffc1 	bl	100028c0 <__wrap___aeabi_cdcmpeq>
1000293e:	d901      	bls.n	10002944 <__wrap___aeabi_dcmple+0xc>
10002940:	2000      	movs	r0, #0
10002942:	bd00      	pop	{pc}
10002944:	2001      	movs	r0, #1
10002946:	bd00      	pop	{pc}

10002948 <__wrap___aeabi_dcmpge>:
10002948:	b500      	push	{lr}
1000294a:	f7ff ffb1 	bl	100028b0 <__wrap___aeabi_cdrcmple>
1000294e:	d901      	bls.n	10002954 <__wrap___aeabi_dcmpge+0xc>
10002950:	2000      	movs	r0, #0
10002952:	bd00      	pop	{pc}
10002954:	2001      	movs	r0, #1
10002956:	bd00      	pop	{pc}

10002958 <__wrap___aeabi_dcmpgt>:
10002958:	b500      	push	{lr}
1000295a:	f7ff ffa9 	bl	100028b0 <__wrap___aeabi_cdrcmple>
1000295e:	4180      	sbcs	r0, r0
10002960:	bd00      	pop	{pc}

10002962 <__wrap___aeabi_dcmpun>:
10002962:	2001      	movs	r0, #1
10002964:	0540      	lsls	r0, r0, #21
10002966:	004a      	lsls	r2, r1, #1
10002968:	1812      	adds	r2, r2, r0
1000296a:	d804      	bhi.n	10002976 <__wrap___aeabi_dcmpun+0x14>
1000296c:	005a      	lsls	r2, r3, #1
1000296e:	1812      	adds	r2, r2, r0
10002970:	d801      	bhi.n	10002976 <__wrap___aeabi_dcmpun+0x14>
10002972:	2000      	movs	r0, #0
10002974:	4770      	bx	lr
10002976:	2001      	movs	r0, #1
10002978:	4770      	bx	lr
	...

1000297c <__wrap___aeabi_ui2d>:
1000297c:	2100      	movs	r1, #0
1000297e:	2800      	cmp	r0, #0
10002980:	d105      	bne.n	1000298e <__wrap___aeabi_i2d+0xa>
10002982:	4770      	bx	lr

10002984 <__wrap___aeabi_i2d>:
10002984:	17c1      	asrs	r1, r0, #31
10002986:	4048      	eors	r0, r1
10002988:	1a40      	subs	r0, r0, r1
1000298a:	d0fa      	beq.n	10002982 <__wrap___aeabi_ui2d+0x6>
1000298c:	07c9      	lsls	r1, r1, #31
1000298e:	b513      	push	{r0, r1, r4, lr}
10002990:	4b06      	ldr	r3, [pc, #24]	@ (100029ac <__wrap___aeabi_i2d+0x28>)
10002992:	681b      	ldr	r3, [r3, #0]
10002994:	4798      	blx	r3
10002996:	bc0c      	pop	{r2, r3}
10002998:	1c44      	adds	r4, r0, #1
1000299a:	40a2      	lsls	r2, r4
1000299c:	0510      	lsls	r0, r2, #20
1000299e:	0b12      	lsrs	r2, r2, #12
100029a0:	4903      	ldr	r1, [pc, #12]	@ (100029b0 <__wrap___aeabi_i2d+0x2c>)
100029a2:	1b09      	subs	r1, r1, r4
100029a4:	0509      	lsls	r1, r1, #20
100029a6:	4319      	orrs	r1, r3
100029a8:	4311      	orrs	r1, r2
100029aa:	bd10      	pop	{r4, pc}
100029ac:	20001c68 	.word	0x20001c68
100029b0:	0000041f 	.word	0x0000041f

100029b4 <__wrap___aeabi_d2iz>:
100029b4:	b510      	push	{r4, lr}
100029b6:	004c      	lsls	r4, r1, #1
100029b8:	0d62      	lsrs	r2, r4, #21
100029ba:	2380      	movs	r3, #128	@ 0x80
100029bc:	18d2      	adds	r2, r2, r3
100029be:	00db      	lsls	r3, r3, #3
100029c0:	1ad2      	subs	r2, r2, r3
100029c2:	055b      	lsls	r3, r3, #21
100029c4:	2a7e      	cmp	r2, #126	@ 0x7e
100029c6:	dd10      	ble.n	100029ea <__wrap___aeabi_d2iz+0x36>
100029c8:	3a9e      	subs	r2, #158	@ 0x9e
100029ca:	da13      	bge.n	100029f4 <__wrap___aeabi_d2iz+0x40>
100029cc:	17cc      	asrs	r4, r1, #31
100029ce:	0309      	lsls	r1, r1, #12
100029d0:	0849      	lsrs	r1, r1, #1
100029d2:	4319      	orrs	r1, r3
100029d4:	4252      	negs	r2, r2
100029d6:	40d1      	lsrs	r1, r2
100029d8:	0064      	lsls	r4, r4, #1
100029da:	3401      	adds	r4, #1
100029dc:	3215      	adds	r2, #21
100029de:	2a20      	cmp	r2, #32
100029e0:	da05      	bge.n	100029ee <__wrap___aeabi_d2iz+0x3a>
100029e2:	40d0      	lsrs	r0, r2
100029e4:	4308      	orrs	r0, r1
100029e6:	4360      	muls	r0, r4
100029e8:	bd10      	pop	{r4, pc}
100029ea:	2000      	movs	r0, #0
100029ec:	bd10      	pop	{r4, pc}
100029ee:	4608      	mov	r0, r1
100029f0:	4360      	muls	r0, r4
100029f2:	bd10      	pop	{r4, pc}
100029f4:	0fc8      	lsrs	r0, r1, #31
100029f6:	18c0      	adds	r0, r0, r3
100029f8:	3801      	subs	r0, #1
100029fa:	bd10      	pop	{r4, pc}

100029fc <__wrap___aeabi_d2uiz>:
100029fc:	b418      	push	{r3, r4}
100029fe:	4b04      	ldr	r3, [pc, #16]	@ (10002a10 <__wrap___aeabi_d2uiz+0x14>)
10002a00:	6a5b      	ldr	r3, [r3, #36]	@ 0x24
10002a02:	46fc      	mov	ip, pc
10002a04:	9301      	str	r3, [sp, #4]
10002a06:	bd08      	pop	{r3, pc}
10002a08:	36bddf24 	.word	0x36bddf24
10002a0c:	00001000 	.word	0x00001000
10002a10:	20001b68 	.word	0x20001b68

10002a14 <__wrap___aeabi_d2f>:
10002a14:	b418      	push	{r3, r4}
10002a16:	4b04      	ldr	r3, [pc, #16]	@ (10002a28 <__wrap___aeabi_d2f+0x14>)
10002a18:	6fdb      	ldr	r3, [r3, #124]	@ 0x7c
10002a1a:	46fc      	mov	ip, pc
10002a1c:	9301      	str	r3, [sp, #4]
10002a1e:	bd08      	pop	{r3, pc}
10002a20:	373ddf7c 	.word	0x373ddf7c
10002a24:	00001000 	.word	0x00001000
10002a28:	20001b68 	.word	0x20001b68

10002a2c <__wrap_exp>:
10002a2c:	b418      	push	{r3, r4}
10002a2e:	4b04      	ldr	r3, [pc, #16]	@ (10002a40 <__wrap_exp+0x14>)
10002a30:	6cdb      	ldr	r3, [r3, #76]	@ 0x4c
10002a32:	46fc      	mov	ip, pc
10002a34:	9301      	str	r3, [sp, #4]
10002a36:	bd08      	pop	{r3, pc}
10002a38:	38e9df4c 	.word	0x38e9df4c
10002a3c:	00001000 	.word	0x00001000
10002a40:	20001b68 	.word	0x20001b68

10002a44 <__wrap_log>:
10002a44:	b418      	push	{r3, r4}
10002a46:	4b04      	ldr	r3, [pc, #16]	@ (10002a58 <__wrap_log+0x14>)
10002a48:	6d1b      	ldr	r3, [r3, #80]	@ 0x50
10002a4a:	46fc      	mov	ip, pc
10002a4c:	9301      	str	r3, [sp, #4]
10002a4e:	bd08      	pop	{r3, pc}
10002a50:	3985df50 	.word	0x3985df50
10002a54:	00001000 	.word	0x00001000
10002a58:	20001b68 	.word	0x20001b68

10002a5c <__aeabi_double_init>:
10002a5c:	b570      	push	{r4, r5, r6, lr}
10002a5e:	2313      	movs	r3, #19
10002a60:	781c      	ldrb	r4, [r3, #0]
10002a62:	2c01      	cmp	r4, #1
10002a64:	d012      	beq.n	10002a8c <__aeabi_double_init+0x30>
10002a66:	2c01      	cmp	r4, #1
10002a68:	dc12      	bgt.n	10002a90 <__aeabi_double_init+0x34>
10002a6a:	4b21      	ldr	r3, [pc, #132]	@ (10002af0 <__aeabi_double_init+0x94>)
10002a6c:	4a21      	ldr	r2, [pc, #132]	@ (10002af4 <__aeabi_double_init+0x98>)
10002a6e:	6493      	str	r3, [r2, #72]	@ 0x48
10002a70:	4821      	ldr	r0, [pc, #132]	@ (10002af8 <__aeabi_double_init+0x9c>)
10002a72:	f7ff fb2b 	bl	100020cc <rom_func_lookup>
10002a76:	4b21      	ldr	r3, [pc, #132]	@ (10002afc <__aeabi_double_init+0xa0>)
10002a78:	6018      	str	r0, [r3, #0]
10002a7a:	bd70      	pop	{r4, r5, r6, pc}
10002a7c:	491c      	ldr	r1, [pc, #112]	@ (10002af0 <__aeabi_double_init+0x94>)
10002a7e:	4a1d      	ldr	r2, [pc, #116]	@ (10002af4 <__aeabi_double_init+0x98>)
10002a80:	0098      	lsls	r0, r3, #2
10002a82:	5081      	str	r1, [r0, r2]
10002a84:	3301      	adds	r3, #1
10002a86:	2b1f      	cmp	r3, #31
10002a88:	d9f8      	bls.n	10002a7c <__aeabi_double_init+0x20>
10002a8a:	e7ec      	b.n	10002a66 <__aeabi_double_init+0xa>
10002a8c:	2300      	movs	r3, #0
10002a8e:	e7fa      	b.n	10002a86 <__aeabi_double_init+0x2a>
10002a90:	481b      	ldr	r0, [pc, #108]	@ (10002b00 <__aeabi_double_init+0xa4>)
10002a92:	f7ff fb23 	bl	100020dc <rom_data_lookup>
10002a96:	0005      	movs	r5, r0
10002a98:	481a      	ldr	r0, [pc, #104]	@ (10002b04 <__aeabi_double_init+0xa8>)
10002a9a:	f7ff fb1f 	bl	100020dc <rom_data_lookup>
10002a9e:	3802      	subs	r0, #2
10002aa0:	7803      	ldrb	r3, [r0, #0]
10002aa2:	009b      	lsls	r3, r3, #2
10002aa4:	2b7f      	cmp	r3, #127	@ 0x7f
10002aa6:	dd09      	ble.n	10002abc <__aeabi_double_init+0x60>
10002aa8:	4812      	ldr	r0, [pc, #72]	@ (10002af4 <__aeabi_double_init+0x98>)
10002aaa:	2280      	movs	r2, #128	@ 0x80
10002aac:	0029      	movs	r1, r5
10002aae:	f001 f985 	bl	10003dbc <__wrap___aeabi_memcpy>
10002ab2:	2c02      	cmp	r4, #2
10002ab4:	d008      	beq.n	10002ac8 <__aeabi_double_init+0x6c>
10002ab6:	2c02      	cmp	r4, #2
10002ab8:	dcda      	bgt.n	10002a70 <__aeabi_double_init+0x14>
10002aba:	e7d6      	b.n	10002a6a <__aeabi_double_init+0xe>
10002abc:	4b12      	ldr	r3, [pc, #72]	@ (10002b08 <__aeabi_double_init+0xac>)
10002abe:	4a13      	ldr	r2, [pc, #76]	@ (10002b0c <__aeabi_double_init+0xb0>)
10002ac0:	4813      	ldr	r0, [pc, #76]	@ (10002b10 <__aeabi_double_init+0xb4>)
10002ac2:	2133      	movs	r1, #51	@ 0x33
10002ac4:	f002 fa62 	bl	10004f8c <__assert_func>
10002ac8:	4b12      	ldr	r3, [pc, #72]	@ (10002b14 <__aeabi_double_init+0xb8>)
10002aca:	881a      	ldrh	r2, [r3, #0]
10002acc:	23b5      	movs	r3, #181	@ 0xb5
10002ace:	021b      	lsls	r3, r3, #8
10002ad0:	429a      	cmp	r2, r3
10002ad2:	d109      	bne.n	10002ae8 <__aeabi_double_init+0x8c>
10002ad4:	4b10      	ldr	r3, [pc, #64]	@ (10002b18 <__aeabi_double_init+0xbc>)
10002ad6:	881a      	ldrh	r2, [r3, #0]
10002ad8:	4b10      	ldr	r3, [pc, #64]	@ (10002b1c <__aeabi_double_init+0xc0>)
10002ada:	429a      	cmp	r2, r3
10002adc:	d104      	bne.n	10002ae8 <__aeabi_double_init+0x8c>
10002ade:	4b10      	ldr	r3, [pc, #64]	@ (10002b20 <__aeabi_double_init+0xc4>)
10002ae0:	881a      	ldrh	r2, [r3, #0]
10002ae2:	4b10      	ldr	r3, [pc, #64]	@ (10002b24 <__aeabi_double_init+0xc8>)
10002ae4:	429a      	cmp	r2, r3
10002ae6:	d0e6      	beq.n	10002ab6 <__aeabi_double_init+0x5a>
10002ae8:	2000      	movs	r0, #0
10002aea:	f7fd fff7 	bl	10000adc <panic>
10002aee:	46c0      	nop			@ (mov r8, r8)
10002af0:	10003211 	.word	0x10003211
10002af4:	20001b68 	.word	0x20001b68
10002af8:	0000334c 	.word	0x0000334c
10002afc:	20001c68 	.word	0x20001c68
10002b00:	00004453 	.word	0x00004453
10002b04:	00004653 	.word	0x00004653
10002b08:	10008f28 	.word	0x10008f28
10002b0c:	10009788 	.word	0x10009788
10002b10:	10008f6c 	.word	0x10008f6c
10002b14:	00003854 	.word	0x00003854
10002b18:	000038d8 	.word	0x000038d8
10002b1c:	00004649 	.word	0x00004649
10002b20:	0000389c 	.word	0x0000389c
10002b24:	00004659 	.word	0x00004659

10002b28 <dldexp>:
10002b28:	b530      	push	{r4, r5, lr}
10002b2a:	0d0b      	lsrs	r3, r1, #20
10002b2c:	055b      	lsls	r3, r3, #21
10002b2e:	0d5c      	lsrs	r4, r3, #21
10002b30:	2b00      	cmp	r3, #0
10002b32:	d014      	beq.n	10002b5e <dldexp+0x36>
10002b34:	4b0d      	ldr	r3, [pc, #52]	@ (10002b6c <dldexp+0x44>)
10002b36:	429c      	cmp	r4, r3
10002b38:	d011      	beq.n	10002b5e <dldexp+0x36>
10002b3a:	1914      	adds	r4, r2, r4
10002b3c:	2c00      	cmp	r4, #0
10002b3e:	dd09      	ble.n	10002b54 <dldexp+0x2c>
10002b40:	4b0b      	ldr	r3, [pc, #44]	@ (10002b70 <dldexp+0x48>)
10002b42:	429c      	cmp	r4, r3
10002b44:	dd0c      	ble.n	10002b60 <dldexp+0x38>
10002b46:	0fc9      	lsrs	r1, r1, #31
10002b48:	07c9      	lsls	r1, r1, #31
10002b4a:	2400      	movs	r4, #0
10002b4c:	4809      	ldr	r0, [pc, #36]	@ (10002b74 <dldexp+0x4c>)
10002b4e:	4308      	orrs	r0, r1
10002b50:	0005      	movs	r5, r0
10002b52:	e002      	b.n	10002b5a <dldexp+0x32>
10002b54:	2400      	movs	r4, #0
10002b56:	0fc9      	lsrs	r1, r1, #31
10002b58:	07cd      	lsls	r5, r1, #31
10002b5a:	0020      	movs	r0, r4
10002b5c:	0029      	movs	r1, r5
10002b5e:	bd30      	pop	{r4, r5, pc}
10002b60:	2400      	movs	r4, #0
10002b62:	0515      	lsls	r5, r2, #20
10002b64:	1824      	adds	r4, r4, r0
10002b66:	414d      	adcs	r5, r1
10002b68:	e7f7      	b.n	10002b5a <dldexp+0x32>
10002b6a:	46c0      	nop			@ (mov r8, r8)
10002b6c:	000007ff 	.word	0x000007ff
10002b70:	000007fe 	.word	0x000007fe
10002b74:	7ff00000 	.word	0x7ff00000

10002b78 <disint>:
10002b78:	b530      	push	{r4, r5, lr}
10002b7a:	0d0b      	lsrs	r3, r1, #20
10002b7c:	055b      	lsls	r3, r3, #21
10002b7e:	0d5a      	lsrs	r2, r3, #21
10002b80:	2b00      	cmp	r3, #0
10002b82:	d01f      	beq.n	10002bc4 <disint+0x4c>
10002b84:	4b13      	ldr	r3, [pc, #76]	@ (10002bd4 <disint+0x5c>)
10002b86:	18d2      	adds	r2, r2, r3
10002b88:	d41e      	bmi.n	10002bc8 <disint+0x50>
10002b8a:	2334      	movs	r3, #52	@ 0x34
10002b8c:	1a9b      	subs	r3, r3, r2
10002b8e:	2b00      	cmp	r3, #0
10002b90:	dd1c      	ble.n	10002bcc <disint+0x54>
10002b92:	001c      	movs	r4, r3
10002b94:	3c20      	subs	r4, #32
10002b96:	d40c      	bmi.n	10002bb2 <disint+0x3a>
10002b98:	2201      	movs	r2, #1
10002b9a:	4252      	negs	r2, r2
10002b9c:	40a2      	lsls	r2, r4
10002b9e:	2401      	movs	r4, #1
10002ba0:	4264      	negs	r4, r4
10002ba2:	409c      	lsls	r4, r3
10002ba4:	0003      	movs	r3, r0
10002ba6:	43a3      	bics	r3, r4
10002ba8:	4391      	bics	r1, r2
10002baa:	430b      	orrs	r3, r1
10002bac:	d110      	bne.n	10002bd0 <disint+0x58>
10002bae:	2001      	movs	r0, #1
10002bb0:	e009      	b.n	10002bc6 <disint+0x4e>
10002bb2:	2420      	movs	r4, #32
10002bb4:	1ae4      	subs	r4, r4, r3
10002bb6:	2201      	movs	r2, #1
10002bb8:	4252      	negs	r2, r2
10002bba:	0015      	movs	r5, r2
10002bbc:	40e5      	lsrs	r5, r4
10002bbe:	409a      	lsls	r2, r3
10002bc0:	432a      	orrs	r2, r5
10002bc2:	e7ec      	b.n	10002b9e <disint+0x26>
10002bc4:	2001      	movs	r0, #1
10002bc6:	bd30      	pop	{r4, r5, pc}
10002bc8:	2000      	movs	r0, #0
10002bca:	e7fc      	b.n	10002bc6 <disint+0x4e>
10002bcc:	2001      	movs	r0, #1
10002bce:	e7fa      	b.n	10002bc6 <disint+0x4e>
10002bd0:	2000      	movs	r0, #0
10002bd2:	e7f8      	b.n	10002bc6 <disint+0x4e>
10002bd4:	fffffc01 	.word	0xfffffc01

10002bd8 <disoddint>:
10002bd8:	b530      	push	{r4, r5, lr}
10002bda:	0d0b      	lsrs	r3, r1, #20
10002bdc:	055b      	lsls	r3, r3, #21
10002bde:	0d5b      	lsrs	r3, r3, #21
10002be0:	4a1b      	ldr	r2, [pc, #108]	@ (10002c50 <disoddint+0x78>)
10002be2:	189b      	adds	r3, r3, r2
10002be4:	d42c      	bmi.n	10002c40 <disoddint+0x68>
10002be6:	2234      	movs	r2, #52	@ 0x34
10002be8:	1ad3      	subs	r3, r2, r3
10002bea:	d42b      	bmi.n	10002c44 <disoddint+0x6c>
10002bec:	001c      	movs	r4, r3
10002bee:	3c20      	subs	r4, #32
10002bf0:	d416      	bmi.n	10002c20 <disoddint+0x48>
10002bf2:	3a35      	subs	r2, #53	@ 0x35
10002bf4:	40a2      	lsls	r2, r4
10002bf6:	2401      	movs	r4, #1
10002bf8:	4264      	negs	r4, r4
10002bfa:	409c      	lsls	r4, r3
10002bfc:	0005      	movs	r5, r0
10002bfe:	43a5      	bics	r5, r4
10002c00:	002c      	movs	r4, r5
10002c02:	000d      	movs	r5, r1
10002c04:	4395      	bics	r5, r2
10002c06:	002a      	movs	r2, r5
10002c08:	4322      	orrs	r2, r4
10002c0a:	d11d      	bne.n	10002c48 <disoddint+0x70>
10002c0c:	2b34      	cmp	r3, #52	@ 0x34
10002c0e:	d01d      	beq.n	10002c4c <disoddint+0x74>
10002c10:	001a      	movs	r2, r3
10002c12:	3a20      	subs	r2, #32
10002c14:	d40d      	bmi.n	10002c32 <disoddint+0x5a>
10002c16:	0008      	movs	r0, r1
10002c18:	40d0      	lsrs	r0, r2
10002c1a:	2301      	movs	r3, #1
10002c1c:	4018      	ands	r0, r3
10002c1e:	bd30      	pop	{r4, r5, pc}
10002c20:	2420      	movs	r4, #32
10002c22:	1ae4      	subs	r4, r4, r3
10002c24:	2201      	movs	r2, #1
10002c26:	4252      	negs	r2, r2
10002c28:	0015      	movs	r5, r2
10002c2a:	40e5      	lsrs	r5, r4
10002c2c:	409a      	lsls	r2, r3
10002c2e:	432a      	orrs	r2, r5
10002c30:	e7e1      	b.n	10002bf6 <disoddint+0x1e>
10002c32:	2220      	movs	r2, #32
10002c34:	1ad2      	subs	r2, r2, r3
10002c36:	000c      	movs	r4, r1
10002c38:	4094      	lsls	r4, r2
10002c3a:	40d8      	lsrs	r0, r3
10002c3c:	4320      	orrs	r0, r4
10002c3e:	e7ec      	b.n	10002c1a <disoddint+0x42>
10002c40:	2000      	movs	r0, #0
10002c42:	e7ec      	b.n	10002c1e <disoddint+0x46>
10002c44:	2000      	movs	r0, #0
10002c46:	e7ea      	b.n	10002c1e <disoddint+0x46>
10002c48:	2000      	movs	r0, #0
10002c4a:	e7e8      	b.n	10002c1e <disoddint+0x46>
10002c4c:	2001      	movs	r0, #1
10002c4e:	e7e6      	b.n	10002c1e <disoddint+0x46>
10002c50:	fffffc01 	.word	0xfffffc01

10002c54 <dispo2>:
10002c54:	0002      	movs	r2, r0
10002c56:	000b      	movs	r3, r1
10002c58:	0d09      	lsrs	r1, r1, #20
10002c5a:	0549      	lsls	r1, r1, #21
10002c5c:	0d48      	lsrs	r0, r1, #21
10002c5e:	2900      	cmp	r1, #0
10002c60:	d007      	beq.n	10002c72 <dispo2+0x1e>
10002c62:	4905      	ldr	r1, [pc, #20]	@ (10002c78 <dispo2+0x24>)
10002c64:	4288      	cmp	r0, r1
10002c66:	d005      	beq.n	10002c74 <dispo2+0x20>
10002c68:	0318      	lsls	r0, r3, #12
10002c6a:	0b00      	lsrs	r0, r0, #12
10002c6c:	4310      	orrs	r0, r2
10002c6e:	4243      	negs	r3, r0
10002c70:	4158      	adcs	r0, r3
10002c72:	4770      	bx	lr
10002c74:	2000      	movs	r0, #0
10002c76:	e7fc      	b.n	10002c72 <dispo2+0x1e>
10002c78:	000007ff 	.word	0x000007ff

10002c7c <dpow_int2>:
10002c7c:	b570      	push	{r4, r5, r6, lr}
10002c7e:	0004      	movs	r4, r0
10002c80:	000d      	movs	r5, r1
10002c82:	0016      	movs	r6, r2
10002c84:	2a01      	cmp	r2, #1
10002c86:	d00e      	beq.n	10002ca6 <dpow_int2+0x2a>
10002c88:	0fd2      	lsrs	r2, r2, #31
10002c8a:	1992      	adds	r2, r2, r6
10002c8c:	1052      	asrs	r2, r2, #1
10002c8e:	f7ff fff5 	bl	10002c7c <dpow_int2>
10002c92:	0002      	movs	r2, r0
10002c94:	000b      	movs	r3, r1
10002c96:	f7ff fdfe 	bl	10002896 <__wrap___aeabi_dmul>
10002c9a:	07f6      	lsls	r6, r6, #31
10002c9c:	d503      	bpl.n	10002ca6 <dpow_int2+0x2a>
10002c9e:	0022      	movs	r2, r4
10002ca0:	002b      	movs	r3, r5
10002ca2:	f7ff fdf8 	bl	10002896 <__wrap___aeabi_dmul>
10002ca6:	bd70      	pop	{r4, r5, r6, pc}

10002ca8 <dpowint_1>:
10002ca8:	b510      	push	{r4, lr}
10002caa:	1e14      	subs	r4, r2, #0
10002cac:	db03      	blt.n	10002cb6 <dpowint_1+0xe>
10002cae:	0022      	movs	r2, r4
10002cb0:	f7ff ffe4 	bl	10002c7c <dpow_int2>
10002cb4:	bd10      	pop	{r4, pc}
10002cb6:	0002      	movs	r2, r0
10002cb8:	000b      	movs	r3, r1
10002cba:	2000      	movs	r0, #0
10002cbc:	4902      	ldr	r1, [pc, #8]	@ (10002cc8 <dpowint_1+0x20>)
10002cbe:	f7ff fdcc 	bl	1000285a <__wrap___aeabi_ddiv>
10002cc2:	4264      	negs	r4, r4
10002cc4:	e7f3      	b.n	10002cae <dpowint_1+0x6>
10002cc6:	46c0      	nop			@ (mov r8, r8)
10002cc8:	3ff00000 	.word	0x3ff00000

10002ccc <dpow_1>:
10002ccc:	b5f0      	push	{r4, r5, r6, r7, lr}
10002cce:	46d6      	mov	lr, sl
10002cd0:	464f      	mov	r7, r9
10002cd2:	4646      	mov	r6, r8
10002cd4:	b5c0      	push	{r6, r7, lr}
10002cd6:	b088      	sub	sp, #32
10002cd8:	0014      	movs	r4, r2
10002cda:	001d      	movs	r5, r3
10002cdc:	0d0e      	lsrs	r6, r1, #20
10002cde:	0576      	lsls	r6, r6, #21
10002ce0:	0d76      	lsrs	r6, r6, #21
10002ce2:	4b67      	ldr	r3, [pc, #412]	@ (10002e80 <dpow_1+0x1b4>)
10002ce4:	18f7      	adds	r7, r6, r3
10002ce6:	4a67      	ldr	r2, [pc, #412]	@ (10002e84 <dpow_1+0x1b8>)
10002ce8:	1b92      	subs	r2, r2, r6
10002cea:	f7ff ff1d 	bl	10002b28 <dldexp>
10002cee:	f7ff fea9 	bl	10002a44 <__wrap_log>
10002cf2:	4a65      	ldr	r2, [pc, #404]	@ (10002e88 <dpow_1+0x1bc>)
10002cf4:	4b65      	ldr	r3, [pc, #404]	@ (10002e8c <dpow_1+0x1c0>)
10002cf6:	f7ff fdb0 	bl	1000285a <__wrap___aeabi_ddiv>
10002cfa:	2200      	movs	r2, #0
10002cfc:	4b64      	ldr	r3, [pc, #400]	@ (10002e90 <dpow_1+0x1c4>)
10002cfe:	9000      	str	r0, [sp, #0]
10002d00:	9101      	str	r1, [sp, #4]
10002d02:	f7ff fe29 	bl	10002958 <__wrap___aeabi_dcmpgt>
10002d06:	2800      	cmp	r0, #0
10002d08:	d009      	beq.n	10002d1e <dpow_1+0x52>
10002d0a:	2200      	movs	r2, #0
10002d0c:	4b61      	ldr	r3, [pc, #388]	@ (10002e94 <dpow_1+0x1c8>)
10002d0e:	9800      	ldr	r0, [sp, #0]
10002d10:	9901      	ldr	r1, [sp, #4]
10002d12:	f7ff fd90 	bl	10002836 <__wrap___aeabi_dsub>
10002d16:	9000      	str	r0, [sp, #0]
10002d18:	9101      	str	r1, [sp, #4]
10002d1a:	4b5f      	ldr	r3, [pc, #380]	@ (10002e98 <dpow_1+0x1cc>)
10002d1c:	18f7      	adds	r7, r6, r3
10002d1e:	2f00      	cmp	r7, #0
10002d20:	d011      	beq.n	10002d46 <dpow_1+0x7a>
10002d22:	2200      	movs	r2, #0
10002d24:	4b5d      	ldr	r3, [pc, #372]	@ (10002e9c <dpow_1+0x1d0>)
10002d26:	0020      	movs	r0, r4
10002d28:	0029      	movs	r1, r5
10002d2a:	f7ff fe0d 	bl	10002948 <__wrap___aeabi_dcmpge>
10002d2e:	2800      	cmp	r0, #0
10002d30:	d015      	beq.n	10002d5e <dpow_1+0x92>
10002d32:	2f00      	cmp	r7, #0
10002d34:	db10      	blt.n	10002d58 <dpow_1+0x8c>
10002d36:	2000      	movs	r0, #0
10002d38:	4959      	ldr	r1, [pc, #356]	@ (10002ea0 <dpow_1+0x1d4>)
10002d3a:	b008      	add	sp, #32
10002d3c:	bce0      	pop	{r5, r6, r7}
10002d3e:	46ba      	mov	sl, r7
10002d40:	46b1      	mov	r9, r6
10002d42:	46a8      	mov	r8, r5
10002d44:	bdf0      	pop	{r4, r5, r6, r7, pc}
10002d46:	0022      	movs	r2, r4
10002d48:	002b      	movs	r3, r5
10002d4a:	9800      	ldr	r0, [sp, #0]
10002d4c:	9901      	ldr	r1, [sp, #4]
10002d4e:	f7ff fda2 	bl	10002896 <__wrap___aeabi_dmul>
10002d52:	f000 f965 	bl	10003020 <__wrap_exp2>
10002d56:	e7f0      	b.n	10002d3a <dpow_1+0x6e>
10002d58:	2000      	movs	r0, #0
10002d5a:	2100      	movs	r1, #0
10002d5c:	e7ed      	b.n	10002d3a <dpow_1+0x6e>
10002d5e:	2200      	movs	r2, #0
10002d60:	4b50      	ldr	r3, [pc, #320]	@ (10002ea4 <dpow_1+0x1d8>)
10002d62:	0020      	movs	r0, r4
10002d64:	0029      	movs	r1, r5
10002d66:	f7ff fde7 	bl	10002938 <__wrap___aeabi_dcmple>
10002d6a:	2800      	cmp	r0, #0
10002d6c:	d007      	beq.n	10002d7e <dpow_1+0xb2>
10002d6e:	2f00      	cmp	r7, #0
10002d70:	db02      	blt.n	10002d78 <dpow_1+0xac>
10002d72:	2000      	movs	r0, #0
10002d74:	2100      	movs	r1, #0
10002d76:	e7e0      	b.n	10002d3a <dpow_1+0x6e>
10002d78:	2000      	movs	r0, #0
10002d7a:	4949      	ldr	r1, [pc, #292]	@ (10002ea0 <dpow_1+0x1d4>)
10002d7c:	e7dd      	b.n	10002d3a <dpow_1+0x6e>
10002d7e:	0020      	movs	r0, r4
10002d80:	0029      	movs	r1, r5
10002d82:	f000 f901 	bl	10002f88 <__wrap_round>
10002d86:	9004      	str	r0, [sp, #16]
10002d88:	9105      	str	r1, [sp, #20]
10002d8a:	0002      	movs	r2, r0
10002d8c:	000b      	movs	r3, r1
10002d8e:	0020      	movs	r0, r4
10002d90:	0029      	movs	r1, r5
10002d92:	f7ff fd50 	bl	10002836 <__wrap___aeabi_dsub>
10002d96:	0003      	movs	r3, r0
10002d98:	000c      	movs	r4, r1
10002d9a:	221a      	movs	r2, #26
10002d9c:	9302      	str	r3, [sp, #8]
10002d9e:	9403      	str	r4, [sp, #12]
10002da0:	f000 f8ee 	bl	10002f80 <__wrap_ldexp>
10002da4:	f000 f8f0 	bl	10002f88 <__wrap_round>
10002da8:	221a      	movs	r2, #26
10002daa:	4252      	negs	r2, r2
10002dac:	f7ff febc 	bl	10002b28 <dldexp>
10002db0:	0004      	movs	r4, r0
10002db2:	000d      	movs	r5, r1
10002db4:	0002      	movs	r2, r0
10002db6:	000b      	movs	r3, r1
10002db8:	9802      	ldr	r0, [sp, #8]
10002dba:	9903      	ldr	r1, [sp, #12]
10002dbc:	f7ff fd3b 	bl	10002836 <__wrap___aeabi_dsub>
10002dc0:	9006      	str	r0, [sp, #24]
10002dc2:	9107      	str	r1, [sp, #28]
10002dc4:	9804      	ldr	r0, [sp, #16]
10002dc6:	9905      	ldr	r1, [sp, #20]
10002dc8:	f7ff fdf4 	bl	100029b4 <__wrap___aeabi_d2iz>
10002dcc:	4681      	mov	r9, r0
10002dce:	0001      	movs	r1, r0
10002dd0:	4379      	muls	r1, r7
10002dd2:	468a      	mov	sl, r1
10002dd4:	0038      	movs	r0, r7
10002dd6:	f7ff fdd5 	bl	10002984 <__wrap___aeabi_i2d>
10002dda:	0022      	movs	r2, r4
10002ddc:	002b      	movs	r3, r5
10002dde:	9004      	str	r0, [sp, #16]
10002de0:	9105      	str	r1, [sp, #20]
10002de2:	f7ff fd58 	bl	10002896 <__wrap___aeabi_dmul>
10002de6:	0006      	movs	r6, r0
10002de8:	000f      	movs	r7, r1
10002dea:	f000 f8cd 	bl	10002f88 <__wrap_round>
10002dee:	0004      	movs	r4, r0
10002df0:	000d      	movs	r5, r1
10002df2:	f7ff fddf 	bl	100029b4 <__wrap___aeabi_d2iz>
10002df6:	4680      	mov	r8, r0
10002df8:	44d0      	add	r8, sl
10002dfa:	0022      	movs	r2, r4
10002dfc:	002b      	movs	r3, r5
10002dfe:	0030      	movs	r0, r6
10002e00:	0039      	movs	r1, r7
10002e02:	f7ff fd18 	bl	10002836 <__wrap___aeabi_dsub>
10002e06:	0004      	movs	r4, r0
10002e08:	000d      	movs	r5, r1
10002e0a:	9a06      	ldr	r2, [sp, #24]
10002e0c:	9b07      	ldr	r3, [sp, #28]
10002e0e:	9804      	ldr	r0, [sp, #16]
10002e10:	9905      	ldr	r1, [sp, #20]
10002e12:	f7ff fd40 	bl	10002896 <__wrap___aeabi_dmul>
10002e16:	0002      	movs	r2, r0
10002e18:	000b      	movs	r3, r1
10002e1a:	0020      	movs	r0, r4
10002e1c:	0029      	movs	r1, r5
10002e1e:	f7ff fd13 	bl	10002848 <__wrap___aeabi_dadd>
10002e22:	9004      	str	r0, [sp, #16]
10002e24:	9105      	str	r1, [sp, #20]
10002e26:	4648      	mov	r0, r9
10002e28:	f7ff fdac 	bl	10002984 <__wrap___aeabi_i2d>
10002e2c:	9a00      	ldr	r2, [sp, #0]
10002e2e:	9b01      	ldr	r3, [sp, #4]
10002e30:	f7ff fd31 	bl	10002896 <__wrap___aeabi_dmul>
10002e34:	0004      	movs	r4, r0
10002e36:	000d      	movs	r5, r1
10002e38:	f000 f8a6 	bl	10002f88 <__wrap_round>
10002e3c:	0006      	movs	r6, r0
10002e3e:	000f      	movs	r7, r1
10002e40:	f7ff fdb8 	bl	100029b4 <__wrap___aeabi_d2iz>
10002e44:	4480      	add	r8, r0
10002e46:	0032      	movs	r2, r6
10002e48:	003b      	movs	r3, r7
10002e4a:	0020      	movs	r0, r4
10002e4c:	0029      	movs	r1, r5
10002e4e:	f7ff fcf2 	bl	10002836 <__wrap___aeabi_dsub>
10002e52:	9a04      	ldr	r2, [sp, #16]
10002e54:	9b05      	ldr	r3, [sp, #20]
10002e56:	f7ff fcf7 	bl	10002848 <__wrap___aeabi_dadd>
10002e5a:	0004      	movs	r4, r0
10002e5c:	000d      	movs	r5, r1
10002e5e:	9a02      	ldr	r2, [sp, #8]
10002e60:	9b03      	ldr	r3, [sp, #12]
10002e62:	9800      	ldr	r0, [sp, #0]
10002e64:	9901      	ldr	r1, [sp, #4]
10002e66:	f7ff fd16 	bl	10002896 <__wrap___aeabi_dmul>
10002e6a:	0022      	movs	r2, r4
10002e6c:	002b      	movs	r3, r5
10002e6e:	f7ff fceb 	bl	10002848 <__wrap___aeabi_dadd>
10002e72:	f000 f8d5 	bl	10003020 <__wrap_exp2>
10002e76:	4642      	mov	r2, r8
10002e78:	f7ff fe56 	bl	10002b28 <dldexp>
10002e7c:	e75d      	b.n	10002d3a <dpow_1+0x6e>
10002e7e:	46c0      	nop			@ (mov r8, r8)
10002e80:	fffffc01 	.word	0xfffffc01
10002e84:	000003ff 	.word	0x000003ff
10002e88:	fefa39ef 	.word	0xfefa39ef
10002e8c:	3fe62e42 	.word	0x3fe62e42
10002e90:	3fe00000 	.word	0x3fe00000
10002e94:	3ff00000 	.word	0x3ff00000
10002e98:	fffffc02 	.word	0xfffffc02
10002e9c:	40b00000 	.word	0x40b00000
10002ea0:	7ff00000 	.word	0x7ff00000
10002ea4:	c0b00000 	.word	0xc0b00000

10002ea8 <dpow_0>:
10002ea8:	b5f0      	push	{r4, r5, r6, r7, lr}
10002eaa:	46c6      	mov	lr, r8
10002eac:	b500      	push	{lr}
10002eae:	b082      	sub	sp, #8
10002eb0:	0004      	movs	r4, r0
10002eb2:	000d      	movs	r5, r1
10002eb4:	0016      	movs	r6, r2
10002eb6:	001f      	movs	r7, r3
10002eb8:	9001      	str	r0, [sp, #4]
10002eba:	2900      	cmp	r1, #0
10002ebc:	da1d      	bge.n	10002efa <dpow_0+0x52>
10002ebe:	0010      	movs	r0, r2
10002ec0:	0019      	movs	r1, r3
10002ec2:	f7ff fe89 	bl	10002bd8 <disoddint>
10002ec6:	2800      	cmp	r0, #0
10002ec8:	d00e      	beq.n	10002ee8 <dpow_0+0x40>
10002eca:	0020      	movs	r0, r4
10002ecc:	2380      	movs	r3, #128	@ 0x80
10002ece:	061b      	lsls	r3, r3, #24
10002ed0:	18e9      	adds	r1, r5, r3
10002ed2:	0032      	movs	r2, r6
10002ed4:	003b      	movs	r3, r7
10002ed6:	f7ff ffe7 	bl	10002ea8 <dpow_0>
10002eda:	2480      	movs	r4, #128	@ 0x80
10002edc:	0624      	lsls	r4, r4, #24
10002ede:	1909      	adds	r1, r1, r4
10002ee0:	b002      	add	sp, #8
10002ee2:	bc80      	pop	{r7}
10002ee4:	46b8      	mov	r8, r7
10002ee6:	bdf0      	pop	{r4, r5, r6, r7, pc}
10002ee8:	9801      	ldr	r0, [sp, #4]
10002eea:	2380      	movs	r3, #128	@ 0x80
10002eec:	061b      	lsls	r3, r3, #24
10002eee:	18e9      	adds	r1, r5, r3
10002ef0:	0032      	movs	r2, r6
10002ef2:	003b      	movs	r3, r7
10002ef4:	f7ff ffd8 	bl	10002ea8 <dpow_0>
10002ef8:	e7f2      	b.n	10002ee0 <dpow_0+0x38>
10002efa:	0010      	movs	r0, r2
10002efc:	0019      	movs	r1, r3
10002efe:	f7ff fd59 	bl	100029b4 <__wrap___aeabi_d2iz>
10002f02:	4680      	mov	r8, r0
10002f04:	0020      	movs	r0, r4
10002f06:	0029      	movs	r1, r5
10002f08:	f7ff fea4 	bl	10002c54 <dispo2>
10002f0c:	2800      	cmp	r0, #0
10002f0e:	d10c      	bne.n	10002f2a <dpow_0+0x82>
10002f10:	4643      	mov	r3, r8
10002f12:	2b00      	cmp	r3, #0
10002f14:	d028      	beq.n	10002f68 <dpow_0+0xc0>
10002f16:	3320      	adds	r3, #32
10002f18:	2b40      	cmp	r3, #64	@ 0x40
10002f1a:	d91f      	bls.n	10002f5c <dpow_0+0xb4>
10002f1c:	0032      	movs	r2, r6
10002f1e:	003b      	movs	r3, r7
10002f20:	0020      	movs	r0, r4
10002f22:	0029      	movs	r1, r5
10002f24:	f7ff fed2 	bl	10002ccc <dpow_1>
10002f28:	e7da      	b.n	10002ee0 <dpow_0+0x38>
10002f2a:	0d2a      	lsrs	r2, r5, #20
10002f2c:	0552      	lsls	r2, r2, #21
10002f2e:	0d52      	lsrs	r2, r2, #21
10002f30:	4b0f      	ldr	r3, [pc, #60]	@ (10002f70 <dpow_0+0xc8>)
10002f32:	469c      	mov	ip, r3
10002f34:	4462      	add	r2, ip
10002f36:	2380      	movs	r3, #128	@ 0x80
10002f38:	011b      	lsls	r3, r3, #4
10002f3a:	4598      	cmp	r8, r3
10002f3c:	da05      	bge.n	10002f4a <dpow_0+0xa2>
10002f3e:	4b0d      	ldr	r3, [pc, #52]	@ (10002f74 <dpow_0+0xcc>)
10002f40:	4598      	cmp	r8, r3
10002f42:	da04      	bge.n	10002f4e <dpow_0+0xa6>
10002f44:	4b0b      	ldr	r3, [pc, #44]	@ (10002f74 <dpow_0+0xcc>)
10002f46:	4698      	mov	r8, r3
10002f48:	e001      	b.n	10002f4e <dpow_0+0xa6>
10002f4a:	4b0b      	ldr	r3, [pc, #44]	@ (10002f78 <dpow_0+0xd0>)
10002f4c:	4698      	mov	r8, r3
10002f4e:	4643      	mov	r3, r8
10002f50:	435a      	muls	r2, r3
10002f52:	2000      	movs	r0, #0
10002f54:	4909      	ldr	r1, [pc, #36]	@ (10002f7c <dpow_0+0xd4>)
10002f56:	f7ff fde7 	bl	10002b28 <dldexp>
10002f5a:	e7c1      	b.n	10002ee0 <dpow_0+0x38>
10002f5c:	4642      	mov	r2, r8
10002f5e:	0020      	movs	r0, r4
10002f60:	0029      	movs	r1, r5
10002f62:	f7ff fea1 	bl	10002ca8 <dpowint_1>
10002f66:	e7bb      	b.n	10002ee0 <dpow_0+0x38>
10002f68:	2000      	movs	r0, #0
10002f6a:	4904      	ldr	r1, [pc, #16]	@ (10002f7c <dpow_0+0xd4>)
10002f6c:	e7b8      	b.n	10002ee0 <dpow_0+0x38>
10002f6e:	46c0      	nop			@ (mov r8, r8)
10002f70:	fffffc01 	.word	0xfffffc01
10002f74:	fffff800 	.word	0xfffff800
10002f78:	000007ff 	.word	0x000007ff
10002f7c:	3ff00000 	.word	0x3ff00000

10002f80 <__wrap_ldexp>:
10002f80:	b510      	push	{r4, lr}
10002f82:	f7ff fdd1 	bl	10002b28 <dldexp>
10002f86:	bd10      	pop	{r4, pc}

10002f88 <__wrap_round>:
10002f88:	b570      	push	{r4, r5, r6, lr}
10002f8a:	0d0b      	lsrs	r3, r1, #20
10002f8c:	055b      	lsls	r3, r3, #21
10002f8e:	0d5b      	lsrs	r3, r3, #21
10002f90:	4a21      	ldr	r2, [pc, #132]	@ (10003018 <__wrap_round+0x90>)
10002f92:	4694      	mov	ip, r2
10002f94:	4463      	add	r3, ip
10002f96:	1c5a      	adds	r2, r3, #1
10002f98:	db24      	blt.n	10002fe4 <__wrap_round+0x5c>
10002f9a:	1c5a      	adds	r2, r3, #1
10002f9c:	d028      	beq.n	10002ff0 <__wrap_round+0x68>
10002f9e:	2234      	movs	r2, #52	@ 0x34
10002fa0:	1ad2      	subs	r2, r2, r3
10002fa2:	2a00      	cmp	r2, #0
10002fa4:	dd1d      	ble.n	10002fe2 <__wrap_round+0x5a>
10002fa6:	2433      	movs	r4, #51	@ 0x33
10002fa8:	1ae4      	subs	r4, r4, r3
10002faa:	0025      	movs	r5, r4
10002fac:	3d20      	subs	r5, #32
10002fae:	d426      	bmi.n	10002ffe <__wrap_round+0x76>
10002fb0:	2601      	movs	r6, #1
10002fb2:	40ae      	lsls	r6, r5
10002fb4:	0033      	movs	r3, r6
10002fb6:	2501      	movs	r5, #1
10002fb8:	40a5      	lsls	r5, r4
10002fba:	002a      	movs	r2, r5
10002fbc:	1812      	adds	r2, r2, r0
10002fbe:	414b      	adcs	r3, r1
10002fc0:	0025      	movs	r5, r4
10002fc2:	3d20      	subs	r5, #32
10002fc4:	d421      	bmi.n	1000300a <__wrap_round+0x82>
10002fc6:	2602      	movs	r6, #2
10002fc8:	40ae      	lsls	r6, r5
10002fca:	0031      	movs	r1, r6
10002fcc:	2502      	movs	r5, #2
10002fce:	40a5      	lsls	r5, r4
10002fd0:	0028      	movs	r0, r5
10002fd2:	2500      	movs	r5, #0
10002fd4:	4244      	negs	r4, r0
10002fd6:	418d      	sbcs	r5, r1
10002fd8:	0016      	movs	r6, r2
10002fda:	4026      	ands	r6, r4
10002fdc:	0030      	movs	r0, r6
10002fde:	402b      	ands	r3, r5
10002fe0:	0019      	movs	r1, r3
10002fe2:	bd70      	pop	{r4, r5, r6, pc}
10002fe4:	2200      	movs	r2, #0
10002fe6:	0fc9      	lsrs	r1, r1, #31
10002fe8:	07cb      	lsls	r3, r1, #31
10002fea:	0010      	movs	r0, r2
10002fec:	0019      	movs	r1, r3
10002fee:	e7f8      	b.n	10002fe2 <__wrap_round+0x5a>
10002ff0:	0fcb      	lsrs	r3, r1, #31
10002ff2:	07db      	lsls	r3, r3, #31
10002ff4:	2000      	movs	r0, #0
10002ff6:	4a09      	ldr	r2, [pc, #36]	@ (1000301c <__wrap_round+0x94>)
10002ff8:	431a      	orrs	r2, r3
10002ffa:	0011      	movs	r1, r2
10002ffc:	e7f1      	b.n	10002fe2 <__wrap_round+0x5a>
10002ffe:	2520      	movs	r5, #32
10003000:	1b2d      	subs	r5, r5, r4
10003002:	2601      	movs	r6, #1
10003004:	40ee      	lsrs	r6, r5
10003006:	0033      	movs	r3, r6
10003008:	e7d5      	b.n	10002fb6 <__wrap_round+0x2e>
1000300a:	2520      	movs	r5, #32
1000300c:	1b2d      	subs	r5, r5, r4
1000300e:	2602      	movs	r6, #2
10003010:	40ee      	lsrs	r6, r5
10003012:	0031      	movs	r1, r6
10003014:	e7da      	b.n	10002fcc <__wrap_round+0x44>
10003016:	46c0      	nop			@ (mov r8, r8)
10003018:	fffffc01 	.word	0xfffffc01
1000301c:	3ff00000 	.word	0x3ff00000

10003020 <__wrap_exp2>:
10003020:	b570      	push	{r4, r5, r6, lr}
10003022:	0004      	movs	r4, r0
10003024:	000d      	movs	r5, r1
10003026:	0d0a      	lsrs	r2, r1, #20
10003028:	4b19      	ldr	r3, [pc, #100]	@ (10003090 <__wrap_exp2+0x70>)
1000302a:	429a      	cmp	r2, r3
1000302c:	d029      	beq.n	10003082 <__wrap_exp2+0x62>
1000302e:	2200      	movs	r2, #0
10003030:	4b18      	ldr	r3, [pc, #96]	@ (10003094 <__wrap_exp2+0x74>)
10003032:	f7ff fc81 	bl	10002938 <__wrap___aeabi_dcmple>
10003036:	2800      	cmp	r0, #0
10003038:	d126      	bne.n	10003088 <__wrap_exp2+0x68>
1000303a:	2200      	movs	r2, #0
1000303c:	4b16      	ldr	r3, [pc, #88]	@ (10003098 <__wrap_exp2+0x78>)
1000303e:	0020      	movs	r0, r4
10003040:	0029      	movs	r1, r5
10003042:	f7ff fc81 	bl	10002948 <__wrap___aeabi_dcmpge>
10003046:	2800      	cmp	r0, #0
10003048:	d002      	beq.n	10003050 <__wrap_exp2+0x30>
1000304a:	2000      	movs	r0, #0
1000304c:	4913      	ldr	r1, [pc, #76]	@ (1000309c <__wrap_exp2+0x7c>)
1000304e:	e01d      	b.n	1000308c <__wrap_exp2+0x6c>
10003050:	0020      	movs	r0, r4
10003052:	0029      	movs	r1, r5
10003054:	f7ff ff98 	bl	10002f88 <__wrap_round>
10003058:	f7ff fcac 	bl	100029b4 <__wrap___aeabi_d2iz>
1000305c:	0006      	movs	r6, r0
1000305e:	f7ff fc91 	bl	10002984 <__wrap___aeabi_i2d>
10003062:	0002      	movs	r2, r0
10003064:	000b      	movs	r3, r1
10003066:	0020      	movs	r0, r4
10003068:	0029      	movs	r1, r5
1000306a:	f7ff fbe4 	bl	10002836 <__wrap___aeabi_dsub>
1000306e:	4a0c      	ldr	r2, [pc, #48]	@ (100030a0 <__wrap_exp2+0x80>)
10003070:	4b0c      	ldr	r3, [pc, #48]	@ (100030a4 <__wrap_exp2+0x84>)
10003072:	f7ff fc10 	bl	10002896 <__wrap___aeabi_dmul>
10003076:	f7ff fcd9 	bl	10002a2c <__wrap_exp>
1000307a:	0032      	movs	r2, r6
1000307c:	f7ff fd54 	bl	10002b28 <dldexp>
10003080:	e004      	b.n	1000308c <__wrap_exp2+0x6c>
10003082:	2000      	movs	r0, #0
10003084:	2100      	movs	r1, #0
10003086:	e001      	b.n	1000308c <__wrap_exp2+0x6c>
10003088:	2000      	movs	r0, #0
1000308a:	2100      	movs	r1, #0
1000308c:	bd70      	pop	{r4, r5, r6, pc}
1000308e:	46c0      	nop			@ (mov r8, r8)
10003090:	00000fff 	.word	0x00000fff
10003094:	c0b00000 	.word	0xc0b00000
10003098:	40b00000 	.word	0x40b00000
1000309c:	7ff00000 	.word	0x7ff00000
100030a0:	fefa39ef 	.word	0xfefa39ef
100030a4:	3fe62e42 	.word	0x3fe62e42

100030a8 <__wrap_pow>:
100030a8:	b5f8      	push	{r3, r4, r5, r6, r7, lr}
100030aa:	46ce      	mov	lr, r9
100030ac:	4647      	mov	r7, r8
100030ae:	b580      	push	{r7, lr}
100030b0:	0006      	movs	r6, r0
100030b2:	000f      	movs	r7, r1
100030b4:	0014      	movs	r4, r2
100030b6:	001d      	movs	r5, r3
100030b8:	2200      	movs	r2, #0
100030ba:	4b4e      	ldr	r3, [pc, #312]	@ (100031f4 <__wrap_pow+0x14c>)
100030bc:	f7ff fc2e 	bl	1000291c <__wrap___aeabi_dcmpeq>
100030c0:	2800      	cmp	r0, #0
100030c2:	d121      	bne.n	10003108 <__wrap_pow+0x60>
100030c4:	0d2b      	lsrs	r3, r5, #20
100030c6:	4698      	mov	r8, r3
100030c8:	055b      	lsls	r3, r3, #21
100030ca:	0d5a      	lsrs	r2, r3, #21
100030cc:	4691      	mov	r9, r2
100030ce:	2b00      	cmp	r3, #0
100030d0:	d01a      	beq.n	10003108 <__wrap_pow+0x60>
100030d2:	2200      	movs	r2, #0
100030d4:	4b48      	ldr	r3, [pc, #288]	@ (100031f8 <__wrap_pow+0x150>)
100030d6:	0030      	movs	r0, r6
100030d8:	0039      	movs	r1, r7
100030da:	f7ff fc1f 	bl	1000291c <__wrap___aeabi_dcmpeq>
100030de:	2800      	cmp	r0, #0
100030e0:	d002      	beq.n	100030e8 <__wrap_pow+0x40>
100030e2:	4b46      	ldr	r3, [pc, #280]	@ (100031fc <__wrap_pow+0x154>)
100030e4:	4599      	cmp	r9, r3
100030e6:	d06d      	beq.n	100031c4 <__wrap_pow+0x11c>
100030e8:	0d3a      	lsrs	r2, r7, #20
100030ea:	0553      	lsls	r3, r2, #21
100030ec:	0d59      	lsrs	r1, r3, #21
100030ee:	2b00      	cmp	r3, #0
100030f0:	d11d      	bne.n	1000312e <__wrap_pow+0x86>
100030f2:	2d00      	cmp	r5, #0
100030f4:	db0e      	blt.n	10003114 <__wrap_pow+0x6c>
100030f6:	0020      	movs	r0, r4
100030f8:	0029      	movs	r1, r5
100030fa:	f7ff fd6d 	bl	10002bd8 <disoddint>
100030fe:	2800      	cmp	r0, #0
10003100:	d063      	beq.n	100031ca <__wrap_pow+0x122>
10003102:	0030      	movs	r0, r6
10003104:	0039      	movs	r1, r7
10003106:	e001      	b.n	1000310c <__wrap_pow+0x64>
10003108:	2000      	movs	r0, #0
1000310a:	493a      	ldr	r1, [pc, #232]	@ (100031f4 <__wrap_pow+0x14c>)
1000310c:	bcc0      	pop	{r6, r7}
1000310e:	46b9      	mov	r9, r7
10003110:	46b0      	mov	r8, r6
10003112:	bdf8      	pop	{r3, r4, r5, r6, r7, pc}
10003114:	0020      	movs	r0, r4
10003116:	0029      	movs	r1, r5
10003118:	f7ff fd5e 	bl	10002bd8 <disoddint>
1000311c:	2800      	cmp	r0, #0
1000311e:	d057      	beq.n	100031d0 <__wrap_pow+0x128>
10003120:	0ffb      	lsrs	r3, r7, #31
10003122:	07db      	lsls	r3, r3, #31
10003124:	2000      	movs	r0, #0
10003126:	4a36      	ldr	r2, [pc, #216]	@ (10003200 <__wrap_pow+0x158>)
10003128:	431a      	orrs	r2, r3
1000312a:	0011      	movs	r1, r2
1000312c:	e7ee      	b.n	1000310c <__wrap_pow+0x64>
1000312e:	4b33      	ldr	r3, [pc, #204]	@ (100031fc <__wrap_pow+0x154>)
10003130:	429a      	cmp	r2, r3
10003132:	d013      	beq.n	1000315c <__wrap_pow+0xb4>
10003134:	4b33      	ldr	r3, [pc, #204]	@ (10003204 <__wrap_pow+0x15c>)
10003136:	429a      	cmp	r2, r3
10003138:	d015      	beq.n	10003166 <__wrap_pow+0xbe>
1000313a:	4b30      	ldr	r3, [pc, #192]	@ (100031fc <__wrap_pow+0x154>)
1000313c:	4598      	cmp	r8, r3
1000313e:	d027      	beq.n	10003190 <__wrap_pow+0xe8>
10003140:	4b30      	ldr	r3, [pc, #192]	@ (10003204 <__wrap_pow+0x15c>)
10003142:	4598      	cmp	r8, r3
10003144:	d02a      	beq.n	1000319c <__wrap_pow+0xf4>
10003146:	0020      	movs	r0, r4
10003148:	0029      	movs	r1, r5
1000314a:	f7ff fd15 	bl	10002b78 <disint>
1000314e:	2800      	cmp	r0, #0
10003150:	d12a      	bne.n	100031a8 <__wrap_pow+0x100>
10003152:	2f00      	cmp	r7, #0
10003154:	da2f      	bge.n	100031b6 <__wrap_pow+0x10e>
10003156:	2000      	movs	r0, #0
10003158:	4929      	ldr	r1, [pc, #164]	@ (10003200 <__wrap_pow+0x158>)
1000315a:	e7d7      	b.n	1000310c <__wrap_pow+0x64>
1000315c:	2d00      	cmp	r5, #0
1000315e:	da3a      	bge.n	100031d6 <__wrap_pow+0x12e>
10003160:	2000      	movs	r0, #0
10003162:	2100      	movs	r1, #0
10003164:	e7d2      	b.n	1000310c <__wrap_pow+0x64>
10003166:	2d00      	cmp	r5, #0
10003168:	db08      	blt.n	1000317c <__wrap_pow+0xd4>
1000316a:	0020      	movs	r0, r4
1000316c:	0029      	movs	r1, r5
1000316e:	f7ff fd33 	bl	10002bd8 <disoddint>
10003172:	2800      	cmp	r0, #0
10003174:	d032      	beq.n	100031dc <__wrap_pow+0x134>
10003176:	2000      	movs	r0, #0
10003178:	4923      	ldr	r1, [pc, #140]	@ (10003208 <__wrap_pow+0x160>)
1000317a:	e7c7      	b.n	1000310c <__wrap_pow+0x64>
1000317c:	0020      	movs	r0, r4
1000317e:	0029      	movs	r1, r5
10003180:	f7ff fd2a 	bl	10002bd8 <disoddint>
10003184:	2800      	cmp	r0, #0
10003186:	d02c      	beq.n	100031e2 <__wrap_pow+0x13a>
10003188:	2000      	movs	r0, #0
1000318a:	2180      	movs	r1, #128	@ 0x80
1000318c:	0609      	lsls	r1, r1, #24
1000318e:	e7bd      	b.n	1000310c <__wrap_pow+0x64>
10003190:	4b1e      	ldr	r3, [pc, #120]	@ (1000320c <__wrap_pow+0x164>)
10003192:	4299      	cmp	r1, r3
10003194:	dc28      	bgt.n	100031e8 <__wrap_pow+0x140>
10003196:	2000      	movs	r0, #0
10003198:	2100      	movs	r1, #0
1000319a:	e7b7      	b.n	1000310c <__wrap_pow+0x64>
1000319c:	4b1b      	ldr	r3, [pc, #108]	@ (1000320c <__wrap_pow+0x164>)
1000319e:	4299      	cmp	r1, r3
100031a0:	dc25      	bgt.n	100031ee <__wrap_pow+0x146>
100031a2:	2000      	movs	r0, #0
100031a4:	4916      	ldr	r1, [pc, #88]	@ (10003200 <__wrap_pow+0x158>)
100031a6:	e7b1      	b.n	1000310c <__wrap_pow+0x64>
100031a8:	0022      	movs	r2, r4
100031aa:	002b      	movs	r3, r5
100031ac:	0030      	movs	r0, r6
100031ae:	0039      	movs	r1, r7
100031b0:	f7ff fe7a 	bl	10002ea8 <dpow_0>
100031b4:	e7aa      	b.n	1000310c <__wrap_pow+0x64>
100031b6:	0022      	movs	r2, r4
100031b8:	002b      	movs	r3, r5
100031ba:	0030      	movs	r0, r6
100031bc:	0039      	movs	r1, r7
100031be:	f7ff fd85 	bl	10002ccc <dpow_1>
100031c2:	e7a3      	b.n	1000310c <__wrap_pow+0x64>
100031c4:	2000      	movs	r0, #0
100031c6:	490b      	ldr	r1, [pc, #44]	@ (100031f4 <__wrap_pow+0x14c>)
100031c8:	e7a0      	b.n	1000310c <__wrap_pow+0x64>
100031ca:	2000      	movs	r0, #0
100031cc:	2100      	movs	r1, #0
100031ce:	e79d      	b.n	1000310c <__wrap_pow+0x64>
100031d0:	2000      	movs	r0, #0
100031d2:	490b      	ldr	r1, [pc, #44]	@ (10003200 <__wrap_pow+0x158>)
100031d4:	e79a      	b.n	1000310c <__wrap_pow+0x64>
100031d6:	2000      	movs	r0, #0
100031d8:	4909      	ldr	r1, [pc, #36]	@ (10003200 <__wrap_pow+0x158>)
100031da:	e797      	b.n	1000310c <__wrap_pow+0x64>
100031dc:	2000      	movs	r0, #0
100031de:	4908      	ldr	r1, [pc, #32]	@ (10003200 <__wrap_pow+0x158>)
100031e0:	e794      	b.n	1000310c <__wrap_pow+0x64>
100031e2:	2000      	movs	r0, #0
100031e4:	2100      	movs	r1, #0
100031e6:	e791      	b.n	1000310c <__wrap_pow+0x64>
100031e8:	2000      	movs	r0, #0
100031ea:	4905      	ldr	r1, [pc, #20]	@ (10003200 <__wrap_pow+0x158>)
100031ec:	e78e      	b.n	1000310c <__wrap_pow+0x64>
100031ee:	2000      	movs	r0, #0
100031f0:	2100      	movs	r1, #0
100031f2:	e78b      	b.n	1000310c <__wrap_pow+0x64>
100031f4:	3ff00000 	.word	0x3ff00000
100031f8:	bff00000 	.word	0xbff00000
100031fc:	000007ff 	.word	0x000007ff
10003200:	7ff00000 	.word	0x7ff00000
10003204:	00000fff 	.word	0x00000fff
10003208:	fff00000 	.word	0xfff00000
1000320c:	000003fe 	.word	0x000003fe

10003210 <double_table_shim_on_use_helper>:
10003210:	b507      	push	{r0, r1, r2, lr}
10003212:	4660      	mov	r0, ip
10003214:	2800      	cmp	r0, #0
10003216:	d100      	bne.n	1000321a <double_table_shim_on_use_helper+0xa>
10003218:	be00      	bkpt	0x0000
1000321a:	8801      	ldrh	r1, [r0, #0]
1000321c:	0a0a      	lsrs	r2, r1, #8
1000321e:	3002      	adds	r0, #2
10003220:	2adf      	cmp	r2, #223	@ 0xdf
10003222:	d1fa      	bne.n	1000321a <double_table_shim_on_use_helper+0xa>
10003224:	b2c9      	uxtb	r1, r1
10003226:	0882      	lsrs	r2, r0, #2
10003228:	d304      	bcc.n	10003234 <double_table_shim_on_use_helper+0x24>
1000322a:	8802      	ldrh	r2, [r0, #0]
1000322c:	8840      	ldrh	r0, [r0, #2]
1000322e:	0400      	lsls	r0, r0, #16
10003230:	4310      	orrs	r0, r2
10003232:	e000      	b.n	10003236 <double_table_shim_on_use_helper+0x26>
10003234:	6800      	ldr	r0, [r0, #0]
10003236:	4a02      	ldr	r2, [pc, #8]	@ (10003240 <double_table_shim_on_use_helper+0x30>)
10003238:	5050      	str	r0, [r2, r1]
1000323a:	9003      	str	r0, [sp, #12]
1000323c:	bd07      	pop	{r0, r1, r2, pc}
1000323e:	0000      	.short	0x0000
10003240:	20001b68 	.word	0x20001b68

10003244 <drsub_shim>:
10003244:	b40f      	push	{r0, r1, r2, r3}
10003246:	bc03      	pop	{r0, r1}
10003248:	bc0c      	pop	{r2, r3}

1000324a <dsub_shim>:
1000324a:	b5f0      	push	{r4, r5, r6, r7, lr}
1000324c:	2401      	movs	r4, #1
1000324e:	07e4      	lsls	r4, r4, #31
10003250:	4063      	eors	r3, r4
10003252:	e000      	b.n	10003256 <da_entry>

10003254 <dadd_shim>:
10003254:	b5f0      	push	{r4, r5, r6, r7, lr}

10003256 <da_entry>:
10003256:	0d0c      	lsrs	r4, r1, #20
10003258:	0fcf      	lsrs	r7, r1, #31
1000325a:	1e66      	subs	r6, r4, #1
1000325c:	0536      	lsls	r6, r6, #20
1000325e:	1b89      	subs	r1, r1, r6
10003260:	0564      	lsls	r4, r4, #21
10003262:	d303      	bcc.n	1000326c <l8_1>
10003264:	43c9      	mvns	r1, r1
10003266:	4240      	negs	r0, r0
10003268:	d300      	bcc.n	1000326c <l8_1>
1000326a:	3101      	adds	r1, #1

1000326c <l8_1>:
1000326c:	0d64      	lsrs	r4, r4, #21
1000326e:	d003      	beq.n	10003278 <l8_2>
10003270:	1c66      	adds	r6, r4, #1
10003272:	0af6      	lsrs	r6, r6, #11
10003274:	d007      	beq.n	10003286 <l8_3>
10003276:	1be4      	subs	r4, r4, r7

10003278 <l8_2>:
10003278:	2000      	movs	r0, #0
1000327a:	007f      	lsls	r7, r7, #1
1000327c:	1c79      	adds	r1, r7, #1
1000327e:	0789      	lsls	r1, r1, #30
10003280:	1289      	asrs	r1, r1, #10
10003282:	3c80      	subs	r4, #128	@ 0x80
10003284:	0324      	lsls	r4, r4, #12

10003286 <l8_3>:
10003286:	0d1d      	lsrs	r5, r3, #20
10003288:	0fdf      	lsrs	r7, r3, #31
1000328a:	1e6e      	subs	r6, r5, #1
1000328c:	0536      	lsls	r6, r6, #20
1000328e:	1b9b      	subs	r3, r3, r6
10003290:	056d      	lsls	r5, r5, #21
10003292:	d303      	bcc.n	1000329c <l9_1>
10003294:	43db      	mvns	r3, r3
10003296:	4252      	negs	r2, r2
10003298:	d300      	bcc.n	1000329c <l9_1>
1000329a:	3301      	adds	r3, #1

1000329c <l9_1>:
1000329c:	0d6d      	lsrs	r5, r5, #21
1000329e:	d003      	beq.n	100032a8 <l9_2>
100032a0:	1c6e      	adds	r6, r5, #1
100032a2:	0af6      	lsrs	r6, r6, #11
100032a4:	d007      	beq.n	100032b6 <l9_3>
100032a6:	1bed      	subs	r5, r5, r7

100032a8 <l9_2>:
100032a8:	2200      	movs	r2, #0
100032aa:	007f      	lsls	r7, r7, #1
100032ac:	1c7b      	adds	r3, r7, #1
100032ae:	079b      	lsls	r3, r3, #30
100032b0:	129b      	asrs	r3, r3, #10
100032b2:	3d80      	subs	r5, #128	@ 0x80
100032b4:	032d      	lsls	r5, r5, #12

100032b6 <l9_3>:
100032b6:	1b2f      	subs	r7, r5, r4
100032b8:	1b66      	subs	r6, r4, r5
100032ba:	d458      	bmi.n	1000336e <da_ygtx>
100032bc:	46a4      	mov	ip, r4
100032be:	2e20      	cmp	r6, #32
100032c0:	da46      	bge.n	10003350 <da_xrgty>
100032c2:	3720      	adds	r7, #32
100032c4:	0014      	movs	r4, r2
100032c6:	40bc      	lsls	r4, r7

100032c8 <da_xgty0>:
100032c8:	001d      	movs	r5, r3
100032ca:	40bd      	lsls	r5, r7
100032cc:	40f2      	lsrs	r2, r6
100032ce:	4133      	asrs	r3, r6
100032d0:	432a      	orrs	r2, r5

100032d2 <da_add>:
100032d2:	1880      	adds	r0, r0, r2
100032d4:	4159      	adcs	r1, r3

100032d6 <da_pack>:
100032d6:	0fcb      	lsrs	r3, r1, #31
100032d8:	d005      	beq.n	100032e6 <da_pack+0x10>
100032da:	43c9      	mvns	r1, r1
100032dc:	43c0      	mvns	r0, r0
100032de:	2200      	movs	r2, #0
100032e0:	4264      	negs	r4, r4
100032e2:	4150      	adcs	r0, r2
100032e4:	4151      	adcs	r1, r2
100032e6:	4662      	mov	r2, ip
100032e8:	0d4d      	lsrs	r5, r1, #21
100032ea:	d128      	bne.n	1000333e <da_0>
100032ec:	0d0d      	lsrs	r5, r1, #20
100032ee:	d107      	bne.n	10003300 <da_1>
100032f0:	2800      	cmp	r0, #0
100032f2:	d01f      	beq.n	10003334 <da_5>

100032f4 <da_2>:
100032f4:	1924      	adds	r4, r4, r4
100032f6:	4140      	adcs	r0, r0
100032f8:	4149      	adcs	r1, r1
100032fa:	3a01      	subs	r2, #1
100032fc:	0d0d      	lsrs	r5, r1, #20
100032fe:	d0f9      	beq.n	100032f4 <da_2>

10003300 <da_1>:
10003300:	0064      	lsls	r4, r4, #1
10003302:	d306      	bcc.n	10003312 <da_3>

10003304 <da_4>:
10003304:	3001      	adds	r0, #1
10003306:	d300      	bcc.n	1000330a <da_4+0x6>
10003308:	3101      	adds	r1, #1
1000330a:	2c00      	cmp	r4, #0
1000330c:	d101      	bne.n	10003312 <da_3>
1000330e:	0840      	lsrs	r0, r0, #1
10003310:	0040      	lsls	r0, r0, #1

10003312 <da_3>:
10003312:	3a01      	subs	r2, #1
10003314:	d40b      	bmi.n	1000332e <da_6>
10003316:	1c94      	adds	r4, r2, #2
10003318:	0ae4      	lsrs	r4, r4, #11
1000331a:	d104      	bne.n	10003326 <da_7>
1000331c:	0512      	lsls	r2, r2, #20
1000331e:	4411      	add	r1, r2
10003320:	07db      	lsls	r3, r3, #31
10003322:	4419      	add	r1, r3
10003324:	bdf0      	pop	{r4, r5, r6, r7, pc}

10003326 <da_7>:
10003326:	07d9      	lsls	r1, r3, #31
10003328:	4b20      	ldr	r3, [pc, #128]	@ (100033ac <da_xmgty+0x4>)
1000332a:	4319      	orrs	r1, r3
1000332c:	e000      	b.n	10003330 <da_6+0x2>

1000332e <da_6>:
1000332e:	07d9      	lsls	r1, r3, #31
10003330:	2000      	movs	r0, #0
10003332:	bdf0      	pop	{r4, r5, r6, r7, pc}

10003334 <da_5>:
10003334:	2900      	cmp	r1, #0
10003336:	d1dd      	bne.n	100032f4 <da_2>
10003338:	2c00      	cmp	r4, #0
1000333a:	d1db      	bne.n	100032f4 <da_2>
1000333c:	bdf0      	pop	{r4, r5, r6, r7, pc}

1000333e <da_0>:
1000333e:	3201      	adds	r2, #1
10003340:	07c6      	lsls	r6, r0, #31
10003342:	0840      	lsrs	r0, r0, #1
10003344:	07cd      	lsls	r5, r1, #31
10003346:	4328      	orrs	r0, r5
10003348:	0849      	lsrs	r1, r1, #1
1000334a:	2e00      	cmp	r6, #0
1000334c:	d0e1      	beq.n	10003312 <da_3>
1000334e:	e7d9      	b.n	10003304 <da_4>

10003350 <da_xrgty>:
10003350:	2e3c      	cmp	r6, #60	@ 0x3c
10003352:	da29      	bge.n	100033a8 <da_xmgty>
10003354:	3e20      	subs	r6, #32
10003356:	3740      	adds	r7, #64	@ 0x40
10003358:	0014      	movs	r4, r2
1000335a:	40bc      	lsls	r4, r7
1000335c:	d000      	beq.n	10003360 <da_xrgty+0x10>
1000335e:	2401      	movs	r4, #1
10003360:	40f2      	lsrs	r2, r6
10003362:	4314      	orrs	r4, r2
10003364:	001a      	movs	r2, r3
10003366:	40bb      	lsls	r3, r7
10003368:	431c      	orrs	r4, r3
1000336a:	17d3      	asrs	r3, r2, #31
1000336c:	e7ac      	b.n	100032c8 <da_xgty0>

1000336e <da_ygtx>:
1000336e:	46ac      	mov	ip, r5
10003370:	2f20      	cmp	r7, #32
10003372:	da08      	bge.n	10003386 <da_yrgtx>
10003374:	3620      	adds	r6, #32
10003376:	0004      	movs	r4, r0
10003378:	40b4      	lsls	r4, r6

1000337a <da_ygtx0>:
1000337a:	000d      	movs	r5, r1
1000337c:	40b5      	lsls	r5, r6
1000337e:	40f8      	lsrs	r0, r7
10003380:	4139      	asrs	r1, r7
10003382:	4328      	orrs	r0, r5
10003384:	e7a5      	b.n	100032d2 <da_add>

10003386 <da_yrgtx>:
10003386:	2f3c      	cmp	r7, #60	@ 0x3c
10003388:	da0c      	bge.n	100033a4 <da_ymgtx>
1000338a:	3f20      	subs	r7, #32
1000338c:	3640      	adds	r6, #64	@ 0x40
1000338e:	0004      	movs	r4, r0
10003390:	40b4      	lsls	r4, r6
10003392:	d000      	beq.n	10003396 <da_yrgtx+0x10>
10003394:	2401      	movs	r4, #1
10003396:	40f8      	lsrs	r0, r7
10003398:	4304      	orrs	r4, r0
1000339a:	0008      	movs	r0, r1
1000339c:	40b1      	lsls	r1, r6
1000339e:	430c      	orrs	r4, r1
100033a0:	17c1      	asrs	r1, r0, #31
100033a2:	e7ea      	b.n	1000337a <da_ygtx0>

100033a4 <da_ymgtx>:
100033a4:	0010      	movs	r0, r2
100033a6:	0019      	movs	r1, r3

100033a8 <da_xmgty>:
100033a8:	2400      	movs	r4, #0
100033aa:	e794      	b.n	100032d6 <da_pack>
100033ac:	7ff00000 	.word	0x7ff00000

100033b0 <dmul_shim>:
100033b0:	b5f0      	push	{r4, r5, r6, r7, lr}
100033b2:	0d0c      	lsrs	r4, r1, #20
100033b4:	1e66      	subs	r6, r4, #1
100033b6:	0536      	lsls	r6, r6, #20
100033b8:	1b89      	subs	r1, r1, r6
100033ba:	0ae6      	lsrs	r6, r4, #11
100033bc:	0564      	lsls	r4, r4, #21
100033be:	0d64      	lsrs	r4, r4, #21
100033c0:	d002      	beq.n	100033c8 <l12_1>
100033c2:	1c65      	adds	r5, r4, #1
100033c4:	0aed      	lsrs	r5, r5, #11
100033c6:	d004      	beq.n	100033d2 <l12_2>

100033c8 <l12_1>:
100033c8:	2000      	movs	r0, #0
100033ca:	2101      	movs	r1, #1
100033cc:	0509      	lsls	r1, r1, #20
100033ce:	3c80      	subs	r4, #128	@ 0x80
100033d0:	0324      	lsls	r4, r4, #12

100033d2 <l12_2>:
100033d2:	46a4      	mov	ip, r4
100033d4:	0d1c      	lsrs	r4, r3, #20
100033d6:	1e67      	subs	r7, r4, #1
100033d8:	053f      	lsls	r7, r7, #20
100033da:	1bdb      	subs	r3, r3, r7
100033dc:	0ae7      	lsrs	r7, r4, #11
100033de:	0564      	lsls	r4, r4, #21
100033e0:	0d64      	lsrs	r4, r4, #21
100033e2:	d002      	beq.n	100033ea <l13_1>
100033e4:	1c65      	adds	r5, r4, #1
100033e6:	0aed      	lsrs	r5, r5, #11
100033e8:	d004      	beq.n	100033f4 <l13_2>

100033ea <l13_1>:
100033ea:	2200      	movs	r2, #0
100033ec:	2301      	movs	r3, #1
100033ee:	051b      	lsls	r3, r3, #20
100033f0:	3c80      	subs	r4, #128	@ 0x80
100033f2:	0324      	lsls	r4, r4, #12

100033f4 <l13_2>:
100033f4:	4077      	eors	r7, r6
100033f6:	4464      	add	r4, ip
100033f8:	b497      	push	{r0, r1, r2, r4, r7}
100033fa:	b284      	uxth	r4, r0
100033fc:	b296      	uxth	r6, r2
100033fe:	4374      	muls	r4, r6
10003400:	0c07      	lsrs	r7, r0, #16
10003402:	437e      	muls	r6, r7
10003404:	0c15      	lsrs	r5, r2, #16
10003406:	436f      	muls	r7, r5
10003408:	b280      	uxth	r0, r0
1000340a:	4368      	muls	r0, r5
1000340c:	1836      	adds	r6, r6, r0
1000340e:	d302      	bcc.n	10003416 <l14_1>
10003410:	2001      	movs	r0, #1
10003412:	0400      	lsls	r0, r0, #16
10003414:	183f      	adds	r7, r7, r0

10003416 <l14_1>:
10003416:	0430      	lsls	r0, r6, #16
10003418:	0c35      	lsrs	r5, r6, #16
1000341a:	1900      	adds	r0, r0, r4
1000341c:	417d      	adcs	r5, r7
1000341e:	4684      	mov	ip, r0
10003420:	b288      	uxth	r0, r1
10003422:	b29a      	uxth	r2, r3
10003424:	4350      	muls	r0, r2
10003426:	0c0c      	lsrs	r4, r1, #16
10003428:	4362      	muls	r2, r4
1000342a:	0c1f      	lsrs	r7, r3, #16
1000342c:	437c      	muls	r4, r7
1000342e:	b28e      	uxth	r6, r1
10003430:	437e      	muls	r6, r7
10003432:	1992      	adds	r2, r2, r6
10003434:	d302      	bcc.n	1000343c <l15_1>
10003436:	2601      	movs	r6, #1
10003438:	0436      	lsls	r6, r6, #16
1000343a:	19a4      	adds	r4, r4, r6

1000343c <l15_1>:
1000343c:	0416      	lsls	r6, r2, #16
1000343e:	0c17      	lsrs	r7, r2, #16
10003440:	1836      	adds	r6, r6, r0
10003442:	4167      	adcs	r7, r4
10003444:	bc01      	pop	{r0}
10003446:	b281      	uxth	r1, r0
10003448:	b29a      	uxth	r2, r3
1000344a:	4351      	muls	r1, r2
1000344c:	0c04      	lsrs	r4, r0, #16
1000344e:	4362      	muls	r2, r4
10003450:	0c1b      	lsrs	r3, r3, #16
10003452:	435c      	muls	r4, r3
10003454:	b280      	uxth	r0, r0
10003456:	4358      	muls	r0, r3
10003458:	1812      	adds	r2, r2, r0
1000345a:	d302      	bcc.n	10003462 <l16_1>
1000345c:	2001      	movs	r0, #1
1000345e:	0400      	lsls	r0, r0, #16
10003460:	1824      	adds	r4, r4, r0

10003462 <l16_1>:
10003462:	0410      	lsls	r0, r2, #16
10003464:	0c13      	lsrs	r3, r2, #16
10003466:	1840      	adds	r0, r0, r1
10003468:	4163      	adcs	r3, r4
1000346a:	182d      	adds	r5, r5, r0
1000346c:	415e      	adcs	r6, r3
1000346e:	2000      	movs	r0, #0
10003470:	4147      	adcs	r7, r0
10003472:	bc06      	pop	{r1, r2}
10003474:	b288      	uxth	r0, r1
10003476:	b293      	uxth	r3, r2
10003478:	4358      	muls	r0, r3
1000347a:	0c0c      	lsrs	r4, r1, #16
1000347c:	4363      	muls	r3, r4
1000347e:	0c12      	lsrs	r2, r2, #16
10003480:	4354      	muls	r4, r2
10003482:	b289      	uxth	r1, r1
10003484:	4351      	muls	r1, r2
10003486:	185b      	adds	r3, r3, r1
10003488:	d302      	bcc.n	10003490 <l17_1>
1000348a:	2101      	movs	r1, #1
1000348c:	0409      	lsls	r1, r1, #16
1000348e:	1864      	adds	r4, r4, r1

10003490 <l17_1>:
10003490:	0419      	lsls	r1, r3, #16
10003492:	0c1a      	lsrs	r2, r3, #16
10003494:	1809      	adds	r1, r1, r0
10003496:	4162      	adcs	r2, r4
10003498:	186d      	adds	r5, r5, r1
1000349a:	4156      	adcs	r6, r2
1000349c:	2000      	movs	r0, #0
1000349e:	4147      	adcs	r7, r0
100034a0:	bc18      	pop	{r3, r4}
100034a2:	02f9      	lsls	r1, r7, #11
100034a4:	0d72      	lsrs	r2, r6, #21
100034a6:	4311      	orrs	r1, r2
100034a8:	02f0      	lsls	r0, r6, #11
100034aa:	0d6a      	lsrs	r2, r5, #21
100034ac:	4310      	orrs	r0, r2
100034ae:	02ed      	lsls	r5, r5, #11
100034b0:	0d0a      	lsrs	r2, r1, #20
100034b2:	d103      	bne.n	100034bc <l17_1+0x2c>
100034b4:	196d      	adds	r5, r5, r5
100034b6:	4140      	adcs	r0, r0
100034b8:	4149      	adcs	r1, r1
100034ba:	3b01      	subs	r3, #1
100034bc:	4e12      	ldr	r6, [pc, #72]	@ (10003508 <dm_1+0xa>)
100034be:	1b9b      	subs	r3, r3, r6
100034c0:	0076      	lsls	r6, r6, #1
100034c2:	42b3      	cmp	r3, r6
100034c4:	d20e      	bcs.n	100034e4 <dm_0>
100034c6:	006d      	lsls	r5, r5, #1
100034c8:	d307      	bcc.n	100034da <l17_1+0x4a>
100034ca:	3001      	adds	r0, #1
100034cc:	2600      	movs	r6, #0
100034ce:	4171      	adcs	r1, r6
100034d0:	4666      	mov	r6, ip
100034d2:	4335      	orrs	r5, r6
100034d4:	d101      	bne.n	100034da <l17_1+0x4a>
100034d6:	0840      	lsrs	r0, r0, #1
100034d8:	0040      	lsls	r0, r0, #1
100034da:	051b      	lsls	r3, r3, #20
100034dc:	18c9      	adds	r1, r1, r3

100034de <dm_2>:
100034de:	07e4      	lsls	r4, r4, #31
100034e0:	4421      	add	r1, r4
100034e2:	bdf0      	pop	{r4, r5, r6, r7, pc}

100034e4 <dm_0>:
100034e4:	da0b      	bge.n	100034fe <dm_1>
100034e6:	3301      	adds	r3, #1
100034e8:	d106      	bne.n	100034f8 <dm_0+0x14>
100034ea:	3001      	adds	r0, #1
100034ec:	d104      	bne.n	100034f8 <dm_0+0x14>
100034ee:	3101      	adds	r1, #1
100034f0:	0d4f      	lsrs	r7, r1, #21
100034f2:	d001      	beq.n	100034f8 <dm_0+0x14>
100034f4:	0849      	lsrs	r1, r1, #1
100034f6:	e7f2      	b.n	100034de <dm_2>
100034f8:	07e1      	lsls	r1, r4, #31
100034fa:	2000      	movs	r0, #0
100034fc:	bdf0      	pop	{r4, r5, r6, r7, pc}

100034fe <dm_1>:
100034fe:	3601      	adds	r6, #1
10003500:	0531      	lsls	r1, r6, #20
10003502:	2000      	movs	r0, #0
10003504:	e7eb      	b.n	100034de <dm_2>
10003506:	0000      	.short	0x0000
10003508:	000003ff 	.word	0x000003ff

1000350c <ddiv_shim>:
1000350c:	b5f0      	push	{r4, r5, r6, r7, lr}

1000350e <ddiv0>:
1000350e:	0d1c      	lsrs	r4, r3, #20
10003510:	1e67      	subs	r7, r4, #1
10003512:	053f      	lsls	r7, r7, #20
10003514:	1bdb      	subs	r3, r3, r7
10003516:	0ae7      	lsrs	r7, r4, #11
10003518:	0564      	lsls	r4, r4, #21
1000351a:	0d64      	lsrs	r4, r4, #21
1000351c:	d002      	beq.n	10003524 <l20_1>
1000351e:	1c66      	adds	r6, r4, #1
10003520:	0af6      	lsrs	r6, r6, #11
10003522:	d004      	beq.n	1000352e <l20_2>

10003524 <l20_1>:
10003524:	2200      	movs	r2, #0
10003526:	2301      	movs	r3, #1
10003528:	051b      	lsls	r3, r3, #20
1000352a:	3c80      	subs	r4, #128	@ 0x80
1000352c:	0324      	lsls	r4, r4, #12

1000352e <l20_2>:
1000352e:	25d0      	movs	r5, #208	@ 0xd0
10003530:	062d      	lsls	r5, r5, #24
10003532:	2600      	movs	r6, #0
10003534:	43f6      	mvns	r6, r6
10003536:	662e      	str	r6, [r5, #96]	@ 0x60
10003538:	091e      	lsrs	r6, r3, #4
1000353a:	666e      	str	r6, [r5, #100]	@ 0x64
1000353c:	0fce      	lsrs	r6, r1, #31
1000353e:	19f6      	adds	r6, r6, r7
10003540:	46b4      	mov	ip, r6
10003542:	0049      	lsls	r1, r1, #1
10003544:	0d4f      	lsrs	r7, r1, #21
10003546:	d002      	beq.n	1000354e <l20_2+0x20>
10003548:	1c7e      	adds	r6, r7, #1
1000354a:	0af6      	lsrs	r6, r6, #11
1000354c:	d003      	beq.n	10003556 <l20_2+0x28>
1000354e:	2000      	movs	r0, #0
10003550:	2100      	movs	r1, #0
10003552:	3f40      	subs	r7, #64	@ 0x40
10003554:	033f      	lsls	r7, r7, #12
10003556:	1b3e      	subs	r6, r7, r4
10003558:	00b6      	lsls	r6, r6, #2
1000355a:	44b4      	add	ip, r6
1000355c:	3f01      	subs	r7, #1
1000355e:	057f      	lsls	r7, r7, #21
10003560:	1bc9      	subs	r1, r1, r7
10003562:	0849      	lsrs	r1, r1, #1
10003564:	6f2e      	ldr	r6, [r5, #112]	@ 0x70
10003566:	3601      	adds	r6, #1
10003568:	0876      	lsrs	r6, r6, #1
1000356a:	029c      	lsls	r4, r3, #10
1000356c:	0d95      	lsrs	r5, r2, #22
1000356e:	4325      	orrs	r5, r4
10003570:	4375      	muls	r5, r6
10003572:	13ed      	asrs	r5, r5, #15
10003574:	4375      	muls	r5, r6
10003576:	13ad      	asrs	r5, r5, #14
10003578:	3501      	adds	r5, #1
1000357a:	106d      	asrs	r5, r5, #1
1000357c:	03f6      	lsls	r6, r6, #15
1000357e:	1b76      	subs	r6, r6, r5
10003580:	b40c      	push	{r2, r3}
10003582:	02cc      	lsls	r4, r1, #11
10003584:	0d45      	lsrs	r5, r0, #21
10003586:	432c      	orrs	r4, r5
10003588:	b2a2      	uxth	r2, r4
1000358a:	b2b3      	uxth	r3, r6
1000358c:	435a      	muls	r2, r3
1000358e:	0c27      	lsrs	r7, r4, #16
10003590:	437b      	muls	r3, r7
10003592:	0c35      	lsrs	r5, r6, #16
10003594:	436f      	muls	r7, r5
10003596:	b2a4      	uxth	r4, r4
10003598:	436c      	muls	r4, r5
1000359a:	191b      	adds	r3, r3, r4
1000359c:	d302      	bcc.n	100035a4 <l21_1>
1000359e:	2401      	movs	r4, #1
100035a0:	0424      	lsls	r4, r4, #16
100035a2:	193f      	adds	r7, r7, r4

100035a4 <l21_1>:
100035a4:	041c      	lsls	r4, r3, #16
100035a6:	0c1d      	lsrs	r5, r3, #16
100035a8:	18a4      	adds	r4, r4, r2
100035aa:	417d      	adcs	r5, r7
100035ac:	1924      	adds	r4, r4, r4
100035ae:	416d      	adcs	r5, r5
100035b0:	9a00      	ldr	r2, [sp, #0]
100035b2:	b291      	uxth	r1, r2
100035b4:	b2ac      	uxth	r4, r5
100035b6:	4361      	muls	r1, r4
100035b8:	0c17      	lsrs	r7, r2, #16
100035ba:	437c      	muls	r4, r7
100035bc:	0c2b      	lsrs	r3, r5, #16
100035be:	435f      	muls	r7, r3
100035c0:	b292      	uxth	r2, r2
100035c2:	435a      	muls	r2, r3
100035c4:	18a4      	adds	r4, r4, r2
100035c6:	d302      	bcc.n	100035ce <l22_1>
100035c8:	2201      	movs	r2, #1
100035ca:	0412      	lsls	r2, r2, #16
100035cc:	18bf      	adds	r7, r7, r2

100035ce <l22_1>:
100035ce:	0422      	lsls	r2, r4, #16
100035d0:	0c23      	lsrs	r3, r4, #16
100035d2:	1852      	adds	r2, r2, r1
100035d4:	417b      	adcs	r3, r7
100035d6:	9c01      	ldr	r4, [sp, #4]
100035d8:	436c      	muls	r4, r5
100035da:	191b      	adds	r3, r3, r4
100035dc:	0e52      	lsrs	r2, r2, #25
100035de:	01d9      	lsls	r1, r3, #7
100035e0:	430a      	orrs	r2, r1
100035e2:	0144      	lsls	r4, r0, #5
100035e4:	1aa0      	subs	r0, r4, r2
100035e6:	b281      	uxth	r1, r0
100035e8:	b2b2      	uxth	r2, r6
100035ea:	4351      	muls	r1, r2
100035ec:	1403      	asrs	r3, r0, #16
100035ee:	435a      	muls	r2, r3
100035f0:	0c36      	lsrs	r6, r6, #16
100035f2:	4373      	muls	r3, r6
100035f4:	b287      	uxth	r7, r0
100035f6:	4377      	muls	r7, r6
100035f8:	17d6      	asrs	r6, r2, #31
100035fa:	19d2      	adds	r2, r2, r7
100035fc:	2700      	movs	r7, #0
100035fe:	417e      	adcs	r6, r7
10003600:	0436      	lsls	r6, r6, #16
10003602:	199b      	adds	r3, r3, r6
10003604:	0417      	lsls	r7, r2, #16
10003606:	0c16      	lsrs	r6, r2, #16
10003608:	187f      	adds	r7, r7, r1
1000360a:	415e      	adcs	r6, r3
1000360c:	1673      	asrs	r3, r6, #25
1000360e:	18ed      	adds	r5, r5, r3
10003610:	01f3      	lsls	r3, r6, #7
10003612:	2600      	movs	r6, #0
10003614:	3380      	adds	r3, #128	@ 0x80
10003616:	4175      	adcs	r5, r6
10003618:	0fa9      	lsrs	r1, r5, #30
1000361a:	d106      	bne.n	1000362a <dd_0>
1000361c:	0064      	lsls	r4, r4, #1
1000361e:	0a69      	lsrs	r1, r5, #9
10003620:	05e8      	lsls	r0, r5, #23
10003622:	0a5b      	lsrs	r3, r3, #9
10003624:	4318      	orrs	r0, r3
10003626:	d209      	bcs.n	1000363c <dd_1>
10003628:	e02f      	b.n	1000368a <dd_2>

1000362a <dd_0>:
1000362a:	2204      	movs	r2, #4
1000362c:	4494      	add	ip, r2
1000362e:	3380      	adds	r3, #128	@ 0x80
10003630:	4175      	adcs	r5, r6
10003632:	0aa9      	lsrs	r1, r5, #10
10003634:	05a8      	lsls	r0, r5, #22
10003636:	0a9b      	lsrs	r3, r3, #10
10003638:	4318      	orrs	r0, r3
1000363a:	d326      	bcc.n	1000368a <dd_2>

1000363c <dd_1>:
1000363c:	4140      	adcs	r0, r0
1000363e:	4149      	adcs	r1, r1
10003640:	0424      	lsls	r4, r4, #16
10003642:	9a00      	ldr	r2, [sp, #0]
10003644:	9b01      	ldr	r3, [sp, #4]
10003646:	000d      	movs	r5, r1
10003648:	4355      	muls	r5, r2
1000364a:	1b64      	subs	r4, r4, r5
1000364c:	4343      	muls	r3, r0
1000364e:	1ae4      	subs	r4, r4, r3
10003650:	b295      	uxth	r5, r2
10003652:	b286      	uxth	r6, r0
10003654:	4375      	muls	r5, r6
10003656:	0c17      	lsrs	r7, r2, #16
10003658:	437e      	muls	r6, r7
1000365a:	0c03      	lsrs	r3, r0, #16
1000365c:	435f      	muls	r7, r3
1000365e:	b292      	uxth	r2, r2
10003660:	435a      	muls	r2, r3
10003662:	18b6      	adds	r6, r6, r2
10003664:	d302      	bcc.n	1000366c <l24_1>
10003666:	2201      	movs	r2, #1
10003668:	0412      	lsls	r2, r2, #16
1000366a:	18bf      	adds	r7, r7, r2

1000366c <l24_1>:
1000366c:	0432      	lsls	r2, r6, #16
1000366e:	0c33      	lsrs	r3, r6, #16
10003670:	1952      	adds	r2, r2, r5
10003672:	417b      	adcs	r3, r7
10003674:	4252      	negs	r2, r2
10003676:	419c      	sbcs	r4, r3
10003678:	2c00      	cmp	r4, #0
1000367a:	d402      	bmi.n	10003682 <l24_1+0x16>
1000367c:	2200      	movs	r2, #0
1000367e:	3001      	adds	r0, #1
10003680:	4151      	adcs	r1, r2
10003682:	0840      	lsrs	r0, r0, #1
10003684:	07ca      	lsls	r2, r1, #31
10003686:	4310      	orrs	r0, r2
10003688:	0849      	lsrs	r1, r1, #1

1000368a <dd_2>:
1000368a:	b002      	add	sp, #8
1000368c:	4662      	mov	r2, ip
1000368e:	07d7      	lsls	r7, r2, #31
10003690:	1092      	asrs	r2, r2, #2
10003692:	4b08      	ldr	r3, [pc, #32]	@ (100036b4 <dd_4+0x6>)
10003694:	18d2      	adds	r2, r2, r3
10003696:	4b08      	ldr	r3, [pc, #32]	@ (100036b8 <dd_4+0xa>)
10003698:	429a      	cmp	r2, r3
1000369a:	d203      	bcs.n	100036a4 <dd_3>
1000369c:	0512      	lsls	r2, r2, #20
1000369e:	1889      	adds	r1, r1, r2

100036a0 <dd_5>:
100036a0:	19c9      	adds	r1, r1, r7
100036a2:	bdf0      	pop	{r4, r5, r6, r7, pc}

100036a4 <dd_3>:
100036a4:	2000      	movs	r0, #0
100036a6:	2a00      	cmp	r2, #0
100036a8:	dc01      	bgt.n	100036ae <dd_4>
100036aa:	0039      	movs	r1, r7
100036ac:	bdf0      	pop	{r4, r5, r6, r7, pc}

100036ae <dd_4>:
100036ae:	3301      	adds	r3, #1
100036b0:	0519      	lsls	r1, r3, #20
100036b2:	e7f5      	b.n	100036a0 <dd_5>
100036b4:	000003fd 	.word	0x000003fd
100036b8:	000007fe 	.word	0x000007fe

100036bc <double2uint_shim>:
100036bc:	2200      	movs	r2, #0

100036be <double2ufix_shim>:
100036be:	b500      	push	{lr}
100036c0:	3220      	adds	r2, #32
100036c2:	f000 f804 	bl	100036ce <double2ufix64_shim>
100036c6:	0008      	movs	r0, r1
100036c8:	bd00      	pop	{pc}
	...

100036cc <double2uint64_shim>:
100036cc:	2200      	movs	r2, #0

100036ce <double2ufix64_shim>:
100036ce:	150b      	asrs	r3, r1, #20
100036d0:	d40a      	bmi.n	100036e8 <ret_dzero>

100036d2 <d2fix>:
100036d2:	b510      	push	{r4, lr}
100036d4:	4694      	mov	ip, r2
100036d6:	f000 f8a7 	bl	10003828 <dunpacks>
100036da:	1414      	asrs	r4, r2, #16
100036dc:	3401      	adds	r4, #1
100036de:	da00      	bge.n	100036e2 <d2fix+0x10>
100036e0:	2100      	movs	r1, #0
100036e2:	17cb      	asrs	r3, r1, #31
100036e4:	4c14      	ldr	r4, [pc, #80]	@ (10003738 <d2fix_a+0x4a>)
100036e6:	4720      	bx	r4

100036e8 <ret_dzero>:
100036e8:	2000      	movs	r0, #0
100036ea:	2100      	movs	r1, #0
100036ec:	4770      	bx	lr

100036ee <d2fix_a>:
100036ee:	4462      	add	r2, ip
100036f0:	3a34      	subs	r2, #52	@ 0x34
100036f2:	d40c      	bmi.n	1000370e <d2fix_a+0x20>
100036f4:	2a0c      	cmp	r2, #12
100036f6:	da07      	bge.n	10003708 <d2fix_a+0x1a>
100036f8:	0004      	movs	r4, r0
100036fa:	4091      	lsls	r1, r2
100036fc:	4090      	lsls	r0, r2
100036fe:	4252      	negs	r2, r2
10003700:	3220      	adds	r2, #32
10003702:	40d4      	lsrs	r4, r2
10003704:	4321      	orrs	r1, r4
10003706:	bd10      	pop	{r4, pc}
10003708:	43d8      	mvns	r0, r3
1000370a:	43d9      	mvns	r1, r3
1000370c:	bd10      	pop	{r4, pc}
1000370e:	3220      	adds	r2, #32
10003710:	d407      	bmi.n	10003722 <d2fix_a+0x34>
10003712:	460c      	mov	r4, r1
10003714:	4094      	lsls	r4, r2
10003716:	4252      	negs	r2, r2
10003718:	3220      	adds	r2, #32
1000371a:	4111      	asrs	r1, r2
1000371c:	40d0      	lsrs	r0, r2
1000371e:	4320      	orrs	r0, r4
10003720:	bd10      	pop	{r4, pc}
10003722:	0008      	movs	r0, r1
10003724:	17c9      	asrs	r1, r1, #31
10003726:	3220      	adds	r2, #32
10003728:	d403      	bmi.n	10003732 <d2fix_a+0x44>
1000372a:	4252      	negs	r2, r2
1000372c:	3220      	adds	r2, #32
1000372e:	4110      	asrs	r0, r2
10003730:	bd10      	pop	{r4, pc}
10003732:	0018      	movs	r0, r3
10003734:	0019      	movs	r1, r3
10003736:	bd10      	pop	{r4, pc}
10003738:	100036ef 	.word	0x100036ef

1000373c <double2float_shim>:
1000373c:	004a      	lsls	r2, r1, #1
1000373e:	0d52      	lsrs	r2, r2, #21
10003740:	4b14      	ldr	r3, [pc, #80]	@ (10003794 <double2float_shim+0x58>)
10003742:	1ad2      	subs	r2, r2, r3
10003744:	dd13      	ble.n	1000376e <double2float_shim+0x32>
10003746:	2aff      	cmp	r2, #255	@ 0xff
10003748:	da1e      	bge.n	10003788 <double2float_shim+0x4c>
1000374a:	05d2      	lsls	r2, r2, #23
1000374c:	0fcb      	lsrs	r3, r1, #31
1000374e:	07db      	lsls	r3, r3, #31
10003750:	431a      	orrs	r2, r3
10003752:	00c3      	lsls	r3, r0, #3
10003754:	0f40      	lsrs	r0, r0, #29
10003756:	0309      	lsls	r1, r1, #12
10003758:	0a49      	lsrs	r1, r1, #9
1000375a:	4308      	orrs	r0, r1
1000375c:	4310      	orrs	r0, r2
1000375e:	005b      	lsls	r3, r3, #1
10003760:	d301      	bcc.n	10003766 <double2float_shim+0x2a>
10003762:	d001      	beq.n	10003768 <double2float_shim+0x2c>
10003764:	3001      	adds	r0, #1
10003766:	4770      	bx	lr
10003768:	0843      	lsrs	r3, r0, #1
1000376a:	d2fb      	bcs.n	10003764 <double2float_shim+0x28>
1000376c:	4770      	bx	lr
1000376e:	d002      	beq.n	10003776 <double2float_shim+0x3a>
10003770:	0fc8      	lsrs	r0, r1, #31
10003772:	07c0      	lsls	r0, r0, #31
10003774:	4770      	bx	lr
10003776:	030a      	lsls	r2, r1, #12
10003778:	1312      	asrs	r2, r2, #12
1000377a:	3201      	adds	r2, #1
1000377c:	d1f8      	bne.n	10003770 <double2float_shim+0x34>
1000377e:	0f42      	lsrs	r2, r0, #29
10003780:	2a07      	cmp	r2, #7
10003782:	d1f5      	bne.n	10003770 <double2float_shim+0x34>
10003784:	2201      	movs	r2, #1
10003786:	e000      	b.n	1000378a <double2float_shim+0x4e>
10003788:	22ff      	movs	r2, #255	@ 0xff
1000378a:	0fc8      	lsrs	r0, r1, #31
1000378c:	0200      	lsls	r0, r0, #8
1000378e:	1880      	adds	r0, r0, r2
10003790:	05c0      	lsls	r0, r0, #23
10003792:	4770      	bx	lr
10003794:	00000380 	.word	0x00000380

10003798 <uint2double_shim>:
10003798:	2100      	movs	r1, #0

1000379a <ufix2double_shim>:
1000379a:	000a      	movs	r2, r1
1000379c:	2100      	movs	r1, #0
1000379e:	e004      	b.n	100037aa <ufix642double_shim>

100037a0 <int2double_shim>:
100037a0:	2100      	movs	r1, #0

100037a2 <fix2double_shim>:
100037a2:	000a      	movs	r2, r1
100037a4:	17c1      	asrs	r1, r0, #31
100037a6:	e004      	b.n	100037b2 <fix642double_shim>

100037a8 <uint642double_shim>:
100037a8:	2200      	movs	r2, #0

100037aa <ufix642double_shim>:
100037aa:	2300      	movs	r3, #0
100037ac:	e006      	b.n	100037bc <uf2d>
100037ae:	46c0      	nop			@ (mov r8, r8)

100037b0 <int642double_shim>:
100037b0:	2200      	movs	r2, #0

100037b2 <fix642double_shim>:
100037b2:	17cb      	asrs	r3, r1, #31
100037b4:	4058      	eors	r0, r3
100037b6:	4059      	eors	r1, r3
100037b8:	1ac0      	subs	r0, r0, r3
100037ba:	4199      	sbcs	r1, r3

100037bc <uf2d>:
100037bc:	b530      	push	{r4, r5, lr}
100037be:	4c18      	ldr	r4, [pc, #96]	@ (10003820 <uf2d+0x64>)
100037c0:	1aa2      	subs	r2, r4, r2
100037c2:	2900      	cmp	r1, #0
100037c4:	d103      	bne.n	100037ce <uf2d+0x12>
100037c6:	0001      	movs	r1, r0
100037c8:	d010      	beq.n	100037ec <uf2d+0x30>
100037ca:	2000      	movs	r0, #0
100037cc:	3a20      	subs	r2, #32
100037ce:	154c      	asrs	r4, r1, #21
100037d0:	d112      	bne.n	100037f8 <uf2d+0x3c>
100037d2:	d204      	bcs.n	100037de <uf2d+0x22>
100037d4:	3a01      	subs	r2, #1
100037d6:	1800      	adds	r0, r0, r0
100037d8:	4149      	adcs	r1, r1
100037da:	0d4c      	lsrs	r4, r1, #21
100037dc:	d3fa      	bcc.n	100037d4 <uf2d+0x18>
100037de:	4c11      	ldr	r4, [pc, #68]	@ (10003824 <uf2d+0x68>)
100037e0:	42a2      	cmp	r2, r4
100037e2:	d204      	bcs.n	100037ee <uf2d+0x32>
100037e4:	0512      	lsls	r2, r2, #20
100037e6:	1889      	adds	r1, r1, r2
100037e8:	07db      	lsls	r3, r3, #31
100037ea:	18c9      	adds	r1, r1, r3
100037ec:	bd30      	pop	{r4, r5, pc}
100037ee:	43d2      	mvns	r2, r2
100037f0:	0d52      	lsrs	r2, r2, #21
100037f2:	2000      	movs	r0, #0
100037f4:	2100      	movs	r1, #0
100037f6:	e7f5      	b.n	100037e4 <uf2d+0x28>
100037f8:	d403      	bmi.n	10003802 <uf2d+0x46>
100037fa:	3a01      	subs	r2, #1
100037fc:	1800      	adds	r0, r0, r0
100037fe:	4149      	adcs	r1, r1
10003800:	d5fb      	bpl.n	100037fa <uf2d+0x3e>
10003802:	320b      	adds	r2, #11
10003804:	0544      	lsls	r4, r0, #21
10003806:	0ac0      	lsrs	r0, r0, #11
10003808:	054d      	lsls	r5, r1, #21
1000380a:	4328      	orrs	r0, r5
1000380c:	0ac9      	lsrs	r1, r1, #11
1000380e:	0064      	lsls	r4, r4, #1
10003810:	d003      	beq.n	1000381a <uf2d+0x5e>
10003812:	2400      	movs	r4, #0
10003814:	4160      	adcs	r0, r4
10003816:	4161      	adcs	r1, r4
10003818:	e7e1      	b.n	100037de <uf2d+0x22>
1000381a:	d3e0      	bcc.n	100037de <uf2d+0x22>
1000381c:	0844      	lsrs	r4, r0, #1
1000381e:	e7f8      	b.n	10003812 <uf2d+0x56>
10003820:	00000432 	.word	0x00000432
10003824:	000007fe 	.word	0x000007fe

10003828 <dunpacks>:
10003828:	0d0a      	lsrs	r2, r1, #20
1000382a:	0fcc      	lsrs	r4, r1, #31
1000382c:	1e53      	subs	r3, r2, #1
1000382e:	051b      	lsls	r3, r3, #20
10003830:	1ac9      	subs	r1, r1, r3
10003832:	0552      	lsls	r2, r2, #21
10003834:	d303      	bcc.n	1000383e <l60_1>
10003836:	43c9      	mvns	r1, r1
10003838:	4240      	negs	r0, r0
1000383a:	d300      	bcc.n	1000383e <l60_1>
1000383c:	3101      	adds	r1, #1

1000383e <l60_1>:
1000383e:	0d52      	lsrs	r2, r2, #21
10003840:	d003      	beq.n	1000384a <l60_2>
10003842:	1c53      	adds	r3, r2, #1
10003844:	0adb      	lsrs	r3, r3, #11
10003846:	d007      	beq.n	10003858 <l60_3>
10003848:	1b12      	subs	r2, r2, r4

1000384a <l60_2>:
1000384a:	2000      	movs	r0, #0
1000384c:	0064      	lsls	r4, r4, #1
1000384e:	1c61      	adds	r1, r4, #1
10003850:	0789      	lsls	r1, r1, #30
10003852:	1289      	asrs	r1, r1, #10
10003854:	3a80      	subs	r2, #128	@ 0x80
10003856:	0312      	lsls	r2, r2, #12

10003858 <l60_3>:
10003858:	4b01      	ldr	r3, [pc, #4]	@ (10003860 <l60_3+0x8>)
1000385a:	1ad2      	subs	r2, r2, r3
1000385c:	4770      	bx	lr
1000385e:	0000      	.short	0x0000
10003860:	000003ff 	.word	0x000003ff

10003864 <dreduce>:
10003864:	3202      	adds	r2, #2
10003866:	d425      	bmi.n	100038b4 <dreduce+0x50>
10003868:	2a0c      	cmp	r2, #12
1000386a:	da1c      	bge.n	100038a6 <dreduce+0x42>
1000386c:	2511      	movs	r5, #17
1000386e:	1aad      	subs	r5, r5, r2
10003870:	000b      	movs	r3, r1
10003872:	412b      	asrs	r3, r5
10003874:	3208      	adds	r2, #8
10003876:	3507      	adds	r5, #7
10003878:	0006      	movs	r6, r0
1000387a:	40ee      	lsrs	r6, r5
1000387c:	4090      	lsls	r0, r2
1000387e:	4091      	lsls	r1, r2
10003880:	4331      	orrs	r1, r6
10003882:	ccf0      	ldmia	r4, {r4, r5, r6, r7}
10003884:	4363      	muls	r3, r4
10003886:	151a      	asrs	r2, r3, #20
10003888:	2300      	movs	r3, #0
1000388a:	415a      	adcs	r2, r3
1000388c:	4355      	muls	r5, r2
1000388e:	4356      	muls	r6, r2
10003890:	4357      	muls	r7, r2
10003892:	02bf      	lsls	r7, r7, #10
10003894:	12f4      	asrs	r4, r6, #11
10003896:	0576      	lsls	r6, r6, #21
10003898:	1976      	adds	r6, r6, r5
1000389a:	4167      	adcs	r7, r4
1000389c:	17ed      	asrs	r5, r5, #31
1000389e:	197f      	adds	r7, r7, r5
100038a0:	1b80      	subs	r0, r0, r6
100038a2:	41b9      	sbcs	r1, r7
100038a4:	4770      	bx	lr
100038a6:	220c      	movs	r2, #12
100038a8:	2000      	movs	r0, #0
100038aa:	17c9      	asrs	r1, r1, #31
100038ac:	0049      	lsls	r1, r1, #1
100038ae:	3101      	adds	r1, #1
100038b0:	0509      	lsls	r1, r1, #20
100038b2:	e7db      	b.n	1000386c <dreduce+0x8>
100038b4:	0209      	lsls	r1, r1, #8
100038b6:	0e03      	lsrs	r3, r0, #24
100038b8:	4319      	orrs	r1, r3
100038ba:	0200      	lsls	r0, r0, #8
100038bc:	4253      	negs	r3, r2
100038be:	3220      	adds	r2, #32
100038c0:	d408      	bmi.n	100038d4 <dreduce+0x70>
100038c2:	000c      	movs	r4, r1
100038c4:	4119      	asrs	r1, r3
100038c6:	4094      	lsls	r4, r2
100038c8:	40d8      	lsrs	r0, r3
100038ca:	4320      	orrs	r0, r4
100038cc:	2200      	movs	r2, #0
100038ce:	4150      	adcs	r0, r2
100038d0:	4151      	adcs	r1, r2
100038d2:	4770      	bx	lr
100038d4:	0008      	movs	r0, r1
100038d6:	17c9      	asrs	r1, r1, #31
100038d8:	3b20      	subs	r3, #32
100038da:	3220      	adds	r2, #32
100038dc:	d5f1      	bpl.n	100038c2 <dreduce+0x5e>
100038de:	2000      	movs	r0, #0
100038e0:	2100      	movs	r1, #0
100038e2:	2200      	movs	r2, #0
100038e4:	4770      	bx	lr
	...

100038e8 <dexp_shim>:
100038e8:	b5f0      	push	{r4, r5, r6, r7, lr}
100038ea:	f7ff ff9d 	bl	10003828 <dunpacks>
100038ee:	a454      	add	r4, pc, #336	@ (adr r4, 10003a40 <dreddata1>)
100038f0:	f7ff ffb8 	bl	10003864 <dreduce>
100038f4:	2900      	cmp	r1, #0
100038f6:	da04      	bge.n	10003902 <dexp_shim+0x1a>
100038f8:	4c20      	ldr	r4, [pc, #128]	@ (1000397c <dexp_shim+0x94>)
100038fa:	4d21      	ldr	r5, [pc, #132]	@ (10003980 <dexp_shim+0x98>)
100038fc:	1900      	adds	r0, r0, r4
100038fe:	4169      	adcs	r1, r5
10003900:	3a01      	subs	r2, #1
10003902:	b404      	push	{r2}
10003904:	2701      	movs	r7, #1
10003906:	a652      	add	r6, pc, #328	@ (adr r6, 10003a50 <dtab_exp>)
10003908:	2200      	movs	r2, #0
1000390a:	2301      	movs	r3, #1
1000390c:	079b      	lsls	r3, r3, #30
1000390e:	ce30      	ldmia	r6!, {r4, r5}
10003910:	46b4      	mov	ip, r6
10003912:	1b00      	subs	r0, r0, r4
10003914:	41a9      	sbcs	r1, r5
10003916:	d40b      	bmi.n	10003930 <dexp_shim+0x48>
10003918:	427e      	negs	r6, r7
1000391a:	3620      	adds	r6, #32
1000391c:	001d      	movs	r5, r3
1000391e:	413d      	asrs	r5, r7
10003920:	001c      	movs	r4, r3
10003922:	40b4      	lsls	r4, r6
10003924:	0016      	movs	r6, r2
10003926:	40fe      	lsrs	r6, r7
10003928:	4334      	orrs	r4, r6
1000392a:	4162      	adcs	r2, r4
1000392c:	416b      	adcs	r3, r5
1000392e:	e001      	b.n	10003934 <dexp_shim+0x4c>
10003930:	1900      	adds	r0, r0, r4
10003932:	4169      	adcs	r1, r5
10003934:	4666      	mov	r6, ip
10003936:	3701      	adds	r7, #1
10003938:	2f21      	cmp	r7, #33	@ 0x21
1000393a:	d1e8      	bne.n	1000390e <dexp_shim+0x26>
1000393c:	b285      	uxth	r5, r0
1000393e:	b29e      	uxth	r6, r3
10003940:	4375      	muls	r5, r6
10003942:	1407      	asrs	r7, r0, #16
10003944:	437e      	muls	r6, r7
10003946:	0c19      	lsrs	r1, r3, #16
10003948:	434f      	muls	r7, r1
1000394a:	b284      	uxth	r4, r0
1000394c:	434c      	muls	r4, r1
1000394e:	17f1      	asrs	r1, r6, #31
10003950:	1936      	adds	r6, r6, r4
10003952:	2400      	movs	r4, #0
10003954:	4161      	adcs	r1, r4
10003956:	0409      	lsls	r1, r1, #16
10003958:	187f      	adds	r7, r7, r1
1000395a:	0434      	lsls	r4, r6, #16
1000395c:	0c31      	lsrs	r1, r6, #16
1000395e:	1964      	adds	r4, r4, r5
10003960:	4179      	adcs	r1, r7
10003962:	0fa4      	lsrs	r4, r4, #30
10003964:	0088      	lsls	r0, r1, #2
10003966:	4320      	orrs	r0, r4
10003968:	1789      	asrs	r1, r1, #30
1000396a:	1880      	adds	r0, r0, r2
1000396c:	4159      	adcs	r1, r3
1000396e:	bc04      	pop	{r2}
10003970:	4252      	negs	r2, r2
10003972:	323e      	adds	r2, #62	@ 0x3e
10003974:	f7ff ff1d 	bl	100037b2 <fix642double_shim>
10003978:	bdf0      	pop	{r4, r5, r6, r7, pc}
1000397a:	0000      	.short	0x0000
1000397c:	f473de6b 	.word	0xf473de6b
10003980:	2c5c85fd 	.word	0x2c5c85fd

10003984 <dln_shim>:
10003984:	b5f0      	push	{r4, r5, r6, r7, lr}
10003986:	004f      	lsls	r7, r1, #1
10003988:	d250      	bcs.n	10003a2c <dln_shim+0xa8>
1000398a:	157f      	asrs	r7, r7, #21
1000398c:	d04e      	beq.n	10003a2c <dln_shim+0xa8>
1000398e:	3701      	adds	r7, #1
10003990:	d04f      	beq.n	10003a32 <dln_shim+0xae>
10003992:	f7ff ff49 	bl	10003828 <dunpacks>
10003996:	b404      	push	{r2}
10003998:	0249      	lsls	r1, r1, #9
1000399a:	0dc2      	lsrs	r2, r0, #23
1000399c:	4311      	orrs	r1, r2
1000399e:	0240      	lsls	r0, r0, #9
100039a0:	2701      	movs	r7, #1
100039a2:	a62b      	add	r6, pc, #172	@ (adr r6, 10003a50 <dtab_exp>)
100039a4:	46b4      	mov	ip, r6
100039a6:	2200      	movs	r2, #0
100039a8:	2300      	movs	r3, #0
100039aa:	427e      	negs	r6, r7
100039ac:	3620      	adds	r6, #32
100039ae:	000d      	movs	r5, r1
100039b0:	413d      	asrs	r5, r7
100039b2:	000c      	movs	r4, r1
100039b4:	40b4      	lsls	r4, r6
100039b6:	0006      	movs	r6, r0
100039b8:	40fe      	lsrs	r6, r7
100039ba:	4334      	orrs	r4, r6
100039bc:	4144      	adcs	r4, r0
100039be:	414d      	adcs	r5, r1
100039c0:	0fae      	lsrs	r6, r5, #30
100039c2:	d105      	bne.n	100039d0 <dln_shim+0x4c>
100039c4:	0020      	movs	r0, r4
100039c6:	0029      	movs	r1, r5
100039c8:	4666      	mov	r6, ip
100039ca:	ce30      	ldmia	r6!, {r4, r5}
100039cc:	1b12      	subs	r2, r2, r4
100039ce:	41ab      	sbcs	r3, r5
100039d0:	2408      	movs	r4, #8
100039d2:	44a4      	add	ip, r4
100039d4:	3701      	adds	r7, #1
100039d6:	2f21      	cmp	r7, #33	@ 0x21
100039d8:	d1e7      	bne.n	100039aa <dln_shim+0x26>
100039da:	0089      	lsls	r1, r1, #2
100039dc:	1089      	asrs	r1, r1, #2
100039de:	1812      	adds	r2, r2, r0
100039e0:	414b      	adcs	r3, r1
100039e2:	bc80      	pop	{r7}
100039e4:	a417      	add	r4, pc, #92	@ (adr r4, 10003a44 <dreddata1_plus_4>)
100039e6:	cc13      	ldmia	r4, {r0, r1, r4}
100039e8:	3701      	adds	r7, #1
100039ea:	4378      	muls	r0, r7
100039ec:	4379      	muls	r1, r7
100039ee:	437c      	muls	r4, r7
100039f0:	054f      	lsls	r7, r1, #21
100039f2:	12c9      	asrs	r1, r1, #11
100039f4:	17cd      	asrs	r5, r1, #31
100039f6:	19c0      	adds	r0, r0, r7
100039f8:	4169      	adcs	r1, r5
100039fa:	02a7      	lsls	r7, r4, #10
100039fc:	15a4      	asrs	r4, r4, #22
100039fe:	17cd      	asrs	r5, r1, #31
10003a00:	19c9      	adds	r1, r1, r7
10003a02:	416c      	adcs	r4, r5
10003a04:	17dd      	asrs	r5, r3, #31
10003a06:	1880      	adds	r0, r0, r2
10003a08:	4159      	adcs	r1, r3
10003a0a:	416c      	adcs	r4, r5
10003a0c:	223e      	movs	r2, #62	@ 0x3e
10003a0e:	17cd      	asrs	r5, r1, #31
10003a10:	42ac      	cmp	r4, r5
10003a12:	d008      	beq.n	10003a26 <dln_shim+0xa2>
10003a14:	0900      	lsrs	r0, r0, #4
10003a16:	070e      	lsls	r6, r1, #28
10003a18:	4330      	orrs	r0, r6
10003a1a:	0909      	lsrs	r1, r1, #4
10003a1c:	0726      	lsls	r6, r4, #28
10003a1e:	4331      	orrs	r1, r6
10003a20:	1124      	asrs	r4, r4, #4
10003a22:	3a04      	subs	r2, #4
10003a24:	e7f3      	b.n	10003a0e <dln_shim+0x8a>
10003a26:	f7ff fec4 	bl	100037b2 <fix642double_shim>
10003a2a:	bdf0      	pop	{r4, r5, r6, r7, pc}
10003a2c:	4902      	ldr	r1, [pc, #8]	@ (10003a38 <dln_shim+0xb4>)
10003a2e:	2000      	movs	r0, #0
10003a30:	bdf0      	pop	{r4, r5, r6, r7, pc}
10003a32:	4902      	ldr	r1, [pc, #8]	@ (10003a3c <dln_shim+0xb8>)
10003a34:	2000      	movs	r0, #0
10003a36:	bdf0      	pop	{r4, r5, r6, r7, pc}
10003a38:	fff00000 	.word	0xfff00000
10003a3c:	7ff00000 	.word	0x7ff00000

10003a40 <dreddata1>:
10003a40:	0000b8aa 	.word	0x0000b8aa

10003a44 <dreddata1_plus_4>:
10003a44:	0013de6b 	.word	0x0013de6b
10003a48:	000fefa3 	.word	0x000fefa3
10003a4c:	000b1721 	.word	0x000b1721

10003a50 <dtab_exp>:
10003a50:	bf984bf3 	.word	0xbf984bf3
10003a54:	19f323ec 	.word	0x19f323ec
10003a58:	cd4d10d6 	.word	0xcd4d10d6
10003a5c:	0e47fbe3 	.word	0x0e47fbe3
10003a60:	8abcb97a 	.word	0x8abcb97a
10003a64:	0789c1db 	.word	0x0789c1db
10003a68:	022c54cc 	.word	0x022c54cc
10003a6c:	03e14618 	.word	0x03e14618
10003a70:	e7833005 	.word	0xe7833005
10003a74:	01f829b0 	.word	0x01f829b0
10003a78:	87e01f1e 	.word	0x87e01f1e
10003a7c:	00fe0545 	.word	0x00fe0545
10003a80:	ac419e24 	.word	0xac419e24
10003a84:	007f80a9 	.word	0x007f80a9
10003a88:	45621781 	.word	0x45621781
10003a8c:	003fe015 	.word	0x003fe015
10003a90:	a9ab10e6 	.word	0xa9ab10e6
10003a94:	001ff802 	.word	0x001ff802
10003a98:	55455888 	.word	0x55455888
10003a9c:	000ffe00 	.word	0x000ffe00
10003aa0:	0aa9aac4 	.word	0x0aa9aac4
10003aa4:	0007ff80 	.word	0x0007ff80
10003aa8:	01554556 	.word	0x01554556
10003aac:	0003ffe0 	.word	0x0003ffe0
10003ab0:	002aa9ab 	.word	0x002aa9ab
10003ab4:	0001fff8 	.word	0x0001fff8
10003ab8:	00055545 	.word	0x00055545
10003abc:	0000fffe 	.word	0x0000fffe
10003ac0:	8000aaaa 	.word	0x8000aaaa
10003ac4:	00007fff 	.word	0x00007fff
10003ac8:	e0001555 	.word	0xe0001555
10003acc:	00003fff 	.word	0x00003fff
10003ad0:	f80002ab 	.word	0xf80002ab
10003ad4:	00001fff 	.word	0x00001fff
10003ad8:	fe000055 	.word	0xfe000055
10003adc:	00000fff 	.word	0x00000fff
10003ae0:	ff80000b 	.word	0xff80000b
10003ae4:	000007ff 	.word	0x000007ff
10003ae8:	ffe00001 	.word	0xffe00001
10003aec:	000003ff 	.word	0x000003ff
10003af0:	fff80000 	.word	0xfff80000
10003af4:	000001ff 	.word	0x000001ff
10003af8:	fffe0000 	.word	0xfffe0000
10003afc:	000000ff 	.word	0x000000ff
10003b00:	ffff8000 	.word	0xffff8000
10003b04:	0000007f 	.word	0x0000007f
10003b08:	ffffe000 	.word	0xffffe000
10003b0c:	0000003f 	.word	0x0000003f
10003b10:	fffff800 	.word	0xfffff800
10003b14:	0000001f 	.word	0x0000001f
10003b18:	fffffe00 	.word	0xfffffe00
10003b1c:	0000000f 	.word	0x0000000f
10003b20:	ffffff80 	.word	0xffffff80
10003b24:	00000007 	.word	0x00000007
10003b28:	ffffffe0 	.word	0xffffffe0
10003b2c:	00000003 	.word	0x00000003
10003b30:	fffffff8 	.word	0xfffffff8
10003b34:	00000001 	.word	0x00000001
10003b38:	fffffffe 	.word	0xfffffffe
10003b3c:	00000000 	.word	0x00000000
10003b40:	80000000 	.word	0x80000000
10003b44:	00000000 	.word	0x00000000
10003b48:	40000000 	.word	0x40000000
10003b4c:	00000000 	.word	0x00000000

10003b50 <__wrap___aeabi_lmul>:
10003b50:	4351      	muls	r1, r2
10003b52:	4343      	muls	r3, r0
10003b54:	18c9      	adds	r1, r1, r3
10003b56:	468c      	mov	ip, r1
10003b58:	0c11      	lsrs	r1, r2, #16
10003b5a:	b283      	uxth	r3, r0
10003b5c:	434b      	muls	r3, r1
10003b5e:	b410      	push	{r4}
10003b60:	0c04      	lsrs	r4, r0, #16
10003b62:	4361      	muls	r1, r4
10003b64:	b292      	uxth	r2, r2
10003b66:	b280      	uxth	r0, r0
10003b68:	4350      	muls	r0, r2
10003b6a:	4362      	muls	r2, r4
10003b6c:	041c      	lsls	r4, r3, #16
10003b6e:	0c1b      	lsrs	r3, r3, #16
10003b70:	1900      	adds	r0, r0, r4
10003b72:	bc10      	pop	{r4}
10003b74:	4159      	adcs	r1, r3
10003b76:	0413      	lsls	r3, r2, #16
10003b78:	0c12      	lsrs	r2, r2, #16
10003b7a:	18c0      	adds	r0, r0, r3
10003b7c:	4151      	adcs	r1, r2
10003b7e:	4461      	add	r1, ip
10003b80:	4770      	bx	lr
	...

10003b84 <__wrap___aeabi_frsub>:
10003b84:	4048      	eors	r0, r1
10003b86:	4041      	eors	r1, r0
10003b88:	4048      	eors	r0, r1

10003b8a <__wrap___aeabi_fsub>:
10003b8a:	2300      	movs	r3, #0
10003b8c:	469c      	mov	ip, r3
10003b8e:	4b11      	ldr	r3, [pc, #68]	@ (10003bd4 <__wrap___aeabi_fmul+0xa>)
10003b90:	685b      	ldr	r3, [r3, #4]
10003b92:	4718      	bx	r3

10003b94 <__wrap___aeabi_fadd>:
10003b94:	2300      	movs	r3, #0
10003b96:	469c      	mov	ip, r3
10003b98:	4b0e      	ldr	r3, [pc, #56]	@ (10003bd4 <__wrap___aeabi_fmul+0xa>)
10003b9a:	681b      	ldr	r3, [r3, #0]
10003b9c:	4718      	bx	r3

10003b9e <__wrap___aeabi_fdiv>:
10003b9e:	4a0e      	ldr	r2, [pc, #56]	@ (10003bd8 <__wrap___aeabi_fmul+0xe>)
10003ba0:	6f93      	ldr	r3, [r2, #120]	@ 0x78
10003ba2:	089b      	lsrs	r3, r3, #2
10003ba4:	d204      	bcs.n	10003bb0 <fdiv_save_state>

10003ba6 <fdiv_shim_call>:
10003ba6:	2300      	movs	r3, #0
10003ba8:	469c      	mov	ip, r3
10003baa:	4b0a      	ldr	r3, [pc, #40]	@ (10003bd4 <__wrap___aeabi_fmul+0xa>)
10003bac:	68db      	ldr	r3, [r3, #12]
10003bae:	4718      	bx	r3

10003bb0 <fdiv_save_state>:
10003bb0:	b5f0      	push	{r4, r5, r6, r7, lr}
10003bb2:	6e14      	ldr	r4, [r2, #96]	@ 0x60
10003bb4:	6e55      	ldr	r5, [r2, #100]	@ 0x64
10003bb6:	6f57      	ldr	r7, [r2, #116]	@ 0x74
10003bb8:	6f16      	ldr	r6, [r2, #112]	@ 0x70
10003bba:	f7ff fff4 	bl	10003ba6 <fdiv_shim_call>
10003bbe:	4a06      	ldr	r2, [pc, #24]	@ (10003bd8 <__wrap___aeabi_fmul+0xe>)
10003bc0:	6614      	str	r4, [r2, #96]	@ 0x60
10003bc2:	6655      	str	r5, [r2, #100]	@ 0x64
10003bc4:	6757      	str	r7, [r2, #116]	@ 0x74
10003bc6:	6716      	str	r6, [r2, #112]	@ 0x70
10003bc8:	bdf0      	pop	{r4, r5, r6, r7, pc}

10003bca <__wrap___aeabi_fmul>:
10003bca:	2300      	movs	r3, #0
10003bcc:	469c      	mov	ip, r3
10003bce:	4b01      	ldr	r3, [pc, #4]	@ (10003bd4 <__wrap___aeabi_fmul+0xa>)
10003bd0:	689b      	ldr	r3, [r3, #8]
10003bd2:	4718      	bx	r3
10003bd4:	20001c6c 	.word	0x20001c6c
10003bd8:	d0000000 	.word	0xd0000000

10003bdc <__wrap___aeabi_ui2f>:
10003bdc:	1a49      	subs	r1, r1, r1
10003bde:	2800      	cmp	r0, #0
10003be0:	d108      	bne.n	10003bf4 <__aeabi_i2f_main>
10003be2:	4608      	mov	r0, r1
10003be4:	4770      	bx	lr
	...

10003be8 <__wrap___aeabi_i2f>:
10003be8:	0fc1      	lsrs	r1, r0, #31
10003bea:	07c9      	lsls	r1, r1, #31
10003bec:	d500      	bpl.n	10003bf0 <__wrap___aeabi_i2f+0x8>
10003bee:	4240      	negs	r0, r0
10003bf0:	2800      	cmp	r0, #0
10003bf2:	d017      	beq.n	10003c24 <__aeabi_i2f_main+0x30>

10003bf4 <__aeabi_i2f_main>:
10003bf4:	46f4      	mov	ip, lr
10003bf6:	b403      	push	{r0, r1}
10003bf8:	4b0b      	ldr	r3, [pc, #44]	@ (10003c28 <__aeabi_i2f_main+0x34>)
10003bfa:	681b      	ldr	r3, [r3, #0]
10003bfc:	4798      	blx	r3
10003bfe:	bc06      	pop	{r1, r2}
10003c00:	4081      	lsls	r1, r0
10003c02:	389e      	subs	r0, #158	@ 0x9e
10003c04:	4240      	negs	r0, r0
10003c06:	3180      	adds	r1, #128	@ 0x80
10003c08:	d207      	bcs.n	10003c1a <__aeabi_i2f_main+0x26>
10003c0a:	060b      	lsls	r3, r1, #24
10003c0c:	d007      	beq.n	10003c1e <__aeabi_i2f_main+0x2a>
10003c0e:	0049      	lsls	r1, r1, #1
10003c10:	0a49      	lsrs	r1, r1, #9
10003c12:	05c0      	lsls	r0, r0, #23
10003c14:	4310      	orrs	r0, r2
10003c16:	4308      	orrs	r0, r1
10003c18:	4760      	bx	ip
10003c1a:	3001      	adds	r0, #1
10003c1c:	e7f8      	b.n	10003c10 <__aeabi_i2f_main+0x1c>
10003c1e:	0a49      	lsrs	r1, r1, #9
10003c20:	0289      	lsls	r1, r1, #10
10003c22:	e7f5      	b.n	10003c10 <__aeabi_i2f_main+0x1c>
10003c24:	4770      	bx	lr
10003c26:	0000      	.short	0x0000
10003c28:	20001c68 	.word	0x20001c68

10003c2c <__wrap___aeabi_f2d>:
10003c2c:	4b03      	ldr	r3, [pc, #12]	@ (10003c3c <__wrap___aeabi_f2d+0x10>)
10003c2e:	6fdb      	ldr	r3, [r3, #124]	@ 0x7c
10003c30:	46fc      	mov	ip, pc
10003c32:	4718      	bx	r3
10003c34:	3d71df7c 	.word	0x3d71df7c
10003c38:	00001000 	.word	0x00001000
10003c3c:	20001c6c 	.word	0x20001c6c

10003c40 <__aeabi_float_init>:
10003c40:	b570      	push	{r4, r5, r6, lr}
10003c42:	2313      	movs	r3, #19
10003c44:	781e      	ldrb	r6, [r3, #0]
10003c46:	482a      	ldr	r0, [pc, #168]	@ (10003cf0 <__aeabi_float_init+0xb0>)
10003c48:	f7fe fa48 	bl	100020dc <rom_data_lookup>
10003c4c:	0005      	movs	r5, r0
10003c4e:	2e01      	cmp	r6, #1
10003c50:	d011      	beq.n	10003c76 <__aeabi_float_init+0x36>
10003c52:	2e01      	cmp	r6, #1
10003c54:	dd09      	ble.n	10003c6a <__aeabi_float_init+0x2a>
10003c56:	1eab      	subs	r3, r5, #2
10003c58:	781b      	ldrb	r3, [r3, #0]
10003c5a:	009b      	lsls	r3, r3, #2
10003c5c:	2b7f      	cmp	r3, #127	@ 0x7f
10003c5e:	dd40      	ble.n	10003ce2 <__aeabi_float_init+0xa2>
10003c60:	4824      	ldr	r0, [pc, #144]	@ (10003cf4 <__aeabi_float_init+0xb4>)
10003c62:	2280      	movs	r2, #128	@ 0x80
10003c64:	0029      	movs	r1, r5
10003c66:	f000 f8a9 	bl	10003dbc <__wrap___aeabi_memcpy>
10003c6a:	4823      	ldr	r0, [pc, #140]	@ (10003cf8 <__aeabi_float_init+0xb8>)
10003c6c:	f7fe fa2e 	bl	100020cc <rom_func_lookup>
10003c70:	4b22      	ldr	r3, [pc, #136]	@ (10003cfc <__aeabi_float_init+0xbc>)
10003c72:	6018      	str	r0, [r3, #0]
10003c74:	bd70      	pop	{r4, r5, r6, pc}
10003c76:	481f      	ldr	r0, [pc, #124]	@ (10003cf4 <__aeabi_float_init+0xb4>)
10003c78:	2254      	movs	r2, #84	@ 0x54
10003c7a:	0029      	movs	r1, r5
10003c7c:	f000 f89e 	bl	10003dbc <__wrap___aeabi_memcpy>
10003c80:	4b1f      	ldr	r3, [pc, #124]	@ (10003d00 <__aeabi_float_init+0xc0>)
10003c82:	881a      	ldrh	r2, [r3, #0]
10003c84:	4b1f      	ldr	r3, [pc, #124]	@ (10003d04 <__aeabi_float_init+0xc4>)
10003c86:	429a      	cmp	r2, r3
10003c88:	d11c      	bne.n	10003cc4 <__aeabi_float_init+0x84>
10003c8a:	23a7      	movs	r3, #167	@ 0xa7
10003c8c:	019b      	lsls	r3, r3, #6
10003c8e:	881a      	ldrh	r2, [r3, #0]
10003c90:	4b1d      	ldr	r3, [pc, #116]	@ (10003d08 <__aeabi_float_init+0xc8>)
10003c92:	429a      	cmp	r2, r3
10003c94:	d116      	bne.n	10003cc4 <__aeabi_float_init+0x84>
10003c96:	4b1d      	ldr	r3, [pc, #116]	@ (10003d0c <__aeabi_float_init+0xcc>)
10003c98:	881a      	ldrh	r2, [r3, #0]
10003c9a:	4b1d      	ldr	r3, [pc, #116]	@ (10003d10 <__aeabi_float_init+0xd0>)
10003c9c:	429a      	cmp	r2, r3
10003c9e:	d111      	bne.n	10003cc4 <__aeabi_float_init+0x84>
10003ca0:	4b1c      	ldr	r3, [pc, #112]	@ (10003d14 <__aeabi_float_init+0xd4>)
10003ca2:	881a      	ldrh	r2, [r3, #0]
10003ca4:	2394      	movs	r3, #148	@ 0x94
10003ca6:	019b      	lsls	r3, r3, #6
10003ca8:	429a      	cmp	r2, r3
10003caa:	d10b      	bne.n	10003cc4 <__aeabi_float_init+0x84>
10003cac:	4b1a      	ldr	r3, [pc, #104]	@ (10003d18 <__aeabi_float_init+0xd8>)
10003cae:	881a      	ldrh	r2, [r3, #0]
10003cb0:	4b1a      	ldr	r3, [pc, #104]	@ (10003d1c <__aeabi_float_init+0xdc>)
10003cb2:	429a      	cmp	r2, r3
10003cb4:	d106      	bne.n	10003cc4 <__aeabi_float_init+0x84>
10003cb6:	4b1a      	ldr	r3, [pc, #104]	@ (10003d20 <__aeabi_float_init+0xe0>)
10003cb8:	681a      	ldr	r2, [r3, #0]
10003cba:	4b1a      	ldr	r3, [pc, #104]	@ (10003d24 <__aeabi_float_init+0xe4>)
10003cbc:	429a      	cmp	r2, r3
10003cbe:	d101      	bne.n	10003cc4 <__aeabi_float_init+0x84>
10003cc0:	2315      	movs	r3, #21
10003cc2:	e007      	b.n	10003cd4 <__aeabi_float_init+0x94>
10003cc4:	4818      	ldr	r0, [pc, #96]	@ (10003d28 <__aeabi_float_init+0xe8>)
10003cc6:	f7fc ff09 	bl	10000adc <panic>
10003cca:	4c18      	ldr	r4, [pc, #96]	@ (10003d2c <__aeabi_float_init+0xec>)
10003ccc:	4a09      	ldr	r2, [pc, #36]	@ (10003cf4 <__aeabi_float_init+0xb4>)
10003cce:	0099      	lsls	r1, r3, #2
10003cd0:	508c      	str	r4, [r1, r2]
10003cd2:	3301      	adds	r3, #1
10003cd4:	2b1f      	cmp	r3, #31
10003cd6:	d9f8      	bls.n	10003cca <__aeabi_float_init+0x8a>
10003cd8:	4b14      	ldr	r3, [pc, #80]	@ (10003d2c <__aeabi_float_init+0xec>)
10003cda:	4a06      	ldr	r2, [pc, #24]	@ (10003cf4 <__aeabi_float_init+0xb4>)
10003cdc:	6213      	str	r3, [r2, #32]
10003cde:	61d3      	str	r3, [r2, #28]
10003ce0:	e7b7      	b.n	10003c52 <__aeabi_float_init+0x12>
10003ce2:	4b13      	ldr	r3, [pc, #76]	@ (10003d30 <__aeabi_float_init+0xf0>)
10003ce4:	4a13      	ldr	r2, [pc, #76]	@ (10003d34 <__aeabi_float_init+0xf4>)
10003ce6:	4814      	ldr	r0, [pc, #80]	@ (10003d38 <__aeabi_float_init+0xf8>)
10003ce8:	2142      	movs	r1, #66	@ 0x42
10003cea:	f001 f94f 	bl	10004f8c <__assert_func>
10003cee:	46c0      	nop			@ (mov r8, r8)
10003cf0:	00004653 	.word	0x00004653
10003cf4:	20001c6c 	.word	0x20001c6c
10003cf8:	0000334c 	.word	0x0000334c
10003cfc:	20001c68 	.word	0x20001c68
10003d00:	000029ee 	.word	0x000029ee
10003d04:	00000fc4 	.word	0x00000fc4
10003d08:	00000dc2 	.word	0x00000dc2
10003d0c:	00002b96 	.word	0x00002b96
10003d10:	0000b5c0 	.word	0x0000b5c0
10003d14:	00002b18 	.word	0x00002b18
10003d18:	00002acc 	.word	0x00002acc
10003d1c:	0000b510 	.word	0x0000b510
10003d20:	00002cfc 	.word	0x00002cfc
10003d24:	6487ed51 	.word	0x6487ed51
10003d28:	100090a8 	.word	0x100090a8
10003d2c:	10003d3d 	.word	0x10003d3d
10003d30:	10008fc0 	.word	0x10008fc0
10003d34:	1000979c 	.word	0x1000979c
10003d38:	10008ff4 	.word	0x10008ff4

10003d3c <float_table_shim_on_use_helper>:
10003d3c:	b507      	push	{r0, r1, r2, lr}
10003d3e:	4660      	mov	r0, ip
10003d40:	2800      	cmp	r0, #0
10003d42:	d100      	bne.n	10003d46 <float_table_shim_on_use_helper+0xa>
10003d44:	be00      	bkpt	0x0000
10003d46:	8801      	ldrh	r1, [r0, #0]
10003d48:	0a0a      	lsrs	r2, r1, #8
10003d4a:	3002      	adds	r0, #2
10003d4c:	2adf      	cmp	r2, #223	@ 0xdf
10003d4e:	d1fa      	bne.n	10003d46 <float_table_shim_on_use_helper+0xa>
10003d50:	b2c9      	uxtb	r1, r1
10003d52:	0882      	lsrs	r2, r0, #2
10003d54:	d304      	bcc.n	10003d60 <float_table_shim_on_use_helper+0x24>
10003d56:	8802      	ldrh	r2, [r0, #0]
10003d58:	8840      	ldrh	r0, [r0, #2]
10003d5a:	0400      	lsls	r0, r0, #16
10003d5c:	4310      	orrs	r0, r2
10003d5e:	e000      	b.n	10003d62 <float_table_shim_on_use_helper+0x26>
10003d60:	6800      	ldr	r0, [r0, #0]
10003d62:	4a02      	ldr	r2, [pc, #8]	@ (10003d6c <float_table_shim_on_use_helper+0x30>)
10003d64:	5050      	str	r0, [r2, r1]
10003d66:	9003      	str	r0, [sp, #12]
10003d68:	bd07      	pop	{r0, r1, r2, pc}
10003d6a:	0000      	.short	0x0000
10003d6c:	20001c6c 	.word	0x20001c6c

10003d70 <float2double_shim>:
10003d70:	0fc3      	lsrs	r3, r0, #31
10003d72:	07db      	lsls	r3, r3, #31
10003d74:	0041      	lsls	r1, r0, #1
10003d76:	0e0a      	lsrs	r2, r1, #24
10003d78:	d007      	beq.n	10003d8a <float2double_shim+0x1a>
10003d7a:	2aff      	cmp	r2, #255	@ 0xff
10003d7c:	d008      	beq.n	10003d90 <float2double_shim+0x20>
10003d7e:	0909      	lsrs	r1, r1, #4
10003d80:	4a05      	ldr	r2, [pc, #20]	@ (10003d98 <float2double_shim+0x28>)
10003d82:	1889      	adds	r1, r1, r2
10003d84:	4319      	orrs	r1, r3
10003d86:	0740      	lsls	r0, r0, #29
10003d88:	4770      	bx	lr
10003d8a:	0019      	movs	r1, r3
10003d8c:	2000      	movs	r0, #0
10003d8e:	4770      	bx	lr
10003d90:	4902      	ldr	r1, [pc, #8]	@ (10003d9c <float2double_shim+0x2c>)
10003d92:	18c9      	adds	r1, r1, r3
10003d94:	e7fa      	b.n	10003d8c <float2double_shim+0x1c>
10003d96:	0000      	.short	0x0000
10003d98:	38000000 	.word	0x38000000
10003d9c:	7ff00000 	.word	0x7ff00000

10003da0 <__aeabi_mem_init>:
10003da0:	4801      	ldr	r0, [pc, #4]	@ (10003da8 <__aeabi_mem_init+0x8>)
10003da2:	2104      	movs	r1, #4
10003da4:	4b01      	ldr	r3, [pc, #4]	@ (10003dac <__aeabi_mem_init+0xc>)
10003da6:	4718      	bx	r3
10003da8:	20000c80 	.word	0x20000c80
10003dac:	100020ed 	.word	0x100020ed

10003db0 <__wrap_memset>:
10003db0:	4b01      	ldr	r3, [pc, #4]	@ (10003db8 <__wrap_memset+0x8>)
10003db2:	681b      	ldr	r3, [r3, #0]
10003db4:	4718      	bx	r3
10003db6:	0000      	.short	0x0000
10003db8:	20000c80 	.word	0x20000c80

10003dbc <__wrap___aeabi_memcpy>:
10003dbc:	4b01      	ldr	r3, [pc, #4]	@ (10003dc4 <__wrap___aeabi_memcpy+0x8>)
10003dbe:	685b      	ldr	r3, [r3, #4]
10003dc0:	4718      	bx	r3
10003dc2:	0000      	.short	0x0000
10003dc4:	20000c80 	.word	0x20000c80

10003dc8 <_out_null>:
10003dc8:	4770      	bx	lr

10003dca <_out_fct>:
10003dca:	b510      	push	{r4, lr}
10003dcc:	2800      	cmp	r0, #0
10003dce:	d002      	beq.n	10003dd6 <_out_fct+0xc>
10003dd0:	680b      	ldr	r3, [r1, #0]
10003dd2:	6849      	ldr	r1, [r1, #4]
10003dd4:	4798      	blx	r3
10003dd6:	bd10      	pop	{r4, pc}

10003dd8 <_atoi>:
10003dd8:	0001      	movs	r1, r0
10003dda:	2000      	movs	r0, #0
10003ddc:	e007      	b.n	10003dee <_atoi+0x16>
10003dde:	0083      	lsls	r3, r0, #2
10003de0:	181b      	adds	r3, r3, r0
10003de2:	005b      	lsls	r3, r3, #1
10003de4:	1c50      	adds	r0, r2, #1
10003de6:	6008      	str	r0, [r1, #0]
10003de8:	7810      	ldrb	r0, [r2, #0]
10003dea:	18c0      	adds	r0, r0, r3
10003dec:	3830      	subs	r0, #48	@ 0x30
10003dee:	680a      	ldr	r2, [r1, #0]
10003df0:	7813      	ldrb	r3, [r2, #0]
10003df2:	3b30      	subs	r3, #48	@ 0x30
10003df4:	b2db      	uxtb	r3, r3
10003df6:	2b09      	cmp	r3, #9
10003df8:	d9f1      	bls.n	10003dde <_atoi+0x6>
10003dfa:	4770      	bx	lr

10003dfc <_out_rev>:
10003dfc:	b5f0      	push	{r4, r5, r6, r7, lr}
10003dfe:	46de      	mov	lr, fp
10003e00:	4657      	mov	r7, sl
10003e02:	464e      	mov	r6, r9
10003e04:	4645      	mov	r5, r8
10003e06:	b5e0      	push	{r5, r6, r7, lr}
10003e08:	b083      	sub	sp, #12
10003e0a:	4693      	mov	fp, r2
10003e0c:	001f      	movs	r7, r3
10003e0e:	9b0c      	ldr	r3, [sp, #48]	@ 0x30
10003e10:	469a      	mov	sl, r3
10003e12:	9c0d      	ldr	r4, [sp, #52]	@ 0x34
10003e14:	9b0e      	ldr	r3, [sp, #56]	@ 0x38
10003e16:	4699      	mov	r9, r3
10003e18:	9b0f      	ldr	r3, [sp, #60]	@ 0x3c
10003e1a:	079b      	lsls	r3, r3, #30
10003e1c:	d003      	beq.n	10003e26 <_out_rev+0x2a>
10003e1e:	46b8      	mov	r8, r7
10003e20:	000f      	movs	r7, r1
10003e22:	0006      	movs	r6, r0
10003e24:	e022      	b.n	10003e6c <_out_rev+0x70>
10003e26:	9201      	str	r2, [sp, #4]
10003e28:	46a3      	mov	fp, r4
10003e2a:	4688      	mov	r8, r1
10003e2c:	464e      	mov	r6, r9
10003e2e:	46b9      	mov	r9, r7
10003e30:	0007      	movs	r7, r0
10003e32:	42b4      	cmp	r4, r6
10003e34:	d207      	bcs.n	10003e46 <_out_rev+0x4a>
10003e36:	1c55      	adds	r5, r2, #1
10003e38:	464b      	mov	r3, r9
10003e3a:	4641      	mov	r1, r8
10003e3c:	2020      	movs	r0, #32
10003e3e:	47b8      	blx	r7
10003e40:	3401      	adds	r4, #1
10003e42:	002a      	movs	r2, r5
10003e44:	e7f5      	b.n	10003e32 <_out_rev+0x36>
10003e46:	003d      	movs	r5, r7
10003e48:	464f      	mov	r7, r9
10003e4a:	465c      	mov	r4, fp
10003e4c:	9b01      	ldr	r3, [sp, #4]
10003e4e:	469b      	mov	fp, r3
10003e50:	46b1      	mov	r9, r6
10003e52:	4646      	mov	r6, r8
10003e54:	46b8      	mov	r8, r7
10003e56:	0037      	movs	r7, r6
10003e58:	002e      	movs	r6, r5
10003e5a:	e007      	b.n	10003e6c <_out_rev+0x70>
10003e5c:	3c01      	subs	r4, #1
10003e5e:	1c55      	adds	r5, r2, #1
10003e60:	4653      	mov	r3, sl
10003e62:	5d18      	ldrb	r0, [r3, r4]
10003e64:	4643      	mov	r3, r8
10003e66:	0039      	movs	r1, r7
10003e68:	47b0      	blx	r6
10003e6a:	002a      	movs	r2, r5
10003e6c:	2c00      	cmp	r4, #0
10003e6e:	d1f5      	bne.n	10003e5c <_out_rev+0x60>
10003e70:	0035      	movs	r5, r6
10003e72:	003e      	movs	r6, r7
10003e74:	4647      	mov	r7, r8
10003e76:	9b0f      	ldr	r3, [sp, #60]	@ 0x3c
10003e78:	079b      	lsls	r3, r3, #30
10003e7a:	d407      	bmi.n	10003e8c <_out_rev+0x90>
10003e7c:	0010      	movs	r0, r2
10003e7e:	b003      	add	sp, #12
10003e80:	bcf0      	pop	{r4, r5, r6, r7}
10003e82:	46bb      	mov	fp, r7
10003e84:	46b2      	mov	sl, r6
10003e86:	46a9      	mov	r9, r5
10003e88:	46a0      	mov	r8, r4
10003e8a:	bdf0      	pop	{r4, r5, r6, r7, pc}
10003e8c:	46b0      	mov	r8, r6
10003e8e:	464e      	mov	r6, r9
10003e90:	46b9      	mov	r9, r7
10003e92:	002f      	movs	r7, r5
10003e94:	465d      	mov	r5, fp
10003e96:	1b53      	subs	r3, r2, r5
10003e98:	42b3      	cmp	r3, r6
10003e9a:	d2ef      	bcs.n	10003e7c <_out_rev+0x80>
10003e9c:	1c54      	adds	r4, r2, #1
10003e9e:	464b      	mov	r3, r9
10003ea0:	4641      	mov	r1, r8
10003ea2:	2020      	movs	r0, #32
10003ea4:	47b8      	blx	r7
10003ea6:	0022      	movs	r2, r4
10003ea8:	e7f5      	b.n	10003e96 <_out_rev+0x9a>

10003eaa <_ntoa_format>:
10003eaa:	b5f0      	push	{r4, r5, r6, r7, lr}
10003eac:	46ce      	mov	lr, r9
10003eae:	4647      	mov	r7, r8
10003eb0:	b580      	push	{r7, lr}
10003eb2:	b085      	sub	sp, #20
10003eb4:	4694      	mov	ip, r2
10003eb6:	4698      	mov	r8, r3
10003eb8:	9d0c      	ldr	r5, [sp, #48]	@ 0x30
10003eba:	9c0d      	ldr	r4, [sp, #52]	@ 0x34
10003ebc:	ab0e      	add	r3, sp, #56	@ 0x38
10003ebe:	781b      	ldrb	r3, [r3, #0]
10003ec0:	4699      	mov	r9, r3
10003ec2:	9a10      	ldr	r2, [sp, #64]	@ 0x40
10003ec4:	9b11      	ldr	r3, [sp, #68]	@ 0x44
10003ec6:	9e12      	ldr	r6, [sp, #72]	@ 0x48
10003ec8:	07b7      	lsls	r7, r6, #30
10003eca:	d41c      	bmi.n	10003f06 <_ntoa_format+0x5c>
10003ecc:	2b00      	cmp	r3, #0
10003ece:	d00c      	beq.n	10003eea <_ntoa_format+0x40>
10003ed0:	07f7      	lsls	r7, r6, #31
10003ed2:	d50a      	bpl.n	10003eea <_ntoa_format+0x40>
10003ed4:	464f      	mov	r7, r9
10003ed6:	2f00      	cmp	r7, #0
10003ed8:	d102      	bne.n	10003ee0 <_ntoa_format+0x36>
10003eda:	370c      	adds	r7, #12
10003edc:	4237      	tst	r7, r6
10003ede:	d004      	beq.n	10003eea <_ntoa_format+0x40>
10003ee0:	3b01      	subs	r3, #1
10003ee2:	e002      	b.n	10003eea <_ntoa_format+0x40>
10003ee4:	2730      	movs	r7, #48	@ 0x30
10003ee6:	552f      	strb	r7, [r5, r4]
10003ee8:	3401      	adds	r4, #1
10003eea:	4294      	cmp	r4, r2
10003eec:	d201      	bcs.n	10003ef2 <_ntoa_format+0x48>
10003eee:	2c1f      	cmp	r4, #31
10003ef0:	d9f8      	bls.n	10003ee4 <_ntoa_format+0x3a>
10003ef2:	07f7      	lsls	r7, r6, #31
10003ef4:	d507      	bpl.n	10003f06 <_ntoa_format+0x5c>
10003ef6:	429c      	cmp	r4, r3
10003ef8:	d205      	bcs.n	10003f06 <_ntoa_format+0x5c>
10003efa:	2c1f      	cmp	r4, #31
10003efc:	d803      	bhi.n	10003f06 <_ntoa_format+0x5c>
10003efe:	2730      	movs	r7, #48	@ 0x30
10003f00:	552f      	strb	r7, [r5, r4]
10003f02:	3401      	adds	r4, #1
10003f04:	e7f5      	b.n	10003ef2 <_ntoa_format+0x48>
10003f06:	06f7      	lsls	r7, r6, #27
10003f08:	d512      	bpl.n	10003f30 <_ntoa_format+0x86>
10003f0a:	0577      	lsls	r7, r6, #21
10003f0c:	d405      	bmi.n	10003f1a <_ntoa_format+0x70>
10003f0e:	2c00      	cmp	r4, #0
10003f10:	d003      	beq.n	10003f1a <_ntoa_format+0x70>
10003f12:	4294      	cmp	r4, r2
10003f14:	d021      	beq.n	10003f5a <_ntoa_format+0xb0>
10003f16:	429c      	cmp	r4, r3
10003f18:	d01f      	beq.n	10003f5a <_ntoa_format+0xb0>
10003f1a:	9a0f      	ldr	r2, [sp, #60]	@ 0x3c
10003f1c:	2a10      	cmp	r2, #16
10003f1e:	d032      	beq.n	10003f86 <_ntoa_format+0xdc>
10003f20:	9a0f      	ldr	r2, [sp, #60]	@ 0x3c
10003f22:	2a02      	cmp	r2, #2
10003f24:	d037      	beq.n	10003f96 <_ntoa_format+0xec>
10003f26:	2c1f      	cmp	r4, #31
10003f28:	d80a      	bhi.n	10003f40 <_ntoa_format+0x96>
10003f2a:	2230      	movs	r2, #48	@ 0x30
10003f2c:	552a      	strb	r2, [r5, r4]
10003f2e:	3401      	adds	r4, #1
10003f30:	2c1f      	cmp	r4, #31
10003f32:	d805      	bhi.n	10003f40 <_ntoa_format+0x96>
10003f34:	464a      	mov	r2, r9
10003f36:	2a00      	cmp	r2, #0
10003f38:	d033      	beq.n	10003fa2 <_ntoa_format+0xf8>
10003f3a:	222d      	movs	r2, #45	@ 0x2d
10003f3c:	552a      	strb	r2, [r5, r4]
10003f3e:	3401      	adds	r4, #1
10003f40:	9603      	str	r6, [sp, #12]
10003f42:	9302      	str	r3, [sp, #8]
10003f44:	9401      	str	r4, [sp, #4]
10003f46:	9500      	str	r5, [sp, #0]
10003f48:	4643      	mov	r3, r8
10003f4a:	4662      	mov	r2, ip
10003f4c:	f7ff ff56 	bl	10003dfc <_out_rev>
10003f50:	b005      	add	sp, #20
10003f52:	bcc0      	pop	{r6, r7}
10003f54:	46b9      	mov	r9, r7
10003f56:	46b0      	mov	r8, r6
10003f58:	bdf0      	pop	{r4, r5, r6, r7, pc}
10003f5a:	1e62      	subs	r2, r4, #1
10003f5c:	2c01      	cmp	r4, #1
10003f5e:	d010      	beq.n	10003f82 <_ntoa_format+0xd8>
10003f60:	9f0f      	ldr	r7, [sp, #60]	@ 0x3c
10003f62:	2f10      	cmp	r7, #16
10003f64:	d00b      	beq.n	10003f7e <_ntoa_format+0xd4>
10003f66:	0014      	movs	r4, r2
10003f68:	9a0f      	ldr	r2, [sp, #60]	@ 0x3c
10003f6a:	2a10      	cmp	r2, #16
10003f6c:	d1d8      	bne.n	10003f20 <_ntoa_format+0x76>
10003f6e:	06b2      	lsls	r2, r6, #26
10003f70:	d5d6      	bpl.n	10003f20 <_ntoa_format+0x76>
10003f72:	2c1f      	cmp	r4, #31
10003f74:	d8d4      	bhi.n	10003f20 <_ntoa_format+0x76>
10003f76:	2258      	movs	r2, #88	@ 0x58
10003f78:	552a      	strb	r2, [r5, r4]
10003f7a:	3401      	adds	r4, #1
10003f7c:	e7d3      	b.n	10003f26 <_ntoa_format+0x7c>
10003f7e:	3c02      	subs	r4, #2
10003f80:	e7cb      	b.n	10003f1a <_ntoa_format+0x70>
10003f82:	0014      	movs	r4, r2
10003f84:	e7c9      	b.n	10003f1a <_ntoa_format+0x70>
10003f86:	06b2      	lsls	r2, r6, #26
10003f88:	d4ee      	bmi.n	10003f68 <_ntoa_format+0xbe>
10003f8a:	2c1f      	cmp	r4, #31
10003f8c:	d8ec      	bhi.n	10003f68 <_ntoa_format+0xbe>
10003f8e:	2278      	movs	r2, #120	@ 0x78
10003f90:	552a      	strb	r2, [r5, r4]
10003f92:	3401      	adds	r4, #1
10003f94:	e7c7      	b.n	10003f26 <_ntoa_format+0x7c>
10003f96:	2c1f      	cmp	r4, #31
10003f98:	d8d2      	bhi.n	10003f40 <_ntoa_format+0x96>
10003f9a:	3260      	adds	r2, #96	@ 0x60
10003f9c:	552a      	strb	r2, [r5, r4]
10003f9e:	3401      	adds	r4, #1
10003fa0:	e7c1      	b.n	10003f26 <_ntoa_format+0x7c>
10003fa2:	0772      	lsls	r2, r6, #29
10003fa4:	d503      	bpl.n	10003fae <_ntoa_format+0x104>
10003fa6:	222b      	movs	r2, #43	@ 0x2b
10003fa8:	552a      	strb	r2, [r5, r4]
10003faa:	3401      	adds	r4, #1
10003fac:	e7c8      	b.n	10003f40 <_ntoa_format+0x96>
10003fae:	0732      	lsls	r2, r6, #28
10003fb0:	d5c6      	bpl.n	10003f40 <_ntoa_format+0x96>
10003fb2:	2220      	movs	r2, #32
10003fb4:	552a      	strb	r2, [r5, r4]
10003fb6:	3401      	adds	r4, #1
10003fb8:	e7c2      	b.n	10003f40 <_ntoa_format+0x96>

10003fba <_ntoa_long>:
10003fba:	b5f0      	push	{r4, r5, r6, r7, lr}
10003fbc:	46de      	mov	lr, fp
10003fbe:	4657      	mov	r7, sl
10003fc0:	464e      	mov	r6, r9
10003fc2:	4645      	mov	r5, r8
10003fc4:	b5e0      	push	{r5, r6, r7, lr}
10003fc6:	b093      	sub	sp, #76	@ 0x4c
10003fc8:	4681      	mov	r9, r0
10003fca:	468a      	mov	sl, r1
10003fcc:	9208      	str	r2, [sp, #32]
10003fce:	9309      	str	r3, [sp, #36]	@ 0x24
10003fd0:	ab1c      	add	r3, sp, #112	@ 0x70
10003fd2:	cb10      	ldmia	r3!, {r4}
10003fd4:	781b      	ldrb	r3, [r3, #0]
10003fd6:	469b      	mov	fp, r3
10003fd8:	9d1e      	ldr	r5, [sp, #120]	@ 0x78
10003fda:	9b21      	ldr	r3, [sp, #132]	@ 0x84
10003fdc:	4698      	mov	r8, r3
10003fde:	2c00      	cmp	r4, #0
10003fe0:	d103      	bne.n	10003fea <_ntoa_long+0x30>
10003fe2:	2310      	movs	r3, #16
10003fe4:	4642      	mov	r2, r8
10003fe6:	439a      	bics	r2, r3
10003fe8:	4690      	mov	r8, r2
10003fea:	2380      	movs	r3, #128	@ 0x80
10003fec:	00db      	lsls	r3, r3, #3
10003fee:	4646      	mov	r6, r8
10003ff0:	401e      	ands	r6, r3
10003ff2:	4642      	mov	r2, r8
10003ff4:	421a      	tst	r2, r3
10003ff6:	d012      	beq.n	1000401e <_ntoa_long+0x64>
10003ff8:	2c00      	cmp	r4, #0
10003ffa:	d022      	beq.n	10004042 <_ntoa_long+0x88>
10003ffc:	2600      	movs	r6, #0
10003ffe:	e00e      	b.n	1000401e <_ntoa_long+0x64>
10004000:	3330      	adds	r3, #48	@ 0x30
10004002:	b2d9      	uxtb	r1, r3
10004004:	1c77      	adds	r7, r6, #1
10004006:	ab0a      	add	r3, sp, #40	@ 0x28
10004008:	5599      	strb	r1, [r3, r6]
1000400a:	0029      	movs	r1, r5
1000400c:	0020      	movs	r0, r4
1000400e:	f7fe f9d7 	bl	100023c0 <__wrap___aeabi_uidiv>
10004012:	42ac      	cmp	r4, r5
10004014:	d316      	bcc.n	10004044 <_ntoa_long+0x8a>
10004016:	2f1f      	cmp	r7, #31
10004018:	d814      	bhi.n	10004044 <_ntoa_long+0x8a>
1000401a:	003e      	movs	r6, r7
1000401c:	0004      	movs	r4, r0
1000401e:	0029      	movs	r1, r5
10004020:	0020      	movs	r0, r4
10004022:	f7fe f9cd 	bl	100023c0 <__wrap___aeabi_uidiv>
10004026:	b2cb      	uxtb	r3, r1
10004028:	2b09      	cmp	r3, #9
1000402a:	d9e9      	bls.n	10004000 <_ntoa_long+0x46>
1000402c:	4642      	mov	r2, r8
1000402e:	0692      	lsls	r2, r2, #26
10004030:	d505      	bpl.n	1000403e <_ntoa_long+0x84>
10004032:	2141      	movs	r1, #65	@ 0x41
10004034:	18c9      	adds	r1, r1, r3
10004036:	b2c9      	uxtb	r1, r1
10004038:	390a      	subs	r1, #10
1000403a:	b2c9      	uxtb	r1, r1
1000403c:	e7e2      	b.n	10004004 <_ntoa_long+0x4a>
1000403e:	2161      	movs	r1, #97	@ 0x61
10004040:	e7f8      	b.n	10004034 <_ntoa_long+0x7a>
10004042:	0027      	movs	r7, r4
10004044:	4643      	mov	r3, r8
10004046:	9306      	str	r3, [sp, #24]
10004048:	9b20      	ldr	r3, [sp, #128]	@ 0x80
1000404a:	9305      	str	r3, [sp, #20]
1000404c:	9b1f      	ldr	r3, [sp, #124]	@ 0x7c
1000404e:	9304      	str	r3, [sp, #16]
10004050:	9503      	str	r5, [sp, #12]
10004052:	465b      	mov	r3, fp
10004054:	9302      	str	r3, [sp, #8]
10004056:	9701      	str	r7, [sp, #4]
10004058:	ab0a      	add	r3, sp, #40	@ 0x28
1000405a:	9300      	str	r3, [sp, #0]
1000405c:	9b09      	ldr	r3, [sp, #36]	@ 0x24
1000405e:	9a08      	ldr	r2, [sp, #32]
10004060:	4651      	mov	r1, sl
10004062:	4648      	mov	r0, r9
10004064:	f7ff ff21 	bl	10003eaa <_ntoa_format>
10004068:	b013      	add	sp, #76	@ 0x4c
1000406a:	bcf0      	pop	{r4, r5, r6, r7}
1000406c:	46bb      	mov	fp, r7
1000406e:	46b2      	mov	sl, r6
10004070:	46a9      	mov	r9, r5
10004072:	46a0      	mov	r8, r4
10004074:	bdf0      	pop	{r4, r5, r6, r7, pc}

10004076 <_ntoa_long_long>:
10004076:	b5f0      	push	{r4, r5, r6, r7, lr}
10004078:	46de      	mov	lr, fp
1000407a:	4657      	mov	r7, sl
1000407c:	464e      	mov	r6, r9
1000407e:	4645      	mov	r5, r8
10004080:	b5e0      	push	{r5, r6, r7, lr}
10004082:	b097      	sub	sp, #92	@ 0x5c
10004084:	900a      	str	r0, [sp, #40]	@ 0x28
10004086:	910b      	str	r1, [sp, #44]	@ 0x2c
10004088:	920c      	str	r2, [sp, #48]	@ 0x30
1000408a:	469a      	mov	sl, r3
1000408c:	9b20      	ldr	r3, [sp, #128]	@ 0x80
1000408e:	4699      	mov	r9, r3
10004090:	9f21      	ldr	r7, [sp, #132]	@ 0x84
10004092:	aa22      	add	r2, sp, #136	@ 0x88
10004094:	7813      	ldrb	r3, [r2, #0]
10004096:	469b      	mov	fp, r3
10004098:	9b24      	ldr	r3, [sp, #144]	@ 0x90
1000409a:	9309      	str	r3, [sp, #36]	@ 0x24
1000409c:	9c25      	ldr	r4, [sp, #148]	@ 0x94
1000409e:	9b28      	ldr	r3, [sp, #160]	@ 0xa0
100040a0:	4698      	mov	r8, r3
100040a2:	464a      	mov	r2, r9
100040a4:	433a      	orrs	r2, r7
100040a6:	d102      	bne.n	100040ae <_ntoa_long_long+0x38>
100040a8:	3210      	adds	r2, #16
100040aa:	4393      	bics	r3, r2
100040ac:	4698      	mov	r8, r3
100040ae:	2280      	movs	r2, #128	@ 0x80
100040b0:	00d2      	lsls	r2, r2, #3
100040b2:	4645      	mov	r5, r8
100040b4:	4015      	ands	r5, r2
100040b6:	4643      	mov	r3, r8
100040b8:	4213      	tst	r3, r2
100040ba:	d00a      	beq.n	100040d2 <_ntoa_long_long+0x5c>
100040bc:	464a      	mov	r2, r9
100040be:	433a      	orrs	r2, r7
100040c0:	d041      	beq.n	10004146 <_ntoa_long_long+0xd0>
100040c2:	2500      	movs	r5, #0
100040c4:	002e      	movs	r6, r5
100040c6:	4653      	mov	r3, sl
100040c8:	930d      	str	r3, [sp, #52]	@ 0x34
100040ca:	464d      	mov	r5, r9
100040cc:	9b09      	ldr	r3, [sp, #36]	@ 0x24
100040ce:	469a      	mov	sl, r3
100040d0:	e01b      	b.n	1000410a <_ntoa_long_long+0x94>
100040d2:	002e      	movs	r6, r5
100040d4:	4653      	mov	r3, sl
100040d6:	930d      	str	r3, [sp, #52]	@ 0x34
100040d8:	464d      	mov	r5, r9
100040da:	9b09      	ldr	r3, [sp, #36]	@ 0x24
100040dc:	469a      	mov	sl, r3
100040de:	e014      	b.n	1000410a <_ntoa_long_long+0x94>
100040e0:	3330      	adds	r3, #48	@ 0x30
100040e2:	b2da      	uxtb	r2, r3
100040e4:	1c73      	adds	r3, r6, #1
100040e6:	4699      	mov	r9, r3
100040e8:	ab0e      	add	r3, sp, #56	@ 0x38
100040ea:	559a      	strb	r2, [r3, r6]
100040ec:	4652      	mov	r2, sl
100040ee:	0023      	movs	r3, r4
100040f0:	0028      	movs	r0, r5
100040f2:	0039      	movs	r1, r7
100040f4:	f7fe f9a2 	bl	1000243c <__wrap___aeabi_uldivmod>
100040f8:	42bc      	cmp	r4, r7
100040fa:	d826      	bhi.n	1000414a <_ntoa_long_long+0xd4>
100040fc:	d019      	beq.n	10004132 <_ntoa_long_long+0xbc>
100040fe:	464b      	mov	r3, r9
10004100:	2b1f      	cmp	r3, #31
10004102:	d81c      	bhi.n	1000413e <_ntoa_long_long+0xc8>
10004104:	464e      	mov	r6, r9
10004106:	0005      	movs	r5, r0
10004108:	000f      	movs	r7, r1
1000410a:	4652      	mov	r2, sl
1000410c:	0023      	movs	r3, r4
1000410e:	0028      	movs	r0, r5
10004110:	0039      	movs	r1, r7
10004112:	f7fe f993 	bl	1000243c <__wrap___aeabi_uldivmod>
10004116:	b2d3      	uxtb	r3, r2
10004118:	2b09      	cmp	r3, #9
1000411a:	d9e1      	bls.n	100040e0 <_ntoa_long_long+0x6a>
1000411c:	4642      	mov	r2, r8
1000411e:	0692      	lsls	r2, r2, #26
10004120:	d505      	bpl.n	1000412e <_ntoa_long_long+0xb8>
10004122:	2241      	movs	r2, #65	@ 0x41
10004124:	18d2      	adds	r2, r2, r3
10004126:	b2d2      	uxtb	r2, r2
10004128:	3a0a      	subs	r2, #10
1000412a:	b2d2      	uxtb	r2, r2
1000412c:	e7da      	b.n	100040e4 <_ntoa_long_long+0x6e>
1000412e:	2261      	movs	r2, #97	@ 0x61
10004130:	e7f8      	b.n	10004124 <_ntoa_long_long+0xae>
10004132:	45aa      	cmp	sl, r5
10004134:	d9e3      	bls.n	100040fe <_ntoa_long_long+0x88>
10004136:	464e      	mov	r6, r9
10004138:	9b0d      	ldr	r3, [sp, #52]	@ 0x34
1000413a:	469a      	mov	sl, r3
1000413c:	e008      	b.n	10004150 <_ntoa_long_long+0xda>
1000413e:	464e      	mov	r6, r9
10004140:	9b0d      	ldr	r3, [sp, #52]	@ 0x34
10004142:	469a      	mov	sl, r3
10004144:	e004      	b.n	10004150 <_ntoa_long_long+0xda>
10004146:	2600      	movs	r6, #0
10004148:	e002      	b.n	10004150 <_ntoa_long_long+0xda>
1000414a:	464e      	mov	r6, r9
1000414c:	9b0d      	ldr	r3, [sp, #52]	@ 0x34
1000414e:	469a      	mov	sl, r3
10004150:	4643      	mov	r3, r8
10004152:	9306      	str	r3, [sp, #24]
10004154:	9b27      	ldr	r3, [sp, #156]	@ 0x9c
10004156:	9305      	str	r3, [sp, #20]
10004158:	9b26      	ldr	r3, [sp, #152]	@ 0x98
1000415a:	9304      	str	r3, [sp, #16]
1000415c:	9b09      	ldr	r3, [sp, #36]	@ 0x24
1000415e:	9303      	str	r3, [sp, #12]
10004160:	465b      	mov	r3, fp
10004162:	9302      	str	r3, [sp, #8]
10004164:	9601      	str	r6, [sp, #4]
10004166:	ab0e      	add	r3, sp, #56	@ 0x38
10004168:	9300      	str	r3, [sp, #0]
1000416a:	4653      	mov	r3, sl
1000416c:	9a0c      	ldr	r2, [sp, #48]	@ 0x30
1000416e:	990b      	ldr	r1, [sp, #44]	@ 0x2c
10004170:	980a      	ldr	r0, [sp, #40]	@ 0x28
10004172:	f7ff fe9a 	bl	10003eaa <_ntoa_format>
10004176:	b017      	add	sp, #92	@ 0x5c
10004178:	bcf0      	pop	{r4, r5, r6, r7}
1000417a:	46bb      	mov	fp, r7
1000417c:	46b2      	mov	sl, r6
1000417e:	46a9      	mov	r9, r5
10004180:	46a0      	mov	r8, r4
10004182:	bdf0      	pop	{r4, r5, r6, r7, pc}

10004184 <_etoa>:
10004184:	b5f0      	push	{r4, r5, r6, r7, lr}
10004186:	46de      	mov	lr, fp
10004188:	4657      	mov	r7, sl
1000418a:	464e      	mov	r6, r9
1000418c:	4645      	mov	r5, r8
1000418e:	b5e0      	push	{r5, r6, r7, lr}
10004190:	b091      	sub	sp, #68	@ 0x44
10004192:	4680      	mov	r8, r0
10004194:	4689      	mov	r9, r1
10004196:	920c      	str	r2, [sp, #48]	@ 0x30
10004198:	469a      	mov	sl, r3
1000419a:	9c1a      	ldr	r4, [sp, #104]	@ 0x68
1000419c:	9d1b      	ldr	r5, [sp, #108]	@ 0x6c
1000419e:	0022      	movs	r2, r4
100041a0:	002b      	movs	r3, r5
100041a2:	0020      	movs	r0, r4
100041a4:	0029      	movs	r1, r5
100041a6:	f7fe fbdc 	bl	10002962 <__wrap___aeabi_dcmpun>
100041aa:	2800      	cmp	r0, #0
100041ac:	d000      	beq.n	100041b0 <_etoa+0x2c>
100041ae:	e0ec      	b.n	1000438a <_etoa+0x206>
100041b0:	2201      	movs	r2, #1
100041b2:	4252      	negs	r2, r2
100041b4:	4bd4      	ldr	r3, [pc, #848]	@ (10004508 <_etoa+0x384>)
100041b6:	0020      	movs	r0, r4
100041b8:	0029      	movs	r1, r5
100041ba:	f7fe fbcd 	bl	10002958 <__wrap___aeabi_dcmpgt>
100041be:	2800      	cmp	r0, #0
100041c0:	d000      	beq.n	100041c4 <_etoa+0x40>
100041c2:	e0e2      	b.n	1000438a <_etoa+0x206>
100041c4:	2201      	movs	r2, #1
100041c6:	4252      	negs	r2, r2
100041c8:	4bd0      	ldr	r3, [pc, #832]	@ (1000450c <_etoa+0x388>)
100041ca:	0020      	movs	r0, r4
100041cc:	0029      	movs	r1, r5
100041ce:	f7fe fbad 	bl	1000292c <__wrap___aeabi_dcmplt>
100041d2:	2800      	cmp	r0, #0
100041d4:	d000      	beq.n	100041d8 <_etoa+0x54>
100041d6:	e0d8      	b.n	1000438a <_etoa+0x206>
100041d8:	2200      	movs	r2, #0
100041da:	2300      	movs	r3, #0
100041dc:	0020      	movs	r0, r4
100041de:	0029      	movs	r1, r5
100041e0:	f7fe fba4 	bl	1000292c <__wrap___aeabi_dcmplt>
100041e4:	2800      	cmp	r0, #0
100041e6:	d000      	beq.n	100041ea <_etoa+0x66>
100041e8:	e0e4      	b.n	100043b4 <_etoa+0x230>
100041ea:	9406      	str	r4, [sp, #24]
100041ec:	9507      	str	r5, [sp, #28]
100041ee:	2380      	movs	r3, #128	@ 0x80
100041f0:	00db      	lsls	r3, r3, #3
100041f2:	9a1e      	ldr	r2, [sp, #120]	@ 0x78
100041f4:	401a      	ands	r2, r3
100041f6:	920d      	str	r2, [sp, #52]	@ 0x34
100041f8:	9a1e      	ldr	r2, [sp, #120]	@ 0x78
100041fa:	421a      	tst	r2, r3
100041fc:	d101      	bne.n	10004202 <_etoa+0x7e>
100041fe:	2306      	movs	r3, #6
10004200:	931c      	str	r3, [sp, #112]	@ 0x70
10004202:	9806      	ldr	r0, [sp, #24]
10004204:	9907      	ldr	r1, [sp, #28]
10004206:	0002      	movs	r2, r0
10004208:	000b      	movs	r3, r1
1000420a:	9208      	str	r2, [sp, #32]
1000420c:	9309      	str	r3, [sp, #36]	@ 0x24
1000420e:	0003      	movs	r3, r0
10004210:	000a      	movs	r2, r1
10004212:	4302      	orrs	r2, r0
10004214:	d100      	bne.n	10004218 <_etoa+0x94>
10004216:	e0d9      	b.n	100043cc <_etoa+0x248>
10004218:	0d08      	lsrs	r0, r1, #20
1000421a:	0540      	lsls	r0, r0, #21
1000421c:	0d40      	lsrs	r0, r0, #21
1000421e:	4ebc      	ldr	r6, [pc, #752]	@ (10004510 <_etoa+0x38c>)
10004220:	46b4      	mov	ip, r6
10004222:	4460      	add	r0, ip
10004224:	030a      	lsls	r2, r1, #12
10004226:	0b12      	lsrs	r2, r2, #12
10004228:	001e      	movs	r6, r3
1000422a:	4bba      	ldr	r3, [pc, #744]	@ (10004514 <_etoa+0x390>)
1000422c:	4313      	orrs	r3, r2
1000422e:	001f      	movs	r7, r3
10004230:	f7fe fba8 	bl	10002984 <__wrap___aeabi_i2d>
10004234:	4ab8      	ldr	r2, [pc, #736]	@ (10004518 <_etoa+0x394>)
10004236:	4bb9      	ldr	r3, [pc, #740]	@ (1000451c <_etoa+0x398>)
10004238:	f7fe fb2d 	bl	10002896 <__wrap___aeabi_dmul>
1000423c:	4ab8      	ldr	r2, [pc, #736]	@ (10004520 <_etoa+0x39c>)
1000423e:	4bb9      	ldr	r3, [pc, #740]	@ (10004524 <_etoa+0x3a0>)
10004240:	f7fe fb02 	bl	10002848 <__wrap___aeabi_dadd>
10004244:	9008      	str	r0, [sp, #32]
10004246:	9109      	str	r1, [sp, #36]	@ 0x24
10004248:	2200      	movs	r2, #0
1000424a:	4bb7      	ldr	r3, [pc, #732]	@ (10004528 <_etoa+0x3a4>)
1000424c:	0030      	movs	r0, r6
1000424e:	0039      	movs	r1, r7
10004250:	f7fe faf1 	bl	10002836 <__wrap___aeabi_dsub>
10004254:	4ab5      	ldr	r2, [pc, #724]	@ (1000452c <_etoa+0x3a8>)
10004256:	4bb6      	ldr	r3, [pc, #728]	@ (10004530 <_etoa+0x3ac>)
10004258:	f7fe fb1d 	bl	10002896 <__wrap___aeabi_dmul>
1000425c:	0002      	movs	r2, r0
1000425e:	000b      	movs	r3, r1
10004260:	9808      	ldr	r0, [sp, #32]
10004262:	9909      	ldr	r1, [sp, #36]	@ 0x24
10004264:	f7fe faf0 	bl	10002848 <__wrap___aeabi_dadd>
10004268:	f7fe fba4 	bl	100029b4 <__wrap___aeabi_d2iz>
1000426c:	4683      	mov	fp, r0
1000426e:	f7fe fb89 	bl	10002984 <__wrap___aeabi_i2d>
10004272:	0006      	movs	r6, r0
10004274:	000f      	movs	r7, r1
10004276:	4aaf      	ldr	r2, [pc, #700]	@ (10004534 <_etoa+0x3b0>)
10004278:	4baf      	ldr	r3, [pc, #700]	@ (10004538 <_etoa+0x3b4>)
1000427a:	f7fe fb0c 	bl	10002896 <__wrap___aeabi_dmul>
1000427e:	2200      	movs	r2, #0
10004280:	4bae      	ldr	r3, [pc, #696]	@ (1000453c <_etoa+0x3b8>)
10004282:	f7fe fae1 	bl	10002848 <__wrap___aeabi_dadd>
10004286:	f7fe fb95 	bl	100029b4 <__wrap___aeabi_d2iz>
1000428a:	9008      	str	r0, [sp, #32]
1000428c:	4aac      	ldr	r2, [pc, #688]	@ (10004540 <_etoa+0x3bc>)
1000428e:	4bad      	ldr	r3, [pc, #692]	@ (10004544 <_etoa+0x3c0>)
10004290:	0030      	movs	r0, r6
10004292:	0039      	movs	r1, r7
10004294:	f7fe faff 	bl	10002896 <__wrap___aeabi_dmul>
10004298:	0006      	movs	r6, r0
1000429a:	000f      	movs	r7, r1
1000429c:	9808      	ldr	r0, [sp, #32]
1000429e:	f7fe fb71 	bl	10002984 <__wrap___aeabi_i2d>
100042a2:	4aa9      	ldr	r2, [pc, #676]	@ (10004548 <_etoa+0x3c4>)
100042a4:	4ba9      	ldr	r3, [pc, #676]	@ (1000454c <_etoa+0x3c8>)
100042a6:	f7fe faf6 	bl	10002896 <__wrap___aeabi_dmul>
100042aa:	0002      	movs	r2, r0
100042ac:	000b      	movs	r3, r1
100042ae:	0030      	movs	r0, r6
100042b0:	0039      	movs	r1, r7
100042b2:	f7fe fac0 	bl	10002836 <__wrap___aeabi_dsub>
100042b6:	0006      	movs	r6, r0
100042b8:	000f      	movs	r7, r1
100042ba:	0002      	movs	r2, r0
100042bc:	000b      	movs	r3, r1
100042be:	f7fe faea 	bl	10002896 <__wrap___aeabi_dmul>
100042c2:	900a      	str	r0, [sp, #40]	@ 0x28
100042c4:	910b      	str	r1, [sp, #44]	@ 0x2c
100042c6:	9b08      	ldr	r3, [sp, #32]
100042c8:	4aa1      	ldr	r2, [pc, #644]	@ (10004550 <_etoa+0x3cc>)
100042ca:	4694      	mov	ip, r2
100042cc:	4463      	add	r3, ip
100042ce:	2100      	movs	r1, #0
100042d0:	2200      	movs	r2, #0
100042d2:	9108      	str	r1, [sp, #32]
100042d4:	9209      	str	r2, [sp, #36]	@ 0x24
100042d6:	051b      	lsls	r3, r3, #20
100042d8:	9309      	str	r3, [sp, #36]	@ 0x24
100042da:	2300      	movs	r3, #0
100042dc:	9308      	str	r3, [sp, #32]
100042de:	0032      	movs	r2, r6
100042e0:	003b      	movs	r3, r7
100042e2:	0030      	movs	r0, r6
100042e4:	0039      	movs	r1, r7
100042e6:	f7fe faaf 	bl	10002848 <__wrap___aeabi_dadd>
100042ea:	900e      	str	r0, [sp, #56]	@ 0x38
100042ec:	910f      	str	r1, [sp, #60]	@ 0x3c
100042ee:	0032      	movs	r2, r6
100042f0:	003b      	movs	r3, r7
100042f2:	2000      	movs	r0, #0
100042f4:	2180      	movs	r1, #128	@ 0x80
100042f6:	05c9      	lsls	r1, r1, #23
100042f8:	f7fe fa9d 	bl	10002836 <__wrap___aeabi_dsub>
100042fc:	0006      	movs	r6, r0
100042fe:	000f      	movs	r7, r1
10004300:	2200      	movs	r2, #0
10004302:	4b94      	ldr	r3, [pc, #592]	@ (10004554 <_etoa+0x3d0>)
10004304:	980a      	ldr	r0, [sp, #40]	@ 0x28
10004306:	990b      	ldr	r1, [sp, #44]	@ 0x2c
10004308:	f7fe faa7 	bl	1000285a <__wrap___aeabi_ddiv>
1000430c:	2200      	movs	r2, #0
1000430e:	4b92      	ldr	r3, [pc, #584]	@ (10004558 <_etoa+0x3d4>)
10004310:	f7fe fa9a 	bl	10002848 <__wrap___aeabi_dadd>
10004314:	0002      	movs	r2, r0
10004316:	000b      	movs	r3, r1
10004318:	980a      	ldr	r0, [sp, #40]	@ 0x28
1000431a:	990b      	ldr	r1, [sp, #44]	@ 0x2c
1000431c:	f7fe fa9d 	bl	1000285a <__wrap___aeabi_ddiv>
10004320:	2200      	movs	r2, #0
10004322:	4b8e      	ldr	r3, [pc, #568]	@ (1000455c <_etoa+0x3d8>)
10004324:	f7fe fa90 	bl	10002848 <__wrap___aeabi_dadd>
10004328:	0002      	movs	r2, r0
1000432a:	000b      	movs	r3, r1
1000432c:	980a      	ldr	r0, [sp, #40]	@ 0x28
1000432e:	990b      	ldr	r1, [sp, #44]	@ 0x2c
10004330:	f7fe fa93 	bl	1000285a <__wrap___aeabi_ddiv>
10004334:	0002      	movs	r2, r0
10004336:	000b      	movs	r3, r1
10004338:	0030      	movs	r0, r6
1000433a:	0039      	movs	r1, r7
1000433c:	f7fe fa84 	bl	10002848 <__wrap___aeabi_dadd>
10004340:	0002      	movs	r2, r0
10004342:	000b      	movs	r3, r1
10004344:	980e      	ldr	r0, [sp, #56]	@ 0x38
10004346:	990f      	ldr	r1, [sp, #60]	@ 0x3c
10004348:	f7fe fa87 	bl	1000285a <__wrap___aeabi_ddiv>
1000434c:	2200      	movs	r2, #0
1000434e:	4b71      	ldr	r3, [pc, #452]	@ (10004514 <_etoa+0x390>)
10004350:	f7fe fa7a 	bl	10002848 <__wrap___aeabi_dadd>
10004354:	9a08      	ldr	r2, [sp, #32]
10004356:	9b09      	ldr	r3, [sp, #36]	@ 0x24
10004358:	f7fe fa9d 	bl	10002896 <__wrap___aeabi_dmul>
1000435c:	0006      	movs	r6, r0
1000435e:	000f      	movs	r7, r1
10004360:	9608      	str	r6, [sp, #32]
10004362:	9709      	str	r7, [sp, #36]	@ 0x24
10004364:	9a06      	ldr	r2, [sp, #24]
10004366:	9b07      	ldr	r3, [sp, #28]
10004368:	f7fe faf6 	bl	10002958 <__wrap___aeabi_dcmpgt>
1000436c:	2800      	cmp	r0, #0
1000436e:	d02f      	beq.n	100043d0 <_etoa+0x24c>
10004370:	2301      	movs	r3, #1
10004372:	425b      	negs	r3, r3
10004374:	469c      	mov	ip, r3
10004376:	44e3      	add	fp, ip
10004378:	2200      	movs	r2, #0
1000437a:	4b77      	ldr	r3, [pc, #476]	@ (10004558 <_etoa+0x3d4>)
1000437c:	0030      	movs	r0, r6
1000437e:	0039      	movs	r1, r7
10004380:	f7fe fa6b 	bl	1000285a <__wrap___aeabi_ddiv>
10004384:	9008      	str	r0, [sp, #32]
10004386:	9109      	str	r1, [sp, #36]	@ 0x24
10004388:	e022      	b.n	100043d0 <_etoa+0x24c>
1000438a:	9b1e      	ldr	r3, [sp, #120]	@ 0x78
1000438c:	9304      	str	r3, [sp, #16]
1000438e:	9b1d      	ldr	r3, [sp, #116]	@ 0x74
10004390:	9303      	str	r3, [sp, #12]
10004392:	9b1c      	ldr	r3, [sp, #112]	@ 0x70
10004394:	9302      	str	r3, [sp, #8]
10004396:	9400      	str	r4, [sp, #0]
10004398:	9501      	str	r5, [sp, #4]
1000439a:	4653      	mov	r3, sl
1000439c:	9a0c      	ldr	r2, [sp, #48]	@ 0x30
1000439e:	4649      	mov	r1, r9
100043a0:	4640      	mov	r0, r8
100043a2:	f000 f8ff 	bl	100045a4 <_ftoa>
100043a6:	b011      	add	sp, #68	@ 0x44
100043a8:	bcf0      	pop	{r4, r5, r6, r7}
100043aa:	46bb      	mov	fp, r7
100043ac:	46b2      	mov	sl, r6
100043ae:	46a9      	mov	r9, r5
100043b0:	46a0      	mov	r8, r4
100043b2:	bdf0      	pop	{r4, r5, r6, r7, pc}
100043b4:	2100      	movs	r1, #0
100043b6:	2200      	movs	r2, #0
100043b8:	9106      	str	r1, [sp, #24]
100043ba:	9207      	str	r2, [sp, #28]
100043bc:	9406      	str	r4, [sp, #24]
100043be:	2380      	movs	r3, #128	@ 0x80
100043c0:	061b      	lsls	r3, r3, #24
100043c2:	469c      	mov	ip, r3
100043c4:	44ac      	add	ip, r5
100043c6:	4663      	mov	r3, ip
100043c8:	9307      	str	r3, [sp, #28]
100043ca:	e710      	b.n	100041ee <_etoa+0x6a>
100043cc:	2300      	movs	r3, #0
100043ce:	469b      	mov	fp, r3
100043d0:	465b      	mov	r3, fp
100043d2:	3363      	adds	r3, #99	@ 0x63
100043d4:	2bc6      	cmp	r3, #198	@ 0xc6
100043d6:	d820      	bhi.n	1000441a <_etoa+0x296>
100043d8:	2604      	movs	r6, #4
100043da:	9b1e      	ldr	r3, [sp, #120]	@ 0x78
100043dc:	051b      	lsls	r3, r3, #20
100043de:	d528      	bpl.n	10004432 <_etoa+0x2ae>
100043e0:	9a08      	ldr	r2, [sp, #32]
100043e2:	9b09      	ldr	r3, [sp, #36]	@ 0x24
100043e4:	0019      	movs	r1, r3
100043e6:	4311      	orrs	r1, r2
100043e8:	d00f      	beq.n	1000440a <_etoa+0x286>
100043ea:	4a5d      	ldr	r2, [pc, #372]	@ (10004560 <_etoa+0x3dc>)
100043ec:	4b5d      	ldr	r3, [pc, #372]	@ (10004564 <_etoa+0x3e0>)
100043ee:	9806      	ldr	r0, [sp, #24]
100043f0:	9907      	ldr	r1, [sp, #28]
100043f2:	f7fe faa9 	bl	10002948 <__wrap___aeabi_dcmpge>
100043f6:	2800      	cmp	r0, #0
100043f8:	d07a      	beq.n	100044f0 <_etoa+0x36c>
100043fa:	2200      	movs	r2, #0
100043fc:	4b5a      	ldr	r3, [pc, #360]	@ (10004568 <_etoa+0x3e4>)
100043fe:	9806      	ldr	r0, [sp, #24]
10004400:	9907      	ldr	r1, [sp, #28]
10004402:	f7fe fa93 	bl	1000292c <__wrap___aeabi_dcmplt>
10004406:	2800      	cmp	r0, #0
10004408:	d072      	beq.n	100044f0 <_etoa+0x36c>
1000440a:	9b1c      	ldr	r3, [sp, #112]	@ 0x70
1000440c:	455b      	cmp	r3, fp
1000440e:	dd06      	ble.n	1000441e <_etoa+0x29a>
10004410:	465a      	mov	r2, fp
10004412:	1a9b      	subs	r3, r3, r2
10004414:	3b01      	subs	r3, #1
10004416:	931c      	str	r3, [sp, #112]	@ 0x70
10004418:	e003      	b.n	10004422 <_etoa+0x29e>
1000441a:	2605      	movs	r6, #5
1000441c:	e7dd      	b.n	100043da <_etoa+0x256>
1000441e:	2300      	movs	r3, #0
10004420:	931c      	str	r3, [sp, #112]	@ 0x70
10004422:	2380      	movs	r3, #128	@ 0x80
10004424:	00db      	lsls	r3, r3, #3
10004426:	9a1e      	ldr	r2, [sp, #120]	@ 0x78
10004428:	431a      	orrs	r2, r3
1000442a:	921e      	str	r2, [sp, #120]	@ 0x78
1000442c:	2600      	movs	r6, #0
1000442e:	2300      	movs	r3, #0
10004430:	469b      	mov	fp, r3
10004432:	9b1d      	ldr	r3, [sp, #116]	@ 0x74
10004434:	429e      	cmp	r6, r3
10004436:	d265      	bcs.n	10004504 <_etoa+0x380>
10004438:	1b9f      	subs	r7, r3, r6
1000443a:	2302      	movs	r3, #2
1000443c:	9a1e      	ldr	r2, [sp, #120]	@ 0x78
1000443e:	401a      	ands	r2, r3
10004440:	920a      	str	r2, [sp, #40]	@ 0x28
10004442:	9a1e      	ldr	r2, [sp, #120]	@ 0x78
10004444:	4213      	tst	r3, r2
10004446:	d002      	beq.n	1000444e <_etoa+0x2ca>
10004448:	2e00      	cmp	r6, #0
1000444a:	d000      	beq.n	1000444e <_etoa+0x2ca>
1000444c:	2700      	movs	r7, #0
1000444e:	465b      	mov	r3, fp
10004450:	2b00      	cmp	r3, #0
10004452:	d007      	beq.n	10004464 <_etoa+0x2e0>
10004454:	9a08      	ldr	r2, [sp, #32]
10004456:	9b09      	ldr	r3, [sp, #36]	@ 0x24
10004458:	9806      	ldr	r0, [sp, #24]
1000445a:	9907      	ldr	r1, [sp, #28]
1000445c:	f7fe f9fd 	bl	1000285a <__wrap___aeabi_ddiv>
10004460:	9006      	str	r0, [sp, #24]
10004462:	9107      	str	r1, [sp, #28]
10004464:	2200      	movs	r2, #0
10004466:	2300      	movs	r3, #0
10004468:	0020      	movs	r0, r4
1000446a:	0029      	movs	r1, r5
1000446c:	f7fe fa5e 	bl	1000292c <__wrap___aeabi_dcmplt>
10004470:	2800      	cmp	r0, #0
10004472:	d000      	beq.n	10004476 <_etoa+0x2f2>
10004474:	e07c      	b.n	10004570 <_etoa+0x3ec>
10004476:	4b3d      	ldr	r3, [pc, #244]	@ (1000456c <_etoa+0x3e8>)
10004478:	9a1e      	ldr	r2, [sp, #120]	@ 0x78
1000447a:	4013      	ands	r3, r2
1000447c:	9304      	str	r3, [sp, #16]
1000447e:	9703      	str	r7, [sp, #12]
10004480:	9b1c      	ldr	r3, [sp, #112]	@ 0x70
10004482:	9302      	str	r3, [sp, #8]
10004484:	9b06      	ldr	r3, [sp, #24]
10004486:	9c07      	ldr	r4, [sp, #28]
10004488:	9300      	str	r3, [sp, #0]
1000448a:	9401      	str	r4, [sp, #4]
1000448c:	4653      	mov	r3, sl
1000448e:	9a0c      	ldr	r2, [sp, #48]	@ 0x30
10004490:	4649      	mov	r1, r9
10004492:	4640      	mov	r0, r8
10004494:	f000 f886 	bl	100045a4 <_ftoa>
10004498:	2e00      	cmp	r6, #0
1000449a:	d100      	bne.n	1000449e <_etoa+0x31a>
1000449c:	e783      	b.n	100043a6 <_etoa+0x222>
1000449e:	9b1e      	ldr	r3, [sp, #120]	@ 0x78
100044a0:	069b      	lsls	r3, r3, #26
100044a2:	d571      	bpl.n	10004588 <_etoa+0x404>
100044a4:	2545      	movs	r5, #69	@ 0x45
100044a6:	1c44      	adds	r4, r0, #1
100044a8:	4653      	mov	r3, sl
100044aa:	0002      	movs	r2, r0
100044ac:	4649      	mov	r1, r9
100044ae:	0028      	movs	r0, r5
100044b0:	47c0      	blx	r8
100044b2:	465a      	mov	r2, fp
100044b4:	17d3      	asrs	r3, r2, #31
100044b6:	18d2      	adds	r2, r2, r3
100044b8:	405a      	eors	r2, r3
100044ba:	2305      	movs	r3, #5
100044bc:	9305      	str	r3, [sp, #20]
100044be:	3e01      	subs	r6, #1
100044c0:	9604      	str	r6, [sp, #16]
100044c2:	2300      	movs	r3, #0
100044c4:	9303      	str	r3, [sp, #12]
100044c6:	330a      	adds	r3, #10
100044c8:	9302      	str	r3, [sp, #8]
100044ca:	465b      	mov	r3, fp
100044cc:	0fdb      	lsrs	r3, r3, #31
100044ce:	9301      	str	r3, [sp, #4]
100044d0:	9200      	str	r2, [sp, #0]
100044d2:	4653      	mov	r3, sl
100044d4:	0022      	movs	r2, r4
100044d6:	4649      	mov	r1, r9
100044d8:	4640      	mov	r0, r8
100044da:	f7ff fd6e 	bl	10003fba <_ntoa_long>
100044de:	9b0a      	ldr	r3, [sp, #40]	@ 0x28
100044e0:	2b00      	cmp	r3, #0
100044e2:	d100      	bne.n	100044e6 <_etoa+0x362>
100044e4:	e75f      	b.n	100043a6 <_etoa+0x222>
100044e6:	0002      	movs	r2, r0
100044e8:	4647      	mov	r7, r8
100044ea:	9e0c      	ldr	r6, [sp, #48]	@ 0x30
100044ec:	9d1d      	ldr	r5, [sp, #116]	@ 0x74
100044ee:	e053      	b.n	10004598 <_etoa+0x414>
100044f0:	9b1c      	ldr	r3, [sp, #112]	@ 0x70
100044f2:	2b00      	cmp	r3, #0
100044f4:	d09d      	beq.n	10004432 <_etoa+0x2ae>
100044f6:	9b0d      	ldr	r3, [sp, #52]	@ 0x34
100044f8:	2b00      	cmp	r3, #0
100044fa:	d09a      	beq.n	10004432 <_etoa+0x2ae>
100044fc:	9b1c      	ldr	r3, [sp, #112]	@ 0x70
100044fe:	3b01      	subs	r3, #1
10004500:	931c      	str	r3, [sp, #112]	@ 0x70
10004502:	e796      	b.n	10004432 <_etoa+0x2ae>
10004504:	2700      	movs	r7, #0
10004506:	e798      	b.n	1000443a <_etoa+0x2b6>
10004508:	7fefffff 	.word	0x7fefffff
1000450c:	ffefffff 	.word	0xffefffff
10004510:	fffffc01 	.word	0xfffffc01
10004514:	3ff00000 	.word	0x3ff00000
10004518:	509f79fb 	.word	0x509f79fb
1000451c:	3fd34413 	.word	0x3fd34413
10004520:	8b60c8b3 	.word	0x8b60c8b3
10004524:	3fc68a28 	.word	0x3fc68a28
10004528:	3ff80000 	.word	0x3ff80000
1000452c:	636f4361 	.word	0x636f4361
10004530:	3fd287a7 	.word	0x3fd287a7
10004534:	0979a371 	.word	0x0979a371
10004538:	400a934f 	.word	0x400a934f
1000453c:	3fe00000 	.word	0x3fe00000
10004540:	bbb55516 	.word	0xbbb55516
10004544:	40026bb1 	.word	0x40026bb1
10004548:	fefa39ef 	.word	0xfefa39ef
1000454c:	3fe62e42 	.word	0x3fe62e42
10004550:	000003ff 	.word	0x000003ff
10004554:	402c0000 	.word	0x402c0000
10004558:	40240000 	.word	0x40240000
1000455c:	40180000 	.word	0x40180000
10004560:	eb1c432d 	.word	0xeb1c432d
10004564:	3f1a36e2 	.word	0x3f1a36e2
10004568:	412e8480 	.word	0x412e8480
1000456c:	fffff7ff 	.word	0xfffff7ff
10004570:	9c06      	ldr	r4, [sp, #24]
10004572:	9d07      	ldr	r5, [sp, #28]
10004574:	0022      	movs	r2, r4
10004576:	0029      	movs	r1, r5
10004578:	2080      	movs	r0, #128	@ 0x80
1000457a:	0600      	lsls	r0, r0, #24
1000457c:	4684      	mov	ip, r0
1000457e:	4461      	add	r1, ip
10004580:	000b      	movs	r3, r1
10004582:	9206      	str	r2, [sp, #24]
10004584:	9307      	str	r3, [sp, #28]
10004586:	e776      	b.n	10004476 <_etoa+0x2f2>
10004588:	2565      	movs	r5, #101	@ 0x65
1000458a:	e78c      	b.n	100044a6 <_etoa+0x322>
1000458c:	1c54      	adds	r4, r2, #1
1000458e:	4653      	mov	r3, sl
10004590:	4649      	mov	r1, r9
10004592:	2020      	movs	r0, #32
10004594:	47b8      	blx	r7
10004596:	0022      	movs	r2, r4
10004598:	1b93      	subs	r3, r2, r6
1000459a:	42ab      	cmp	r3, r5
1000459c:	d3f6      	bcc.n	1000458c <_etoa+0x408>
1000459e:	0010      	movs	r0, r2
100045a0:	e701      	b.n	100043a6 <_etoa+0x222>
100045a2:	46c0      	nop			@ (mov r8, r8)

100045a4 <_ftoa>:
100045a4:	b5f0      	push	{r4, r5, r6, r7, lr}
100045a6:	46de      	mov	lr, fp
100045a8:	4657      	mov	r7, sl
100045aa:	464e      	mov	r6, r9
100045ac:	4645      	mov	r5, r8
100045ae:	b5e0      	push	{r5, r6, r7, lr}
100045b0:	b095      	sub	sp, #84	@ 0x54
100045b2:	9006      	str	r0, [sp, #24]
100045b4:	9107      	str	r1, [sp, #28]
100045b6:	4693      	mov	fp, r2
100045b8:	4699      	mov	r9, r3
100045ba:	9f20      	ldr	r7, [sp, #128]	@ 0x80
100045bc:	9a1e      	ldr	r2, [sp, #120]	@ 0x78
100045be:	9b1f      	ldr	r3, [sp, #124]	@ 0x7c
100045c0:	0010      	movs	r0, r2
100045c2:	0019      	movs	r1, r3
100045c4:	f7fe f9cd 	bl	10002962 <__wrap___aeabi_dcmpun>
100045c8:	2800      	cmp	r0, #0
100045ca:	d131      	bne.n	10004630 <_ftoa+0x8c>
100045cc:	2201      	movs	r2, #1
100045ce:	4252      	negs	r2, r2
100045d0:	4bbf      	ldr	r3, [pc, #764]	@ (100048d0 <_ftoa+0x32c>)
100045d2:	981e      	ldr	r0, [sp, #120]	@ 0x78
100045d4:	991f      	ldr	r1, [sp, #124]	@ 0x7c
100045d6:	f7fe f9a9 	bl	1000292c <__wrap___aeabi_dcmplt>
100045da:	2800      	cmp	r0, #0
100045dc:	d137      	bne.n	1000464e <_ftoa+0xaa>
100045de:	2201      	movs	r2, #1
100045e0:	4252      	negs	r2, r2
100045e2:	4bbc      	ldr	r3, [pc, #752]	@ (100048d4 <_ftoa+0x330>)
100045e4:	981e      	ldr	r0, [sp, #120]	@ 0x78
100045e6:	991f      	ldr	r1, [sp, #124]	@ 0x7c
100045e8:	f7fe f9b6 	bl	10002958 <__wrap___aeabi_dcmpgt>
100045ec:	2800      	cmp	r0, #0
100045ee:	d13d      	bne.n	1000466c <_ftoa+0xc8>
100045f0:	2200      	movs	r2, #0
100045f2:	4bb9      	ldr	r3, [pc, #740]	@ (100048d8 <_ftoa+0x334>)
100045f4:	981e      	ldr	r0, [sp, #120]	@ 0x78
100045f6:	991f      	ldr	r1, [sp, #124]	@ 0x7c
100045f8:	f7fe f9ae 	bl	10002958 <__wrap___aeabi_dcmpgt>
100045fc:	2800      	cmp	r0, #0
100045fe:	d150      	bne.n	100046a2 <_ftoa+0xfe>
10004600:	2200      	movs	r2, #0
10004602:	4bb6      	ldr	r3, [pc, #728]	@ (100048dc <_ftoa+0x338>)
10004604:	981e      	ldr	r0, [sp, #120]	@ 0x78
10004606:	991f      	ldr	r1, [sp, #124]	@ 0x7c
10004608:	f7fe f990 	bl	1000292c <__wrap___aeabi_dcmplt>
1000460c:	2800      	cmp	r0, #0
1000460e:	d148      	bne.n	100046a2 <_ftoa+0xfe>
10004610:	2200      	movs	r2, #0
10004612:	2300      	movs	r3, #0
10004614:	981e      	ldr	r0, [sp, #120]	@ 0x78
10004616:	991f      	ldr	r1, [sp, #124]	@ 0x7c
10004618:	f7fe f988 	bl	1000292c <__wrap___aeabi_dcmplt>
1000461c:	2800      	cmp	r0, #0
1000461e:	d150      	bne.n	100046c2 <_ftoa+0x11e>
10004620:	2300      	movs	r3, #0
10004622:	4698      	mov	r8, r3
10004624:	9b22      	ldr	r3, [sp, #136]	@ 0x88
10004626:	055b      	lsls	r3, r3, #21
10004628:	d400      	bmi.n	1000462c <_ftoa+0x88>
1000462a:	e0b6      	b.n	1000479a <_ftoa+0x1f6>
1000462c:	2400      	movs	r4, #0
1000462e:	e058      	b.n	100046e2 <_ftoa+0x13e>
10004630:	9b22      	ldr	r3, [sp, #136]	@ 0x88
10004632:	9303      	str	r3, [sp, #12]
10004634:	9b21      	ldr	r3, [sp, #132]	@ 0x84
10004636:	9302      	str	r3, [sp, #8]
10004638:	2303      	movs	r3, #3
1000463a:	9301      	str	r3, [sp, #4]
1000463c:	4ba8      	ldr	r3, [pc, #672]	@ (100048e0 <_ftoa+0x33c>)
1000463e:	9300      	str	r3, [sp, #0]
10004640:	464b      	mov	r3, r9
10004642:	465a      	mov	r2, fp
10004644:	9907      	ldr	r1, [sp, #28]
10004646:	9806      	ldr	r0, [sp, #24]
10004648:	f7ff fbd8 	bl	10003dfc <_out_rev>
1000464c:	e10e      	b.n	1000486c <_ftoa+0x2c8>
1000464e:	9b22      	ldr	r3, [sp, #136]	@ 0x88
10004650:	9303      	str	r3, [sp, #12]
10004652:	9b21      	ldr	r3, [sp, #132]	@ 0x84
10004654:	9302      	str	r3, [sp, #8]
10004656:	2304      	movs	r3, #4
10004658:	9301      	str	r3, [sp, #4]
1000465a:	4ba2      	ldr	r3, [pc, #648]	@ (100048e4 <_ftoa+0x340>)
1000465c:	9300      	str	r3, [sp, #0]
1000465e:	464b      	mov	r3, r9
10004660:	465a      	mov	r2, fp
10004662:	9907      	ldr	r1, [sp, #28]
10004664:	9806      	ldr	r0, [sp, #24]
10004666:	f7ff fbc9 	bl	10003dfc <_out_rev>
1000466a:	e0ff      	b.n	1000486c <_ftoa+0x2c8>
1000466c:	2304      	movs	r3, #4
1000466e:	9a22      	ldr	r2, [sp, #136]	@ 0x88
10004670:	401a      	ands	r2, r3
10004672:	9922      	ldr	r1, [sp, #136]	@ 0x88
10004674:	420b      	tst	r3, r1
10004676:	d010      	beq.n	1000469a <_ftoa+0xf6>
10004678:	4b9b      	ldr	r3, [pc, #620]	@ (100048e8 <_ftoa+0x344>)
1000467a:	2a00      	cmp	r2, #0
1000467c:	d00f      	beq.n	1000469e <_ftoa+0xfa>
1000467e:	2204      	movs	r2, #4
10004680:	9922      	ldr	r1, [sp, #136]	@ 0x88
10004682:	9103      	str	r1, [sp, #12]
10004684:	9921      	ldr	r1, [sp, #132]	@ 0x84
10004686:	9102      	str	r1, [sp, #8]
10004688:	9201      	str	r2, [sp, #4]
1000468a:	9300      	str	r3, [sp, #0]
1000468c:	464b      	mov	r3, r9
1000468e:	465a      	mov	r2, fp
10004690:	9907      	ldr	r1, [sp, #28]
10004692:	9806      	ldr	r0, [sp, #24]
10004694:	f7ff fbb2 	bl	10003dfc <_out_rev>
10004698:	e0e8      	b.n	1000486c <_ftoa+0x2c8>
1000469a:	4b94      	ldr	r3, [pc, #592]	@ (100048ec <_ftoa+0x348>)
1000469c:	e7ed      	b.n	1000467a <_ftoa+0xd6>
1000469e:	2203      	movs	r2, #3
100046a0:	e7ee      	b.n	10004680 <_ftoa+0xdc>
100046a2:	9b22      	ldr	r3, [sp, #136]	@ 0x88
100046a4:	9304      	str	r3, [sp, #16]
100046a6:	9b21      	ldr	r3, [sp, #132]	@ 0x84
100046a8:	9303      	str	r3, [sp, #12]
100046aa:	9702      	str	r7, [sp, #8]
100046ac:	9b1e      	ldr	r3, [sp, #120]	@ 0x78
100046ae:	9c1f      	ldr	r4, [sp, #124]	@ 0x7c
100046b0:	9300      	str	r3, [sp, #0]
100046b2:	9401      	str	r4, [sp, #4]
100046b4:	464b      	mov	r3, r9
100046b6:	465a      	mov	r2, fp
100046b8:	9907      	ldr	r1, [sp, #28]
100046ba:	9806      	ldr	r0, [sp, #24]
100046bc:	f7ff fd62 	bl	10004184 <_etoa>
100046c0:	e0d4      	b.n	1000486c <_ftoa+0x2c8>
100046c2:	9a1e      	ldr	r2, [sp, #120]	@ 0x78
100046c4:	9b1f      	ldr	r3, [sp, #124]	@ 0x7c
100046c6:	2000      	movs	r0, #0
100046c8:	2100      	movs	r1, #0
100046ca:	f7fe f8b4 	bl	10002836 <__wrap___aeabi_dsub>
100046ce:	901e      	str	r0, [sp, #120]	@ 0x78
100046d0:	911f      	str	r1, [sp, #124]	@ 0x7c
100046d2:	2301      	movs	r3, #1
100046d4:	4698      	mov	r8, r3
100046d6:	e7a5      	b.n	10004624 <_ftoa+0x80>
100046d8:	ab0c      	add	r3, sp, #48	@ 0x30
100046da:	2230      	movs	r2, #48	@ 0x30
100046dc:	551a      	strb	r2, [r3, r4]
100046de:	3f01      	subs	r7, #1
100046e0:	3401      	adds	r4, #1
100046e2:	2c1f      	cmp	r4, #31
100046e4:	d801      	bhi.n	100046ea <_ftoa+0x146>
100046e6:	2f09      	cmp	r7, #9
100046e8:	d8f6      	bhi.n	100046d8 <_ftoa+0x134>
100046ea:	981e      	ldr	r0, [sp, #120]	@ 0x78
100046ec:	991f      	ldr	r1, [sp, #124]	@ 0x7c
100046ee:	f7fe f961 	bl	100029b4 <__wrap___aeabi_d2iz>
100046f2:	0005      	movs	r5, r0
100046f4:	f7fe f946 	bl	10002984 <__wrap___aeabi_i2d>
100046f8:	0002      	movs	r2, r0
100046fa:	000b      	movs	r3, r1
100046fc:	981e      	ldr	r0, [sp, #120]	@ 0x78
100046fe:	991f      	ldr	r1, [sp, #124]	@ 0x7c
10004700:	f7fe f899 	bl	10002836 <__wrap___aeabi_dsub>
10004704:	4b7a      	ldr	r3, [pc, #488]	@ (100048f0 <_ftoa+0x34c>)
10004706:	00fa      	lsls	r2, r7, #3
10004708:	189b      	adds	r3, r3, r2
1000470a:	681a      	ldr	r2, [r3, #0]
1000470c:	685b      	ldr	r3, [r3, #4]
1000470e:	920a      	str	r2, [sp, #40]	@ 0x28
10004710:	930b      	str	r3, [sp, #44]	@ 0x2c
10004712:	f7fe f8c0 	bl	10002896 <__wrap___aeabi_dmul>
10004716:	9008      	str	r0, [sp, #32]
10004718:	9109      	str	r1, [sp, #36]	@ 0x24
1000471a:	f7fe f96f 	bl	100029fc <__wrap___aeabi_d2uiz>
1000471e:	0006      	movs	r6, r0
10004720:	f7fe f92c 	bl	1000297c <__wrap___aeabi_ui2d>
10004724:	0002      	movs	r2, r0
10004726:	000b      	movs	r3, r1
10004728:	9808      	ldr	r0, [sp, #32]
1000472a:	9909      	ldr	r1, [sp, #36]	@ 0x24
1000472c:	f7fe f883 	bl	10002836 <__wrap___aeabi_dsub>
10004730:	9008      	str	r0, [sp, #32]
10004732:	9109      	str	r1, [sp, #36]	@ 0x24
10004734:	2200      	movs	r2, #0
10004736:	4b6f      	ldr	r3, [pc, #444]	@ (100048f4 <_ftoa+0x350>)
10004738:	f7fe f90e 	bl	10002958 <__wrap___aeabi_dcmpgt>
1000473c:	2800      	cmp	r0, #0
1000473e:	d02e      	beq.n	1000479e <_ftoa+0x1fa>
10004740:	3601      	adds	r6, #1
10004742:	0030      	movs	r0, r6
10004744:	f7fe f91a 	bl	1000297c <__wrap___aeabi_ui2d>
10004748:	0002      	movs	r2, r0
1000474a:	000b      	movs	r3, r1
1000474c:	980a      	ldr	r0, [sp, #40]	@ 0x28
1000474e:	990b      	ldr	r1, [sp, #44]	@ 0x2c
10004750:	f7fe f8f2 	bl	10002938 <__wrap___aeabi_dcmple>
10004754:	2800      	cmp	r0, #0
10004756:	d001      	beq.n	1000475c <_ftoa+0x1b8>
10004758:	3501      	adds	r5, #1
1000475a:	2600      	movs	r6, #0
1000475c:	2f00      	cmp	r7, #0
1000475e:	d12c      	bne.n	100047ba <_ftoa+0x216>
10004760:	0028      	movs	r0, r5
10004762:	f7fe f90f 	bl	10002984 <__wrap___aeabi_i2d>
10004766:	0002      	movs	r2, r0
10004768:	000b      	movs	r3, r1
1000476a:	981e      	ldr	r0, [sp, #120]	@ 0x78
1000476c:	991f      	ldr	r1, [sp, #124]	@ 0x7c
1000476e:	f7fe f862 	bl	10002836 <__wrap___aeabi_dsub>
10004772:	0006      	movs	r6, r0
10004774:	000f      	movs	r7, r1
10004776:	2200      	movs	r2, #0
10004778:	4b5e      	ldr	r3, [pc, #376]	@ (100048f4 <_ftoa+0x350>)
1000477a:	f7fe f8d7 	bl	1000292c <__wrap___aeabi_dcmplt>
1000477e:	2800      	cmp	r0, #0
10004780:	d146      	bne.n	10004810 <_ftoa+0x26c>
10004782:	2200      	movs	r2, #0
10004784:	4b5b      	ldr	r3, [pc, #364]	@ (100048f4 <_ftoa+0x350>)
10004786:	0030      	movs	r0, r6
10004788:	0039      	movs	r1, r7
1000478a:	f7fe f8e5 	bl	10002958 <__wrap___aeabi_dcmpgt>
1000478e:	2800      	cmp	r0, #0
10004790:	d13e      	bne.n	10004810 <_ftoa+0x26c>
10004792:	07eb      	lsls	r3, r5, #31
10004794:	d53c      	bpl.n	10004810 <_ftoa+0x26c>
10004796:	3501      	adds	r5, #1
10004798:	e03a      	b.n	10004810 <_ftoa+0x26c>
1000479a:	2706      	movs	r7, #6
1000479c:	e746      	b.n	1000462c <_ftoa+0x88>
1000479e:	2200      	movs	r2, #0
100047a0:	4b54      	ldr	r3, [pc, #336]	@ (100048f4 <_ftoa+0x350>)
100047a2:	9808      	ldr	r0, [sp, #32]
100047a4:	9909      	ldr	r1, [sp, #36]	@ 0x24
100047a6:	f7fe f8c1 	bl	1000292c <__wrap___aeabi_dcmplt>
100047aa:	2800      	cmp	r0, #0
100047ac:	d1d6      	bne.n	1000475c <_ftoa+0x1b8>
100047ae:	2e00      	cmp	r6, #0
100047b0:	d001      	beq.n	100047b6 <_ftoa+0x212>
100047b2:	07f3      	lsls	r3, r6, #31
100047b4:	d5d2      	bpl.n	1000475c <_ftoa+0x1b8>
100047b6:	3601      	adds	r6, #1
100047b8:	e7d0      	b.n	1000475c <_ftoa+0x1b8>
100047ba:	46aa      	mov	sl, r5
100047bc:	2c1f      	cmp	r4, #31
100047be:	d811      	bhi.n	100047e4 <_ftoa+0x240>
100047c0:	3f01      	subs	r7, #1
100047c2:	210a      	movs	r1, #10
100047c4:	0030      	movs	r0, r6
100047c6:	f7fd fdfb 	bl	100023c0 <__wrap___aeabi_uidiv>
100047ca:	1c65      	adds	r5, r4, #1
100047cc:	3130      	adds	r1, #48	@ 0x30
100047ce:	ab0c      	add	r3, sp, #48	@ 0x30
100047d0:	5519      	strb	r1, [r3, r4]
100047d2:	210a      	movs	r1, #10
100047d4:	0030      	movs	r0, r6
100047d6:	f7fd fdf3 	bl	100023c0 <__wrap___aeabi_uidiv>
100047da:	2e09      	cmp	r6, #9
100047dc:	d90e      	bls.n	100047fc <_ftoa+0x258>
100047de:	0006      	movs	r6, r0
100047e0:	002c      	movs	r4, r5
100047e2:	e7eb      	b.n	100047bc <_ftoa+0x218>
100047e4:	4655      	mov	r5, sl
100047e6:	2c1f      	cmp	r4, #31
100047e8:	d80c      	bhi.n	10004804 <_ftoa+0x260>
100047ea:	1e7b      	subs	r3, r7, #1
100047ec:	2f00      	cmp	r7, #0
100047ee:	d009      	beq.n	10004804 <_ftoa+0x260>
100047f0:	aa0c      	add	r2, sp, #48	@ 0x30
100047f2:	2130      	movs	r1, #48	@ 0x30
100047f4:	5511      	strb	r1, [r2, r4]
100047f6:	001f      	movs	r7, r3
100047f8:	3401      	adds	r4, #1
100047fa:	e7f4      	b.n	100047e6 <_ftoa+0x242>
100047fc:	002b      	movs	r3, r5
100047fe:	4655      	mov	r5, sl
10004800:	001c      	movs	r4, r3
10004802:	e7f0      	b.n	100047e6 <_ftoa+0x242>
10004804:	2c1f      	cmp	r4, #31
10004806:	d803      	bhi.n	10004810 <_ftoa+0x26c>
10004808:	ab0c      	add	r3, sp, #48	@ 0x30
1000480a:	222e      	movs	r2, #46	@ 0x2e
1000480c:	551a      	strb	r2, [r3, r4]
1000480e:	3401      	adds	r4, #1
10004810:	2c1f      	cmp	r4, #31
10004812:	d810      	bhi.n	10004836 <_ftoa+0x292>
10004814:	210a      	movs	r1, #10
10004816:	0028      	movs	r0, r5
10004818:	f7fd fdaa 	bl	10002370 <__wrap___aeabi_idiv>
1000481c:	1c66      	adds	r6, r4, #1
1000481e:	3130      	adds	r1, #48	@ 0x30
10004820:	ab0c      	add	r3, sp, #48	@ 0x30
10004822:	5519      	strb	r1, [r3, r4]
10004824:	210a      	movs	r1, #10
10004826:	0028      	movs	r0, r5
10004828:	f7fd fda2 	bl	10002370 <__wrap___aeabi_idiv>
1000482c:	1e05      	subs	r5, r0, #0
1000482e:	d001      	beq.n	10004834 <_ftoa+0x290>
10004830:	0034      	movs	r4, r6
10004832:	e7ed      	b.n	10004810 <_ftoa+0x26c>
10004834:	0034      	movs	r4, r6
10004836:	2303      	movs	r3, #3
10004838:	9a22      	ldr	r2, [sp, #136]	@ 0x88
1000483a:	4013      	ands	r3, r2
1000483c:	2b01      	cmp	r3, #1
1000483e:	d01c      	beq.n	1000487a <_ftoa+0x2d6>
10004840:	2c1f      	cmp	r4, #31
10004842:	d806      	bhi.n	10004852 <_ftoa+0x2ae>
10004844:	4643      	mov	r3, r8
10004846:	2b00      	cmp	r3, #0
10004848:	d032      	beq.n	100048b0 <_ftoa+0x30c>
1000484a:	ab0c      	add	r3, sp, #48	@ 0x30
1000484c:	222d      	movs	r2, #45	@ 0x2d
1000484e:	551a      	strb	r2, [r3, r4]
10004850:	3401      	adds	r4, #1
10004852:	9b22      	ldr	r3, [sp, #136]	@ 0x88
10004854:	9303      	str	r3, [sp, #12]
10004856:	9b21      	ldr	r3, [sp, #132]	@ 0x84
10004858:	9302      	str	r3, [sp, #8]
1000485a:	9401      	str	r4, [sp, #4]
1000485c:	ab0c      	add	r3, sp, #48	@ 0x30
1000485e:	9300      	str	r3, [sp, #0]
10004860:	464b      	mov	r3, r9
10004862:	465a      	mov	r2, fp
10004864:	9907      	ldr	r1, [sp, #28]
10004866:	9806      	ldr	r0, [sp, #24]
10004868:	f7ff fac8 	bl	10003dfc <_out_rev>
1000486c:	b015      	add	sp, #84	@ 0x54
1000486e:	bcf0      	pop	{r4, r5, r6, r7}
10004870:	46bb      	mov	fp, r7
10004872:	46b2      	mov	sl, r6
10004874:	46a9      	mov	r9, r5
10004876:	46a0      	mov	r8, r4
10004878:	bdf0      	pop	{r4, r5, r6, r7, pc}
1000487a:	9b21      	ldr	r3, [sp, #132]	@ 0x84
1000487c:	2b00      	cmp	r3, #0
1000487e:	d013      	beq.n	100048a8 <_ftoa+0x304>
10004880:	4643      	mov	r3, r8
10004882:	2b00      	cmp	r3, #0
10004884:	d102      	bne.n	1000488c <_ftoa+0x2e8>
10004886:	330c      	adds	r3, #12
10004888:	4213      	tst	r3, r2
1000488a:	d00f      	beq.n	100048ac <_ftoa+0x308>
1000488c:	9b21      	ldr	r3, [sp, #132]	@ 0x84
1000488e:	3b01      	subs	r3, #1
10004890:	9321      	str	r3, [sp, #132]	@ 0x84
10004892:	0019      	movs	r1, r3
10004894:	e003      	b.n	1000489e <_ftoa+0x2fa>
10004896:	ab0c      	add	r3, sp, #48	@ 0x30
10004898:	2230      	movs	r2, #48	@ 0x30
1000489a:	551a      	strb	r2, [r3, r4]
1000489c:	3401      	adds	r4, #1
1000489e:	428c      	cmp	r4, r1
100048a0:	d2ce      	bcs.n	10004840 <_ftoa+0x29c>
100048a2:	2c1f      	cmp	r4, #31
100048a4:	d9f7      	bls.n	10004896 <_ftoa+0x2f2>
100048a6:	e7cb      	b.n	10004840 <_ftoa+0x29c>
100048a8:	9921      	ldr	r1, [sp, #132]	@ 0x84
100048aa:	e7f8      	b.n	1000489e <_ftoa+0x2fa>
100048ac:	9921      	ldr	r1, [sp, #132]	@ 0x84
100048ae:	e7f6      	b.n	1000489e <_ftoa+0x2fa>
100048b0:	9b22      	ldr	r3, [sp, #136]	@ 0x88
100048b2:	075b      	lsls	r3, r3, #29
100048b4:	d504      	bpl.n	100048c0 <_ftoa+0x31c>
100048b6:	ab0c      	add	r3, sp, #48	@ 0x30
100048b8:	222b      	movs	r2, #43	@ 0x2b
100048ba:	551a      	strb	r2, [r3, r4]
100048bc:	3401      	adds	r4, #1
100048be:	e7c8      	b.n	10004852 <_ftoa+0x2ae>
100048c0:	9b22      	ldr	r3, [sp, #136]	@ 0x88
100048c2:	071b      	lsls	r3, r3, #28
100048c4:	d5c5      	bpl.n	10004852 <_ftoa+0x2ae>
100048c6:	ab0c      	add	r3, sp, #48	@ 0x30
100048c8:	2220      	movs	r2, #32
100048ca:	551a      	strb	r2, [r3, r4]
100048cc:	3401      	adds	r4, #1
100048ce:	e7c0      	b.n	10004852 <_ftoa+0x2ae>
100048d0:	ffefffff 	.word	0xffefffff
100048d4:	7fefffff 	.word	0x7fefffff
100048d8:	41cdcd65 	.word	0x41cdcd65
100048dc:	c1cdcd65 	.word	0xc1cdcd65
100048e0:	10009090 	.word	0x10009090
100048e4:	10009094 	.word	0x10009094
100048e8:	10009084 	.word	0x10009084
100048ec:	1000908c 	.word	0x1000908c
100048f0:	100099a0 	.word	0x100099a0
100048f4:	3fe00000 	.word	0x3fe00000

100048f8 <_vsnprintf>:
100048f8:	b5f0      	push	{r4, r5, r6, r7, lr}
100048fa:	46de      	mov	lr, fp
100048fc:	4657      	mov	r7, sl
100048fe:	464e      	mov	r6, r9
10004900:	4645      	mov	r5, r8
10004902:	b5e0      	push	{r5, r6, r7, lr}
10004904:	b093      	sub	sp, #76	@ 0x4c
10004906:	4682      	mov	sl, r0
10004908:	4688      	mov	r8, r1
1000490a:	4693      	mov	fp, r2
1000490c:	9311      	str	r3, [sp, #68]	@ 0x44
1000490e:	2900      	cmp	r1, #0
10004910:	d100      	bne.n	10004914 <_vsnprintf+0x1c>
10004912:	e30d      	b.n	10004f30 <_vsnprintf+0x638>
10004914:	2500      	movs	r5, #0
10004916:	4656      	mov	r6, sl
10004918:	9b11      	ldr	r3, [sp, #68]	@ 0x44
1000491a:	7818      	ldrb	r0, [r3, #0]
1000491c:	2800      	cmp	r0, #0
1000491e:	d100      	bne.n	10004922 <_vsnprintf+0x2a>
10004920:	e309      	b.n	10004f36 <_vsnprintf+0x63e>
10004922:	2825      	cmp	r0, #37	@ 0x25
10004924:	d009      	beq.n	1000493a <_vsnprintf+0x42>
10004926:	1c6c      	adds	r4, r5, #1
10004928:	465b      	mov	r3, fp
1000492a:	002a      	movs	r2, r5
1000492c:	4641      	mov	r1, r8
1000492e:	47b0      	blx	r6
10004930:	9b11      	ldr	r3, [sp, #68]	@ 0x44
10004932:	3301      	adds	r3, #1
10004934:	9311      	str	r3, [sp, #68]	@ 0x44
10004936:	0025      	movs	r5, r4
10004938:	e7ee      	b.n	10004918 <_vsnprintf+0x20>
1000493a:	3301      	adds	r3, #1
1000493c:	9311      	str	r3, [sp, #68]	@ 0x44
1000493e:	2700      	movs	r7, #0
10004940:	e020      	b.n	10004984 <_vsnprintf+0x8c>
10004942:	2301      	movs	r3, #1
10004944:	431f      	orrs	r7, r3
10004946:	3201      	adds	r2, #1
10004948:	9211      	str	r2, [sp, #68]	@ 0x44
1000494a:	2401      	movs	r4, #1
1000494c:	e018      	b.n	10004980 <_vsnprintf+0x88>
1000494e:	2302      	movs	r3, #2
10004950:	431f      	orrs	r7, r3
10004952:	3201      	adds	r2, #1
10004954:	9211      	str	r2, [sp, #68]	@ 0x44
10004956:	2401      	movs	r4, #1
10004958:	e012      	b.n	10004980 <_vsnprintf+0x88>
1000495a:	2304      	movs	r3, #4
1000495c:	431f      	orrs	r7, r3
1000495e:	3201      	adds	r2, #1
10004960:	9211      	str	r2, [sp, #68]	@ 0x44
10004962:	2401      	movs	r4, #1
10004964:	e00c      	b.n	10004980 <_vsnprintf+0x88>
10004966:	2308      	movs	r3, #8
10004968:	431f      	orrs	r7, r3
1000496a:	3201      	adds	r2, #1
1000496c:	9211      	str	r2, [sp, #68]	@ 0x44
1000496e:	2401      	movs	r4, #1
10004970:	e006      	b.n	10004980 <_vsnprintf+0x88>
10004972:	2310      	movs	r3, #16
10004974:	431f      	orrs	r7, r3
10004976:	3201      	adds	r2, #1
10004978:	9211      	str	r2, [sp, #68]	@ 0x44
1000497a:	2401      	movs	r4, #1
1000497c:	e000      	b.n	10004980 <_vsnprintf+0x88>
1000497e:	2400      	movs	r4, #0
10004980:	2c00      	cmp	r4, #0
10004982:	d009      	beq.n	10004998 <_vsnprintf+0xa0>
10004984:	9a11      	ldr	r2, [sp, #68]	@ 0x44
10004986:	7813      	ldrb	r3, [r2, #0]
10004988:	3b20      	subs	r3, #32
1000498a:	b2d9      	uxtb	r1, r3
1000498c:	2910      	cmp	r1, #16
1000498e:	d8f6      	bhi.n	1000497e <_vsnprintf+0x86>
10004990:	008b      	lsls	r3, r1, #2
10004992:	49c8      	ldr	r1, [pc, #800]	@ (10004cb4 <_vsnprintf+0x3bc>)
10004994:	58cb      	ldr	r3, [r1, r3]
10004996:	469f      	mov	pc, r3
10004998:	9b11      	ldr	r3, [sp, #68]	@ 0x44
1000499a:	781a      	ldrb	r2, [r3, #0]
1000499c:	0013      	movs	r3, r2
1000499e:	3b30      	subs	r3, #48	@ 0x30
100049a0:	b2db      	uxtb	r3, r3
100049a2:	2b09      	cmp	r3, #9
100049a4:	d910      	bls.n	100049c8 <_vsnprintf+0xd0>
100049a6:	2a2a      	cmp	r2, #42	@ 0x2a
100049a8:	d013      	beq.n	100049d2 <_vsnprintf+0xda>
100049aa:	940b      	str	r4, [sp, #44]	@ 0x2c
100049ac:	9b11      	ldr	r3, [sp, #68]	@ 0x44
100049ae:	781a      	ldrb	r2, [r3, #0]
100049b0:	2a2e      	cmp	r2, #46	@ 0x2e
100049b2:	d01e      	beq.n	100049f2 <_vsnprintf+0xfa>
100049b4:	9a11      	ldr	r2, [sp, #68]	@ 0x44
100049b6:	7813      	ldrb	r3, [r2, #0]
100049b8:	3b68      	subs	r3, #104	@ 0x68
100049ba:	b2d9      	uxtb	r1, r3
100049bc:	2912      	cmp	r1, #18
100049be:	d859      	bhi.n	10004a74 <_vsnprintf+0x17c>
100049c0:	008b      	lsls	r3, r1, #2
100049c2:	49bd      	ldr	r1, [pc, #756]	@ (10004cb8 <_vsnprintf+0x3c0>)
100049c4:	58cb      	ldr	r3, [r1, r3]
100049c6:	469f      	mov	pc, r3
100049c8:	a811      	add	r0, sp, #68	@ 0x44
100049ca:	f7ff fa05 	bl	10003dd8 <_atoi>
100049ce:	900b      	str	r0, [sp, #44]	@ 0x2c
100049d0:	e7ec      	b.n	100049ac <_vsnprintf+0xb4>
100049d2:	9b1c      	ldr	r3, [sp, #112]	@ 0x70
100049d4:	1d1a      	adds	r2, r3, #4
100049d6:	921c      	str	r2, [sp, #112]	@ 0x70
100049d8:	681b      	ldr	r3, [r3, #0]
100049da:	2b00      	cmp	r3, #0
100049dc:	db04      	blt.n	100049e8 <_vsnprintf+0xf0>
100049de:	930b      	str	r3, [sp, #44]	@ 0x2c
100049e0:	9b11      	ldr	r3, [sp, #68]	@ 0x44
100049e2:	3301      	adds	r3, #1
100049e4:	9311      	str	r3, [sp, #68]	@ 0x44
100049e6:	e7e1      	b.n	100049ac <_vsnprintf+0xb4>
100049e8:	2202      	movs	r2, #2
100049ea:	4317      	orrs	r7, r2
100049ec:	425b      	negs	r3, r3
100049ee:	930b      	str	r3, [sp, #44]	@ 0x2c
100049f0:	e7f6      	b.n	100049e0 <_vsnprintf+0xe8>
100049f2:	2280      	movs	r2, #128	@ 0x80
100049f4:	00d2      	lsls	r2, r2, #3
100049f6:	4317      	orrs	r7, r2
100049f8:	1c5a      	adds	r2, r3, #1
100049fa:	9211      	str	r2, [sp, #68]	@ 0x44
100049fc:	785a      	ldrb	r2, [r3, #1]
100049fe:	0013      	movs	r3, r2
10004a00:	3b30      	subs	r3, #48	@ 0x30
10004a02:	b2db      	uxtb	r3, r3
10004a04:	2b09      	cmp	r3, #9
10004a06:	d90b      	bls.n	10004a20 <_vsnprintf+0x128>
10004a08:	2a2a      	cmp	r2, #42	@ 0x2a
10004a0a:	d1d3      	bne.n	100049b4 <_vsnprintf+0xbc>
10004a0c:	9b1c      	ldr	r3, [sp, #112]	@ 0x70
10004a0e:	1d1a      	adds	r2, r3, #4
10004a10:	921c      	str	r2, [sp, #112]	@ 0x70
10004a12:	681c      	ldr	r4, [r3, #0]
10004a14:	2c00      	cmp	r4, #0
10004a16:	db08      	blt.n	10004a2a <_vsnprintf+0x132>
10004a18:	9b11      	ldr	r3, [sp, #68]	@ 0x44
10004a1a:	3301      	adds	r3, #1
10004a1c:	9311      	str	r3, [sp, #68]	@ 0x44
10004a1e:	e7c9      	b.n	100049b4 <_vsnprintf+0xbc>
10004a20:	a811      	add	r0, sp, #68	@ 0x44
10004a22:	f7ff f9d9 	bl	10003dd8 <_atoi>
10004a26:	0004      	movs	r4, r0
10004a28:	e7c4      	b.n	100049b4 <_vsnprintf+0xbc>
10004a2a:	2400      	movs	r4, #0
10004a2c:	e7f4      	b.n	10004a18 <_vsnprintf+0x120>
10004a2e:	2380      	movs	r3, #128	@ 0x80
10004a30:	005b      	lsls	r3, r3, #1
10004a32:	433b      	orrs	r3, r7
10004a34:	1c51      	adds	r1, r2, #1
10004a36:	9111      	str	r1, [sp, #68]	@ 0x44
10004a38:	7851      	ldrb	r1, [r2, #1]
10004a3a:	296c      	cmp	r1, #108	@ 0x6c
10004a3c:	d001      	beq.n	10004a42 <_vsnprintf+0x14a>
10004a3e:	001f      	movs	r7, r3
10004a40:	e018      	b.n	10004a74 <_vsnprintf+0x17c>
10004a42:	23c0      	movs	r3, #192	@ 0xc0
10004a44:	009b      	lsls	r3, r3, #2
10004a46:	431f      	orrs	r7, r3
10004a48:	3202      	adds	r2, #2
10004a4a:	9211      	str	r2, [sp, #68]	@ 0x44
10004a4c:	e012      	b.n	10004a74 <_vsnprintf+0x17c>
10004a4e:	2380      	movs	r3, #128	@ 0x80
10004a50:	433b      	orrs	r3, r7
10004a52:	1c51      	adds	r1, r2, #1
10004a54:	9111      	str	r1, [sp, #68]	@ 0x44
10004a56:	7851      	ldrb	r1, [r2, #1]
10004a58:	2968      	cmp	r1, #104	@ 0x68
10004a5a:	d001      	beq.n	10004a60 <_vsnprintf+0x168>
10004a5c:	001f      	movs	r7, r3
10004a5e:	e009      	b.n	10004a74 <_vsnprintf+0x17c>
10004a60:	23c0      	movs	r3, #192	@ 0xc0
10004a62:	431f      	orrs	r7, r3
10004a64:	3202      	adds	r2, #2
10004a66:	9211      	str	r2, [sp, #68]	@ 0x44
10004a68:	e004      	b.n	10004a74 <_vsnprintf+0x17c>
10004a6a:	2380      	movs	r3, #128	@ 0x80
10004a6c:	005b      	lsls	r3, r3, #1
10004a6e:	431f      	orrs	r7, r3
10004a70:	3201      	adds	r2, #1
10004a72:	9211      	str	r2, [sp, #68]	@ 0x44
10004a74:	9b11      	ldr	r3, [sp, #68]	@ 0x44
10004a76:	7818      	ldrb	r0, [r3, #0]
10004a78:	2867      	cmp	r0, #103	@ 0x67
10004a7a:	d818      	bhi.n	10004aae <_vsnprintf+0x1b6>
10004a7c:	2825      	cmp	r0, #37	@ 0x25
10004a7e:	d200      	bcs.n	10004a82 <_vsnprintf+0x18a>
10004a80:	e24c      	b.n	10004f1c <_vsnprintf+0x624>
10004a82:	0003      	movs	r3, r0
10004a84:	3b25      	subs	r3, #37	@ 0x25
10004a86:	b2da      	uxtb	r2, r3
10004a88:	2a42      	cmp	r2, #66	@ 0x42
10004a8a:	d900      	bls.n	10004a8e <_vsnprintf+0x196>
10004a8c:	e246      	b.n	10004f1c <_vsnprintf+0x624>
10004a8e:	0093      	lsls	r3, r2, #2
10004a90:	4a8a      	ldr	r2, [pc, #552]	@ (10004cbc <_vsnprintf+0x3c4>)
10004a92:	58d3      	ldr	r3, [r2, r3]
10004a94:	469f      	mov	pc, r3
10004a96:	2380      	movs	r3, #128	@ 0x80
10004a98:	009b      	lsls	r3, r3, #2
10004a9a:	431f      	orrs	r7, r3
10004a9c:	3201      	adds	r2, #1
10004a9e:	9211      	str	r2, [sp, #68]	@ 0x44
10004aa0:	e7e8      	b.n	10004a74 <_vsnprintf+0x17c>
10004aa2:	2380      	movs	r3, #128	@ 0x80
10004aa4:	005b      	lsls	r3, r3, #1
10004aa6:	431f      	orrs	r7, r3
10004aa8:	3201      	adds	r2, #1
10004aaa:	9211      	str	r2, [sp, #68]	@ 0x44
10004aac:	e7e2      	b.n	10004a74 <_vsnprintf+0x17c>
10004aae:	2878      	cmp	r0, #120	@ 0x78
10004ab0:	d900      	bls.n	10004ab4 <_vsnprintf+0x1bc>
10004ab2:	e233      	b.n	10004f1c <_vsnprintf+0x624>
10004ab4:	2869      	cmp	r0, #105	@ 0x69
10004ab6:	d200      	bcs.n	10004aba <_vsnprintf+0x1c2>
10004ab8:	e230      	b.n	10004f1c <_vsnprintf+0x624>
10004aba:	0002      	movs	r2, r0
10004abc:	3a69      	subs	r2, #105	@ 0x69
10004abe:	b2d2      	uxtb	r2, r2
10004ac0:	2301      	movs	r3, #1
10004ac2:	4093      	lsls	r3, r2
10004ac4:	4a7e      	ldr	r2, [pc, #504]	@ (10004cc0 <_vsnprintf+0x3c8>)
10004ac6:	4213      	tst	r3, r2
10004ac8:	d111      	bne.n	10004aee <_vsnprintf+0x1f6>
10004aca:	061a      	lsls	r2, r3, #24
10004acc:	d500      	bpl.n	10004ad0 <_vsnprintf+0x1d8>
10004ace:	e200      	b.n	10004ed2 <_vsnprintf+0x5da>
10004ad0:	055b      	lsls	r3, r3, #21
10004ad2:	d400      	bmi.n	10004ad6 <_vsnprintf+0x1de>
10004ad4:	e222      	b.n	10004f1c <_vsnprintf+0x624>
10004ad6:	9b1c      	ldr	r3, [sp, #112]	@ 0x70
10004ad8:	1d1a      	adds	r2, r3, #4
10004ada:	921c      	str	r2, [sp, #112]	@ 0x70
10004adc:	681b      	ldr	r3, [r3, #0]
10004ade:	469a      	mov	sl, r3
10004ae0:	2c00      	cmp	r4, #0
10004ae2:	d000      	beq.n	10004ae6 <_vsnprintf+0x1ee>
10004ae4:	e1b2      	b.n	10004e4c <_vsnprintf+0x554>
10004ae6:	2201      	movs	r2, #1
10004ae8:	4252      	negs	r2, r2
10004aea:	4653      	mov	r3, sl
10004aec:	e18e      	b.n	10004e0c <_vsnprintf+0x514>
10004aee:	286f      	cmp	r0, #111	@ 0x6f
10004af0:	d00e      	beq.n	10004b10 <_vsnprintf+0x218>
10004af2:	d806      	bhi.n	10004b02 <_vsnprintf+0x20a>
10004af4:	2858      	cmp	r0, #88	@ 0x58
10004af6:	d03d      	beq.n	10004b74 <_vsnprintf+0x27c>
10004af8:	2862      	cmp	r0, #98	@ 0x62
10004afa:	d104      	bne.n	10004b06 <_vsnprintf+0x20e>
10004afc:	2302      	movs	r3, #2
10004afe:	469c      	mov	ip, r3
10004b00:	e008      	b.n	10004b14 <_vsnprintf+0x21c>
10004b02:	2878      	cmp	r0, #120	@ 0x78
10004b04:	d039      	beq.n	10004b7a <_vsnprintf+0x282>
10004b06:	2310      	movs	r3, #16
10004b08:	439f      	bics	r7, r3
10004b0a:	3b06      	subs	r3, #6
10004b0c:	469c      	mov	ip, r3
10004b0e:	e001      	b.n	10004b14 <_vsnprintf+0x21c>
10004b10:	2308      	movs	r3, #8
10004b12:	469c      	mov	ip, r3
10004b14:	2858      	cmp	r0, #88	@ 0x58
10004b16:	d033      	beq.n	10004b80 <_vsnprintf+0x288>
10004b18:	2869      	cmp	r0, #105	@ 0x69
10004b1a:	d003      	beq.n	10004b24 <_vsnprintf+0x22c>
10004b1c:	2864      	cmp	r0, #100	@ 0x64
10004b1e:	d001      	beq.n	10004b24 <_vsnprintf+0x22c>
10004b20:	220c      	movs	r2, #12
10004b22:	4397      	bics	r7, r2
10004b24:	057a      	lsls	r2, r7, #21
10004b26:	d501      	bpl.n	10004b2c <_vsnprintf+0x234>
10004b28:	2201      	movs	r2, #1
10004b2a:	4397      	bics	r7, r2
10004b2c:	2869      	cmp	r0, #105	@ 0x69
10004b2e:	d02a      	beq.n	10004b86 <_vsnprintf+0x28e>
10004b30:	2864      	cmp	r0, #100	@ 0x64
10004b32:	d028      	beq.n	10004b86 <_vsnprintf+0x28e>
10004b34:	05ba      	lsls	r2, r7, #22
10004b36:	d500      	bpl.n	10004b3a <_vsnprintf+0x242>
10004b38:	e09f      	b.n	10004c7a <_vsnprintf+0x382>
10004b3a:	05fa      	lsls	r2, r7, #23
10004b3c:	d500      	bpl.n	10004b40 <_vsnprintf+0x248>
10004b3e:	e0c1      	b.n	10004cc4 <_vsnprintf+0x3cc>
10004b40:	067a      	lsls	r2, r7, #25
10004b42:	d400      	bmi.n	10004b46 <_vsnprintf+0x24e>
10004b44:	e0d3      	b.n	10004cee <_vsnprintf+0x3f6>
10004b46:	9a1c      	ldr	r2, [sp, #112]	@ 0x70
10004b48:	1d11      	adds	r1, r2, #4
10004b4a:	911c      	str	r1, [sp, #112]	@ 0x70
10004b4c:	6811      	ldr	r1, [r2, #0]
10004b4e:	22ff      	movs	r2, #255	@ 0xff
10004b50:	400a      	ands	r2, r1
10004b52:	9705      	str	r7, [sp, #20]
10004b54:	9b0b      	ldr	r3, [sp, #44]	@ 0x2c
10004b56:	9304      	str	r3, [sp, #16]
10004b58:	9403      	str	r4, [sp, #12]
10004b5a:	4663      	mov	r3, ip
10004b5c:	9302      	str	r3, [sp, #8]
10004b5e:	2300      	movs	r3, #0
10004b60:	9301      	str	r3, [sp, #4]
10004b62:	9200      	str	r2, [sp, #0]
10004b64:	465b      	mov	r3, fp
10004b66:	002a      	movs	r2, r5
10004b68:	4641      	mov	r1, r8
10004b6a:	0030      	movs	r0, r6
10004b6c:	f7ff fa25 	bl	10003fba <_ntoa_long>
10004b70:	0005      	movs	r5, r0
10004b72:	e027      	b.n	10004bc4 <_vsnprintf+0x2cc>
10004b74:	2310      	movs	r3, #16
10004b76:	469c      	mov	ip, r3
10004b78:	e7cc      	b.n	10004b14 <_vsnprintf+0x21c>
10004b7a:	2310      	movs	r3, #16
10004b7c:	469c      	mov	ip, r3
10004b7e:	e7c9      	b.n	10004b14 <_vsnprintf+0x21c>
10004b80:	2220      	movs	r2, #32
10004b82:	4317      	orrs	r7, r2
10004b84:	e7c8      	b.n	10004b18 <_vsnprintf+0x220>
10004b86:	05ba      	lsls	r2, r7, #22
10004b88:	d420      	bmi.n	10004bcc <_vsnprintf+0x2d4>
10004b8a:	05fa      	lsls	r2, r7, #23
10004b8c:	d450      	bmi.n	10004c30 <_vsnprintf+0x338>
10004b8e:	067a      	lsls	r2, r7, #25
10004b90:	d566      	bpl.n	10004c60 <_vsnprintf+0x368>
10004b92:	9a1c      	ldr	r2, [sp, #112]	@ 0x70
10004b94:	1d11      	adds	r1, r2, #4
10004b96:	911c      	str	r1, [sp, #112]	@ 0x70
10004b98:	6811      	ldr	r1, [r2, #0]
10004b9a:	22ff      	movs	r2, #255	@ 0xff
10004b9c:	400a      	ands	r2, r1
10004b9e:	17d0      	asrs	r0, r2, #31
10004ba0:	1811      	adds	r1, r2, r0
10004ba2:	4041      	eors	r1, r0
10004ba4:	9705      	str	r7, [sp, #20]
10004ba6:	9b0b      	ldr	r3, [sp, #44]	@ 0x2c
10004ba8:	9304      	str	r3, [sp, #16]
10004baa:	9403      	str	r4, [sp, #12]
10004bac:	4663      	mov	r3, ip
10004bae:	9302      	str	r3, [sp, #8]
10004bb0:	0fd2      	lsrs	r2, r2, #31
10004bb2:	9201      	str	r2, [sp, #4]
10004bb4:	9100      	str	r1, [sp, #0]
10004bb6:	465b      	mov	r3, fp
10004bb8:	002a      	movs	r2, r5
10004bba:	4641      	mov	r1, r8
10004bbc:	0030      	movs	r0, r6
10004bbe:	f7ff f9fc 	bl	10003fba <_ntoa_long>
10004bc2:	0005      	movs	r5, r0
10004bc4:	9b11      	ldr	r3, [sp, #68]	@ 0x44
10004bc6:	3301      	adds	r3, #1
10004bc8:	9311      	str	r3, [sp, #68]	@ 0x44
10004bca:	e6a5      	b.n	10004918 <_vsnprintf+0x20>
10004bcc:	9a1c      	ldr	r2, [sp, #112]	@ 0x70
10004bce:	3207      	adds	r2, #7
10004bd0:	2107      	movs	r1, #7
10004bd2:	438a      	bics	r2, r1
10004bd4:	0011      	movs	r1, r2
10004bd6:	3108      	adds	r1, #8
10004bd8:	911c      	str	r1, [sp, #112]	@ 0x70
10004bda:	6811      	ldr	r1, [r2, #0]
10004bdc:	6853      	ldr	r3, [r2, #4]
10004bde:	4699      	mov	r9, r3
10004be0:	17db      	asrs	r3, r3, #31
10004be2:	930c      	str	r3, [sp, #48]	@ 0x30
10004be4:	930d      	str	r3, [sp, #52]	@ 0x34
10004be6:	9a0c      	ldr	r2, [sp, #48]	@ 0x30
10004be8:	9b0d      	ldr	r3, [sp, #52]	@ 0x34
10004bea:	0010      	movs	r0, r2
10004bec:	4048      	eors	r0, r1
10004bee:	900e      	str	r0, [sp, #56]	@ 0x38
10004bf0:	464a      	mov	r2, r9
10004bf2:	4053      	eors	r3, r2
10004bf4:	930f      	str	r3, [sp, #60]	@ 0x3c
10004bf6:	980e      	ldr	r0, [sp, #56]	@ 0x38
10004bf8:	990f      	ldr	r1, [sp, #60]	@ 0x3c
10004bfa:	9a0c      	ldr	r2, [sp, #48]	@ 0x30
10004bfc:	9b0d      	ldr	r3, [sp, #52]	@ 0x34
10004bfe:	1a80      	subs	r0, r0, r2
10004c00:	4199      	sbcs	r1, r3
10004c02:	900e      	str	r0, [sp, #56]	@ 0x38
10004c04:	910f      	str	r1, [sp, #60]	@ 0x3c
10004c06:	9708      	str	r7, [sp, #32]
10004c08:	9b0b      	ldr	r3, [sp, #44]	@ 0x2c
10004c0a:	9307      	str	r3, [sp, #28]
10004c0c:	9406      	str	r4, [sp, #24]
10004c0e:	4663      	mov	r3, ip
10004c10:	9304      	str	r3, [sp, #16]
10004c12:	2300      	movs	r3, #0
10004c14:	9305      	str	r3, [sp, #20]
10004c16:	464b      	mov	r3, r9
10004c18:	0fda      	lsrs	r2, r3, #31
10004c1a:	9202      	str	r2, [sp, #8]
10004c1c:	9000      	str	r0, [sp, #0]
10004c1e:	9101      	str	r1, [sp, #4]
10004c20:	465b      	mov	r3, fp
10004c22:	002a      	movs	r2, r5
10004c24:	4641      	mov	r1, r8
10004c26:	0030      	movs	r0, r6
10004c28:	f7ff fa25 	bl	10004076 <_ntoa_long_long>
10004c2c:	0005      	movs	r5, r0
10004c2e:	e7c9      	b.n	10004bc4 <_vsnprintf+0x2cc>
10004c30:	9a1c      	ldr	r2, [sp, #112]	@ 0x70
10004c32:	1d11      	adds	r1, r2, #4
10004c34:	911c      	str	r1, [sp, #112]	@ 0x70
10004c36:	6812      	ldr	r2, [r2, #0]
10004c38:	17d0      	asrs	r0, r2, #31
10004c3a:	1811      	adds	r1, r2, r0
10004c3c:	4041      	eors	r1, r0
10004c3e:	9705      	str	r7, [sp, #20]
10004c40:	9b0b      	ldr	r3, [sp, #44]	@ 0x2c
10004c42:	9304      	str	r3, [sp, #16]
10004c44:	9403      	str	r4, [sp, #12]
10004c46:	4663      	mov	r3, ip
10004c48:	9302      	str	r3, [sp, #8]
10004c4a:	0fd2      	lsrs	r2, r2, #31
10004c4c:	9201      	str	r2, [sp, #4]
10004c4e:	9100      	str	r1, [sp, #0]
10004c50:	465b      	mov	r3, fp
10004c52:	002a      	movs	r2, r5
10004c54:	4641      	mov	r1, r8
10004c56:	0030      	movs	r0, r6
10004c58:	f7ff f9af 	bl	10003fba <_ntoa_long>
10004c5c:	0005      	movs	r5, r0
10004c5e:	e7b1      	b.n	10004bc4 <_vsnprintf+0x2cc>
10004c60:	063a      	lsls	r2, r7, #24
10004c62:	d505      	bpl.n	10004c70 <_vsnprintf+0x378>
10004c64:	9a1c      	ldr	r2, [sp, #112]	@ 0x70
10004c66:	1d11      	adds	r1, r2, #4
10004c68:	911c      	str	r1, [sp, #112]	@ 0x70
10004c6a:	2300      	movs	r3, #0
10004c6c:	5ed2      	ldrsh	r2, [r2, r3]
10004c6e:	e796      	b.n	10004b9e <_vsnprintf+0x2a6>
10004c70:	9a1c      	ldr	r2, [sp, #112]	@ 0x70
10004c72:	1d11      	adds	r1, r2, #4
10004c74:	911c      	str	r1, [sp, #112]	@ 0x70
10004c76:	6812      	ldr	r2, [r2, #0]
10004c78:	e791      	b.n	10004b9e <_vsnprintf+0x2a6>
10004c7a:	9a1c      	ldr	r2, [sp, #112]	@ 0x70
10004c7c:	3207      	adds	r2, #7
10004c7e:	2107      	movs	r1, #7
10004c80:	438a      	bics	r2, r1
10004c82:	0011      	movs	r1, r2
10004c84:	3108      	adds	r1, #8
10004c86:	911c      	str	r1, [sp, #112]	@ 0x70
10004c88:	9708      	str	r7, [sp, #32]
10004c8a:	9b0b      	ldr	r3, [sp, #44]	@ 0x2c
10004c8c:	9307      	str	r3, [sp, #28]
10004c8e:	9406      	str	r4, [sp, #24]
10004c90:	4663      	mov	r3, ip
10004c92:	9304      	str	r3, [sp, #16]
10004c94:	2300      	movs	r3, #0
10004c96:	9305      	str	r3, [sp, #20]
10004c98:	9302      	str	r3, [sp, #8]
10004c9a:	6853      	ldr	r3, [r2, #4]
10004c9c:	6812      	ldr	r2, [r2, #0]
10004c9e:	9200      	str	r2, [sp, #0]
10004ca0:	9301      	str	r3, [sp, #4]
10004ca2:	465b      	mov	r3, fp
10004ca4:	002a      	movs	r2, r5
10004ca6:	4641      	mov	r1, r8
10004ca8:	0030      	movs	r0, r6
10004caa:	f7ff f9e4 	bl	10004076 <_ntoa_long_long>
10004cae:	0005      	movs	r5, r0
10004cb0:	e788      	b.n	10004bc4 <_vsnprintf+0x2cc>
10004cb2:	46c0      	nop			@ (mov r8, r8)
10004cb4:	10009804 	.word	0x10009804
10004cb8:	10009848 	.word	0x10009848
10004cbc:	10009894 	.word	0x10009894
10004cc0:	00009041 	.word	0x00009041
10004cc4:	9a1c      	ldr	r2, [sp, #112]	@ 0x70
10004cc6:	1d11      	adds	r1, r2, #4
10004cc8:	911c      	str	r1, [sp, #112]	@ 0x70
10004cca:	9705      	str	r7, [sp, #20]
10004ccc:	9b0b      	ldr	r3, [sp, #44]	@ 0x2c
10004cce:	9304      	str	r3, [sp, #16]
10004cd0:	9403      	str	r4, [sp, #12]
10004cd2:	4663      	mov	r3, ip
10004cd4:	9302      	str	r3, [sp, #8]
10004cd6:	2300      	movs	r3, #0
10004cd8:	9301      	str	r3, [sp, #4]
10004cda:	6813      	ldr	r3, [r2, #0]
10004cdc:	9300      	str	r3, [sp, #0]
10004cde:	465b      	mov	r3, fp
10004ce0:	002a      	movs	r2, r5
10004ce2:	4641      	mov	r1, r8
10004ce4:	0030      	movs	r0, r6
10004ce6:	f7ff f968 	bl	10003fba <_ntoa_long>
10004cea:	0005      	movs	r5, r0
10004cec:	e76a      	b.n	10004bc4 <_vsnprintf+0x2cc>
10004cee:	063a      	lsls	r2, r7, #24
10004cf0:	d506      	bpl.n	10004d00 <_vsnprintf+0x408>
10004cf2:	9a1c      	ldr	r2, [sp, #112]	@ 0x70
10004cf4:	1d11      	adds	r1, r2, #4
10004cf6:	911c      	str	r1, [sp, #112]	@ 0x70
10004cf8:	6812      	ldr	r2, [r2, #0]
10004cfa:	0412      	lsls	r2, r2, #16
10004cfc:	0c12      	lsrs	r2, r2, #16
10004cfe:	e728      	b.n	10004b52 <_vsnprintf+0x25a>
10004d00:	9a1c      	ldr	r2, [sp, #112]	@ 0x70
10004d02:	1d11      	adds	r1, r2, #4
10004d04:	911c      	str	r1, [sp, #112]	@ 0x70
10004d06:	6812      	ldr	r2, [r2, #0]
10004d08:	e723      	b.n	10004b52 <_vsnprintf+0x25a>
10004d0a:	2846      	cmp	r0, #70	@ 0x46
10004d0c:	d019      	beq.n	10004d42 <_vsnprintf+0x44a>
10004d0e:	9b1c      	ldr	r3, [sp, #112]	@ 0x70
10004d10:	3307      	adds	r3, #7
10004d12:	2207      	movs	r2, #7
10004d14:	4393      	bics	r3, r2
10004d16:	001a      	movs	r2, r3
10004d18:	3208      	adds	r2, #8
10004d1a:	921c      	str	r2, [sp, #112]	@ 0x70
10004d1c:	9704      	str	r7, [sp, #16]
10004d1e:	9a0b      	ldr	r2, [sp, #44]	@ 0x2c
10004d20:	9203      	str	r2, [sp, #12]
10004d22:	9402      	str	r4, [sp, #8]
10004d24:	681a      	ldr	r2, [r3, #0]
10004d26:	685b      	ldr	r3, [r3, #4]
10004d28:	9200      	str	r2, [sp, #0]
10004d2a:	9301      	str	r3, [sp, #4]
10004d2c:	465b      	mov	r3, fp
10004d2e:	002a      	movs	r2, r5
10004d30:	4641      	mov	r1, r8
10004d32:	0030      	movs	r0, r6
10004d34:	f7ff fc36 	bl	100045a4 <_ftoa>
10004d38:	0005      	movs	r5, r0
10004d3a:	9b11      	ldr	r3, [sp, #68]	@ 0x44
10004d3c:	3301      	adds	r3, #1
10004d3e:	9311      	str	r3, [sp, #68]	@ 0x44
10004d40:	e5ea      	b.n	10004918 <_vsnprintf+0x20>
10004d42:	2320      	movs	r3, #32
10004d44:	431f      	orrs	r7, r3
10004d46:	e7e2      	b.n	10004d0e <_vsnprintf+0x416>
10004d48:	2867      	cmp	r0, #103	@ 0x67
10004d4a:	d001      	beq.n	10004d50 <_vsnprintf+0x458>
10004d4c:	2847      	cmp	r0, #71	@ 0x47
10004d4e:	d102      	bne.n	10004d56 <_vsnprintf+0x45e>
10004d50:	2380      	movs	r3, #128	@ 0x80
10004d52:	011b      	lsls	r3, r3, #4
10004d54:	431f      	orrs	r7, r3
10004d56:	2845      	cmp	r0, #69	@ 0x45
10004d58:	d001      	beq.n	10004d5e <_vsnprintf+0x466>
10004d5a:	2847      	cmp	r0, #71	@ 0x47
10004d5c:	d101      	bne.n	10004d62 <_vsnprintf+0x46a>
10004d5e:	2320      	movs	r3, #32
10004d60:	431f      	orrs	r7, r3
10004d62:	9b1c      	ldr	r3, [sp, #112]	@ 0x70
10004d64:	3307      	adds	r3, #7
10004d66:	2207      	movs	r2, #7
10004d68:	4393      	bics	r3, r2
10004d6a:	001a      	movs	r2, r3
10004d6c:	3208      	adds	r2, #8
10004d6e:	921c      	str	r2, [sp, #112]	@ 0x70
10004d70:	9704      	str	r7, [sp, #16]
10004d72:	9a0b      	ldr	r2, [sp, #44]	@ 0x2c
10004d74:	9203      	str	r2, [sp, #12]
10004d76:	9402      	str	r4, [sp, #8]
10004d78:	681a      	ldr	r2, [r3, #0]
10004d7a:	685b      	ldr	r3, [r3, #4]
10004d7c:	9200      	str	r2, [sp, #0]
10004d7e:	9301      	str	r3, [sp, #4]
10004d80:	465b      	mov	r3, fp
10004d82:	002a      	movs	r2, r5
10004d84:	4641      	mov	r1, r8
10004d86:	0030      	movs	r0, r6
10004d88:	f7ff f9fc 	bl	10004184 <_etoa>
10004d8c:	0005      	movs	r5, r0
10004d8e:	9b11      	ldr	r3, [sp, #68]	@ 0x44
10004d90:	3301      	adds	r3, #1
10004d92:	9311      	str	r3, [sp, #68]	@ 0x44
10004d94:	e5c0      	b.n	10004918 <_vsnprintf+0x20>
10004d96:	2302      	movs	r3, #2
10004d98:	001a      	movs	r2, r3
10004d9a:	403a      	ands	r2, r7
10004d9c:	4691      	mov	r9, r2
10004d9e:	423b      	tst	r3, r7
10004da0:	d01d      	beq.n	10004dde <_vsnprintf+0x4e6>
10004da2:	2401      	movs	r4, #1
10004da4:	9b1c      	ldr	r3, [sp, #112]	@ 0x70
10004da6:	1d1a      	adds	r2, r3, #4
10004da8:	921c      	str	r2, [sp, #112]	@ 0x70
10004daa:	1c6f      	adds	r7, r5, #1
10004dac:	7818      	ldrb	r0, [r3, #0]
10004dae:	465b      	mov	r3, fp
10004db0:	002a      	movs	r2, r5
10004db2:	4641      	mov	r1, r8
10004db4:	47b0      	blx	r6
10004db6:	464b      	mov	r3, r9
10004db8:	2b00      	cmp	r3, #0
10004dba:	d114      	bne.n	10004de6 <_vsnprintf+0x4ee>
10004dbc:	9b11      	ldr	r3, [sp, #68]	@ 0x44
10004dbe:	3301      	adds	r3, #1
10004dc0:	9311      	str	r3, [sp, #68]	@ 0x44
10004dc2:	003d      	movs	r5, r7
10004dc4:	e5a8      	b.n	10004918 <_vsnprintf+0x20>
10004dc6:	1c57      	adds	r7, r2, #1
10004dc8:	465b      	mov	r3, fp
10004dca:	4641      	mov	r1, r8
10004dcc:	2020      	movs	r0, #32
10004dce:	47b0      	blx	r6
10004dd0:	0023      	movs	r3, r4
10004dd2:	003a      	movs	r2, r7
10004dd4:	1c5c      	adds	r4, r3, #1
10004dd6:	429d      	cmp	r5, r3
10004dd8:	d8f5      	bhi.n	10004dc6 <_vsnprintf+0x4ce>
10004dda:	0015      	movs	r5, r2
10004ddc:	e7e2      	b.n	10004da4 <_vsnprintf+0x4ac>
10004dde:	2301      	movs	r3, #1
10004de0:	002a      	movs	r2, r5
10004de2:	9d0b      	ldr	r5, [sp, #44]	@ 0x2c
10004de4:	e7f6      	b.n	10004dd4 <_vsnprintf+0x4dc>
10004de6:	003a      	movs	r2, r7
10004de8:	46b1      	mov	r9, r6
10004dea:	9e0b      	ldr	r6, [sp, #44]	@ 0x2c
10004dec:	e006      	b.n	10004dfc <_vsnprintf+0x504>
10004dee:	1c57      	adds	r7, r2, #1
10004df0:	465b      	mov	r3, fp
10004df2:	4641      	mov	r1, r8
10004df4:	2020      	movs	r0, #32
10004df6:	47c8      	blx	r9
10004df8:	002c      	movs	r4, r5
10004dfa:	003a      	movs	r2, r7
10004dfc:	1c65      	adds	r5, r4, #1
10004dfe:	42a6      	cmp	r6, r4
10004e00:	d8f5      	bhi.n	10004dee <_vsnprintf+0x4f6>
10004e02:	0017      	movs	r7, r2
10004e04:	464e      	mov	r6, r9
10004e06:	e7d9      	b.n	10004dbc <_vsnprintf+0x4c4>
10004e08:	3301      	adds	r3, #1
10004e0a:	000a      	movs	r2, r1
10004e0c:	7819      	ldrb	r1, [r3, #0]
10004e0e:	2900      	cmp	r1, #0
10004e10:	d002      	beq.n	10004e18 <_vsnprintf+0x520>
10004e12:	1e51      	subs	r1, r2, #1
10004e14:	2a00      	cmp	r2, #0
10004e16:	d1f7      	bne.n	10004e08 <_vsnprintf+0x510>
10004e18:	4652      	mov	r2, sl
10004e1a:	1a9b      	subs	r3, r3, r2
10004e1c:	2280      	movs	r2, #128	@ 0x80
10004e1e:	00d2      	lsls	r2, r2, #3
10004e20:	0039      	movs	r1, r7
10004e22:	4011      	ands	r1, r2
10004e24:	4689      	mov	r9, r1
10004e26:	4217      	tst	r7, r2
10004e28:	d002      	beq.n	10004e30 <_vsnprintf+0x538>
10004e2a:	42a3      	cmp	r3, r4
10004e2c:	d900      	bls.n	10004e30 <_vsnprintf+0x538>
10004e2e:	0023      	movs	r3, r4
10004e30:	2202      	movs	r2, #2
10004e32:	0011      	movs	r1, r2
10004e34:	4039      	ands	r1, r7
10004e36:	9110      	str	r1, [sp, #64]	@ 0x40
10004e38:	423a      	tst	r2, r7
10004e3a:	d009      	beq.n	10004e50 <_vsnprintf+0x558>
10004e3c:	002a      	movs	r2, r5
10004e3e:	0025      	movs	r5, r4
10004e40:	4657      	mov	r7, sl
10004e42:	469a      	mov	sl, r3
10004e44:	0033      	movs	r3, r6
10004e46:	464e      	mov	r6, r9
10004e48:	4699      	mov	r9, r3
10004e4a:	e021      	b.n	10004e90 <_vsnprintf+0x598>
10004e4c:	0022      	movs	r2, r4
10004e4e:	e64c      	b.n	10004aea <_vsnprintf+0x1f2>
10004e50:	002a      	movs	r2, r5
10004e52:	4645      	mov	r5, r8
10004e54:	46a0      	mov	r8, r4
10004e56:	e006      	b.n	10004e66 <_vsnprintf+0x56e>
10004e58:	1c54      	adds	r4, r2, #1
10004e5a:	465b      	mov	r3, fp
10004e5c:	0029      	movs	r1, r5
10004e5e:	2020      	movs	r0, #32
10004e60:	47b0      	blx	r6
10004e62:	003b      	movs	r3, r7
10004e64:	0022      	movs	r2, r4
10004e66:	1c5f      	adds	r7, r3, #1
10004e68:	990b      	ldr	r1, [sp, #44]	@ 0x2c
10004e6a:	4299      	cmp	r1, r3
10004e6c:	d8f4      	bhi.n	10004e58 <_vsnprintf+0x560>
10004e6e:	4644      	mov	r4, r8
10004e70:	46a8      	mov	r8, r5
10004e72:	003b      	movs	r3, r7
10004e74:	0025      	movs	r5, r4
10004e76:	4657      	mov	r7, sl
10004e78:	469a      	mov	sl, r3
10004e7a:	0033      	movs	r3, r6
10004e7c:	464e      	mov	r6, r9
10004e7e:	4699      	mov	r9, r3
10004e80:	e006      	b.n	10004e90 <_vsnprintf+0x598>
10004e82:	001d      	movs	r5, r3
10004e84:	3701      	adds	r7, #1
10004e86:	1c54      	adds	r4, r2, #1
10004e88:	465b      	mov	r3, fp
10004e8a:	4641      	mov	r1, r8
10004e8c:	47c8      	blx	r9
10004e8e:	0022      	movs	r2, r4
10004e90:	7838      	ldrb	r0, [r7, #0]
10004e92:	2800      	cmp	r0, #0
10004e94:	d004      	beq.n	10004ea0 <_vsnprintf+0x5a8>
10004e96:	2e00      	cmp	r6, #0
10004e98:	d0f4      	beq.n	10004e84 <_vsnprintf+0x58c>
10004e9a:	1e6b      	subs	r3, r5, #1
10004e9c:	2d00      	cmp	r5, #0
10004e9e:	d1f0      	bne.n	10004e82 <_vsnprintf+0x58a>
10004ea0:	0015      	movs	r5, r2
10004ea2:	4653      	mov	r3, sl
10004ea4:	464e      	mov	r6, r9
10004ea6:	9a10      	ldr	r2, [sp, #64]	@ 0x40
10004ea8:	2a00      	cmp	r2, #0
10004eaa:	d103      	bne.n	10004eb4 <_vsnprintf+0x5bc>
10004eac:	9b11      	ldr	r3, [sp, #68]	@ 0x44
10004eae:	3301      	adds	r3, #1
10004eb0:	9311      	str	r3, [sp, #68]	@ 0x44
10004eb2:	e531      	b.n	10004918 <_vsnprintf+0x20>
10004eb4:	9f0b      	ldr	r7, [sp, #44]	@ 0x2c
10004eb6:	002a      	movs	r2, r5
10004eb8:	e006      	b.n	10004ec8 <_vsnprintf+0x5d0>
10004eba:	1c55      	adds	r5, r2, #1
10004ebc:	465b      	mov	r3, fp
10004ebe:	4641      	mov	r1, r8
10004ec0:	2020      	movs	r0, #32
10004ec2:	47b0      	blx	r6
10004ec4:	0023      	movs	r3, r4
10004ec6:	002a      	movs	r2, r5
10004ec8:	1c5c      	adds	r4, r3, #1
10004eca:	429f      	cmp	r7, r3
10004ecc:	d8f5      	bhi.n	10004eba <_vsnprintf+0x5c2>
10004ece:	0015      	movs	r5, r2
10004ed0:	e7ec      	b.n	10004eac <_vsnprintf+0x5b4>
10004ed2:	2321      	movs	r3, #33	@ 0x21
10004ed4:	433b      	orrs	r3, r7
10004ed6:	9a1c      	ldr	r2, [sp, #112]	@ 0x70
10004ed8:	1d11      	adds	r1, r2, #4
10004eda:	911c      	str	r1, [sp, #112]	@ 0x70
10004edc:	6812      	ldr	r2, [r2, #0]
10004ede:	9305      	str	r3, [sp, #20]
10004ee0:	2308      	movs	r3, #8
10004ee2:	9304      	str	r3, [sp, #16]
10004ee4:	9403      	str	r4, [sp, #12]
10004ee6:	3308      	adds	r3, #8
10004ee8:	9302      	str	r3, [sp, #8]
10004eea:	2300      	movs	r3, #0
10004eec:	9301      	str	r3, [sp, #4]
10004eee:	9200      	str	r2, [sp, #0]
10004ef0:	465b      	mov	r3, fp
10004ef2:	002a      	movs	r2, r5
10004ef4:	4641      	mov	r1, r8
10004ef6:	0030      	movs	r0, r6
10004ef8:	f7ff f85f 	bl	10003fba <_ntoa_long>
10004efc:	0005      	movs	r5, r0
10004efe:	9b11      	ldr	r3, [sp, #68]	@ 0x44
10004f00:	3301      	adds	r3, #1
10004f02:	9311      	str	r3, [sp, #68]	@ 0x44
10004f04:	e508      	b.n	10004918 <_vsnprintf+0x20>
10004f06:	1c6c      	adds	r4, r5, #1
10004f08:	465b      	mov	r3, fp
10004f0a:	002a      	movs	r2, r5
10004f0c:	4641      	mov	r1, r8
10004f0e:	2025      	movs	r0, #37	@ 0x25
10004f10:	47b0      	blx	r6
10004f12:	9b11      	ldr	r3, [sp, #68]	@ 0x44
10004f14:	3301      	adds	r3, #1
10004f16:	9311      	str	r3, [sp, #68]	@ 0x44
10004f18:	0025      	movs	r5, r4
10004f1a:	e4fd      	b.n	10004918 <_vsnprintf+0x20>
10004f1c:	1c6c      	adds	r4, r5, #1
10004f1e:	465b      	mov	r3, fp
10004f20:	002a      	movs	r2, r5
10004f22:	4641      	mov	r1, r8
10004f24:	47b0      	blx	r6
10004f26:	9b11      	ldr	r3, [sp, #68]	@ 0x44
10004f28:	3301      	adds	r3, #1
10004f2a:	9311      	str	r3, [sp, #68]	@ 0x44
10004f2c:	0025      	movs	r5, r4
10004f2e:	e4f3      	b.n	10004918 <_vsnprintf+0x20>
10004f30:	4b0a      	ldr	r3, [pc, #40]	@ (10004f5c <_vsnprintf+0x664>)
10004f32:	469a      	mov	sl, r3
10004f34:	e4ee      	b.n	10004914 <_vsnprintf+0x1c>
10004f36:	46b2      	mov	sl, r6
10004f38:	455d      	cmp	r5, fp
10004f3a:	d30d      	bcc.n	10004f58 <_vsnprintf+0x660>
10004f3c:	465b      	mov	r3, fp
10004f3e:	1e5a      	subs	r2, r3, #1
10004f40:	465b      	mov	r3, fp
10004f42:	4641      	mov	r1, r8
10004f44:	2000      	movs	r0, #0
10004f46:	47d0      	blx	sl
10004f48:	0028      	movs	r0, r5
10004f4a:	b013      	add	sp, #76	@ 0x4c
10004f4c:	bcf0      	pop	{r4, r5, r6, r7}
10004f4e:	46bb      	mov	fp, r7
10004f50:	46b2      	mov	sl, r6
10004f52:	46a9      	mov	r9, r5
10004f54:	46a0      	mov	r8, r4
10004f56:	bdf0      	pop	{r4, r5, r6, r7, pc}
10004f58:	002a      	movs	r2, r5
10004f5a:	e7f1      	b.n	10004f40 <_vsnprintf+0x648>
10004f5c:	10003dc9 	.word	0x10003dc9

10004f60 <vfctprintf>:
10004f60:	b500      	push	{lr}
10004f62:	b085      	sub	sp, #20
10004f64:	9002      	str	r0, [sp, #8]
10004f66:	9103      	str	r1, [sp, #12]
10004f68:	2101      	movs	r1, #1
10004f6a:	4804      	ldr	r0, [pc, #16]	@ (10004f7c <vfctprintf+0x1c>)
10004f6c:	9300      	str	r3, [sp, #0]
10004f6e:	0013      	movs	r3, r2
10004f70:	424a      	negs	r2, r1
10004f72:	a902      	add	r1, sp, #8
10004f74:	f7ff fcc0 	bl	100048f8 <_vsnprintf>
10004f78:	b005      	add	sp, #20
10004f7a:	bd00      	pop	{pc}
10004f7c:	10003dcb 	.word	0x10003dcb

10004f80 <_exit>:
10004f80:	be00      	bkpt	0x0000
10004f82:	e7fd      	b.n	10004f80 <_exit>

10004f84 <exit>:
10004f84:	b510      	push	{r4, lr}
10004f86:	f7ff fffb 	bl	10004f80 <_exit>
	...

10004f8c <__assert_func>:
10004f8c:	b530      	push	{r4, r5, lr}
10004f8e:	b083      	sub	sp, #12
10004f90:	000d      	movs	r5, r1
10004f92:	0019      	movs	r1, r3
10004f94:	2a00      	cmp	r2, #0
10004f96:	d00b      	beq.n	10004fb0 <__assert_func+0x24>
10004f98:	4b07      	ldr	r3, [pc, #28]	@ (10004fb8 <__assert_func+0x2c>)
10004f9a:	4c08      	ldr	r4, [pc, #32]	@ (10004fbc <__assert_func+0x30>)
10004f9c:	9201      	str	r2, [sp, #4]
10004f9e:	9300      	str	r3, [sp, #0]
10004fa0:	002b      	movs	r3, r5
10004fa2:	0002      	movs	r2, r0
10004fa4:	0020      	movs	r0, r4
10004fa6:	f000 f961 	bl	1000526c <__wrap_printf>
10004faa:	2001      	movs	r0, #1
10004fac:	f7ff ffe8 	bl	10004f80 <_exit>
10004fb0:	4b03      	ldr	r3, [pc, #12]	@ (10004fc0 <__assert_func+0x34>)
10004fb2:	001a      	movs	r2, r3
10004fb4:	e7f1      	b.n	10004f9a <__assert_func+0xe>
10004fb6:	46c0      	nop			@ (mov r8, r8)
10004fb8:	1000909c 	.word	0x1000909c
10004fbc:	100090ac 	.word	0x100090ac
10004fc0:	100090a8 	.word	0x100090a8

10004fc4 <runtime_init>:
10004fc4:	b510      	push	{r4, lr}
10004fc6:	f3ef 8305 	mrs	r3, IPSR
10004fca:	2b00      	cmp	r3, #0
10004fcc:	d000      	beq.n	10004fd0 <runtime_init+0xc>
10004fce:	be00      	bkpt	0x0000
10004fd0:	f7fd f8de 	bl	10002190 <runtime_run_initializers>
10004fd4:	4c03      	ldr	r4, [pc, #12]	@ (10004fe4 <runtime_init+0x20>)
10004fd6:	e001      	b.n	10004fdc <runtime_init+0x18>
10004fd8:	cc08      	ldmia	r4!, {r3}
10004fda:	4798      	blx	r3
10004fdc:	4b02      	ldr	r3, [pc, #8]	@ (10004fe8 <runtime_init+0x24>)
10004fde:	429c      	cmp	r4, r3
10004fe0:	d3fa      	bcc.n	10004fd8 <runtime_init+0x14>
10004fe2:	bd10      	pop	{r4, pc}
10004fe4:	10008854 	.word	0x10008854
10004fe8:	10008860 	.word	0x10008860

10004fec <stdio_out_chars_no_crlf>:
10004fec:	b510      	push	{r4, lr}
10004fee:	0003      	movs	r3, r0
10004ff0:	0008      	movs	r0, r1
10004ff2:	0011      	movs	r1, r2
10004ff4:	681b      	ldr	r3, [r3, #0]
10004ff6:	4798      	blx	r3
10004ff8:	bd10      	pop	{r4, pc}
	...

10004ffc <stdio_out_chars_crlf>:
10004ffc:	b5f8      	push	{r3, r4, r5, r6, r7, lr}
10004ffe:	0007      	movs	r7, r0
10005000:	000d      	movs	r5, r1
10005002:	0016      	movs	r6, r2
10005004:	7d43      	ldrb	r3, [r0, #21]
10005006:	2b00      	cmp	r3, #0
10005008:	d002      	beq.n	10005010 <stdio_out_chars_crlf+0x14>
1000500a:	2400      	movs	r4, #0
1000500c:	2000      	movs	r0, #0
1000500e:	e00c      	b.n	1000502a <stdio_out_chars_crlf+0x2e>
10005010:	6803      	ldr	r3, [r0, #0]
10005012:	0011      	movs	r1, r2
10005014:	0028      	movs	r0, r5
10005016:	4798      	blx	r3
10005018:	e02d      	b.n	10005076 <stdio_out_chars_crlf+0x7a>
1000501a:	7d3b      	ldrb	r3, [r7, #20]
1000501c:	e010      	b.n	10005040 <stdio_out_chars_crlf+0x44>
1000501e:	683b      	ldr	r3, [r7, #0]
10005020:	4815      	ldr	r0, [pc, #84]	@ (10005078 <stdio_out_chars_crlf+0x7c>)
10005022:	2102      	movs	r1, #2
10005024:	4798      	blx	r3
10005026:	1c60      	adds	r0, r4, #1
10005028:	3401      	adds	r4, #1
1000502a:	42b4      	cmp	r4, r6
1000502c:	da14      	bge.n	10005058 <stdio_out_chars_crlf+0x5c>
1000502e:	2c00      	cmp	r4, #0
10005030:	ddf3      	ble.n	1000501a <stdio_out_chars_crlf+0x1e>
10005032:	192b      	adds	r3, r5, r4
10005034:	3b01      	subs	r3, #1
10005036:	781b      	ldrb	r3, [r3, #0]
10005038:	3b0d      	subs	r3, #13
1000503a:	425a      	negs	r2, r3
1000503c:	4153      	adcs	r3, r2
1000503e:	b2db      	uxtb	r3, r3
10005040:	5d2a      	ldrb	r2, [r5, r4]
10005042:	2a0a      	cmp	r2, #10
10005044:	d1f0      	bne.n	10005028 <stdio_out_chars_crlf+0x2c>
10005046:	2b00      	cmp	r3, #0
10005048:	d1ee      	bne.n	10005028 <stdio_out_chars_crlf+0x2c>
1000504a:	42a0      	cmp	r0, r4
1000504c:	dae7      	bge.n	1000501e <stdio_out_chars_crlf+0x22>
1000504e:	683b      	ldr	r3, [r7, #0]
10005050:	1a21      	subs	r1, r4, r0
10005052:	1828      	adds	r0, r5, r0
10005054:	4798      	blx	r3
10005056:	e7e2      	b.n	1000501e <stdio_out_chars_crlf+0x22>
10005058:	42b0      	cmp	r0, r6
1000505a:	da03      	bge.n	10005064 <stdio_out_chars_crlf+0x68>
1000505c:	683b      	ldr	r3, [r7, #0]
1000505e:	1a31      	subs	r1, r6, r0
10005060:	1828      	adds	r0, r5, r0
10005062:	4798      	blx	r3
10005064:	2e00      	cmp	r6, #0
10005066:	dd06      	ble.n	10005076 <stdio_out_chars_crlf+0x7a>
10005068:	19ad      	adds	r5, r5, r6
1000506a:	3d01      	subs	r5, #1
1000506c:	782b      	ldrb	r3, [r5, #0]
1000506e:	3b0d      	subs	r3, #13
10005070:	425a      	negs	r2, r3
10005072:	4153      	adcs	r3, r2
10005074:	753b      	strb	r3, [r7, #20]
10005076:	bdf8      	pop	{r3, r4, r5, r6, r7, pc}
10005078:	100099f0 	.word	0x100099f0

1000507c <stdio_stack_buffer_flush>:
1000507c:	b570      	push	{r4, r5, r6, lr}
1000507e:	0005      	movs	r5, r0
10005080:	6803      	ldr	r3, [r0, #0]
10005082:	2b00      	cmp	r3, #0
10005084:	d016      	beq.n	100050b4 <stdio_stack_buffer_flush+0x38>
10005086:	4b0c      	ldr	r3, [pc, #48]	@ (100050b8 <stdio_stack_buffer_flush+0x3c>)
10005088:	681c      	ldr	r4, [r3, #0]
1000508a:	e005      	b.n	10005098 <stdio_stack_buffer_flush+0x1c>
1000508c:	0029      	movs	r1, r5
1000508e:	c904      	ldmia	r1!, {r2}
10005090:	0020      	movs	r0, r4
10005092:	f7ff ffb3 	bl	10004ffc <stdio_out_chars_crlf>
10005096:	6924      	ldr	r4, [r4, #16]
10005098:	2c00      	cmp	r4, #0
1000509a:	d009      	beq.n	100050b0 <stdio_stack_buffer_flush+0x34>
1000509c:	6823      	ldr	r3, [r4, #0]
1000509e:	2b00      	cmp	r3, #0
100050a0:	d0f9      	beq.n	10005096 <stdio_stack_buffer_flush+0x1a>
100050a2:	4b06      	ldr	r3, [pc, #24]	@ (100050bc <stdio_stack_buffer_flush+0x40>)
100050a4:	681b      	ldr	r3, [r3, #0]
100050a6:	2b00      	cmp	r3, #0
100050a8:	d0f0      	beq.n	1000508c <stdio_stack_buffer_flush+0x10>
100050aa:	42a3      	cmp	r3, r4
100050ac:	d1f3      	bne.n	10005096 <stdio_stack_buffer_flush+0x1a>
100050ae:	e7ed      	b.n	1000508c <stdio_stack_buffer_flush+0x10>
100050b0:	2300      	movs	r3, #0
100050b2:	602b      	str	r3, [r5, #0]
100050b4:	bd70      	pop	{r4, r5, r6, pc}
100050b6:	46c0      	nop			@ (mov r8, r8)
100050b8:	20001734 	.word	0x20001734
100050bc:	2000173c 	.word	0x2000173c

100050c0 <stdio_buffered_printer>:
100050c0:	b570      	push	{r4, r5, r6, lr}
100050c2:	0005      	movs	r5, r0
100050c4:	000c      	movs	r4, r1
100050c6:	680b      	ldr	r3, [r1, #0]
100050c8:	2b80      	cmp	r3, #128	@ 0x80
100050ca:	d005      	beq.n	100050d8 <stdio_buffered_printer+0x18>
100050cc:	6823      	ldr	r3, [r4, #0]
100050ce:	1c5a      	adds	r2, r3, #1
100050d0:	6022      	str	r2, [r4, #0]
100050d2:	18e4      	adds	r4, r4, r3
100050d4:	7125      	strb	r5, [r4, #4]
100050d6:	bd70      	pop	{r4, r5, r6, pc}
100050d8:	0008      	movs	r0, r1
100050da:	f7ff ffcf 	bl	1000507c <stdio_stack_buffer_flush>
100050de:	e7f5      	b.n	100050cc <stdio_buffered_printer+0xc>

100050e0 <stdout_serialize_begin>:
100050e0:	b510      	push	{r4, lr}
100050e2:	f7fc fd8f 	bl	10001c04 <time_us_64>
100050e6:	4a07      	ldr	r2, [pc, #28]	@ (10005104 <stdout_serialize_begin+0x24>)
100050e8:	2300      	movs	r3, #0
100050ea:	1812      	adds	r2, r2, r0
100050ec:	414b      	adcs	r3, r1
100050ee:	2b00      	cmp	r3, #0
100050f0:	db03      	blt.n	100050fa <stdout_serialize_begin+0x1a>
100050f2:	4805      	ldr	r0, [pc, #20]	@ (10005108 <stdout_serialize_begin+0x28>)
100050f4:	f003 fb68 	bl	100087c8 <__mutex_try_enter_block_until_veneer>
100050f8:	bd10      	pop	{r4, pc}
100050fa:	2201      	movs	r2, #1
100050fc:	4252      	negs	r2, r2
100050fe:	4b03      	ldr	r3, [pc, #12]	@ (1000510c <stdout_serialize_begin+0x2c>)
10005100:	e7f7      	b.n	100050f2 <stdout_serialize_begin+0x12>
10005102:	46c0      	nop			@ (mov r8, r8)
10005104:	000f4240 	.word	0x000f4240
10005108:	20000cf0 	.word	0x20000cf0
1000510c:	7fffffff 	.word	0x7fffffff

10005110 <stdout_serialize_end>:
10005110:	b510      	push	{r4, lr}
10005112:	4802      	ldr	r0, [pc, #8]	@ (1000511c <stdout_serialize_end+0xc>)
10005114:	f003 fb20 	bl	10008758 <__mutex_exit_veneer>
10005118:	bd10      	pop	{r4, pc}
1000511a:	46c0      	nop			@ (mov r8, r8)
1000511c:	20000cf0 	.word	0x20000cf0

10005120 <stdio_put_string>:
10005120:	b5f0      	push	{r4, r5, r6, r7, lr}
10005122:	46ce      	mov	lr, r9
10005124:	4647      	mov	r7, r8
10005126:	b580      	push	{r7, lr}
10005128:	b083      	sub	sp, #12
1000512a:	0006      	movs	r6, r0
1000512c:	000d      	movs	r5, r1
1000512e:	4690      	mov	r8, r2
10005130:	001c      	movs	r4, r3
10005132:	f7ff ffd5 	bl	100050e0 <stdout_serialize_begin>
10005136:	4681      	mov	r9, r0
10005138:	1c6b      	adds	r3, r5, #1
1000513a:	d005      	beq.n	10005148 <stdio_put_string+0x28>
1000513c:	2c00      	cmp	r4, #0
1000513e:	d008      	beq.n	10005152 <stdio_put_string+0x32>
10005140:	4f18      	ldr	r7, [pc, #96]	@ (100051a4 <stdio_put_string+0x84>)
10005142:	4b19      	ldr	r3, [pc, #100]	@ (100051a8 <stdio_put_string+0x88>)
10005144:	681c      	ldr	r4, [r3, #0]
10005146:	e007      	b.n	10005158 <stdio_put_string+0x38>
10005148:	0030      	movs	r0, r6
1000514a:	f003 fa6f 	bl	1000862c <strlen>
1000514e:	0005      	movs	r5, r0
10005150:	e7f4      	b.n	1000513c <stdio_put_string+0x1c>
10005152:	4f16      	ldr	r7, [pc, #88]	@ (100051ac <stdio_put_string+0x8c>)
10005154:	e7f5      	b.n	10005142 <stdio_put_string+0x22>
10005156:	6924      	ldr	r4, [r4, #16]
10005158:	2c00      	cmp	r4, #0
1000515a:	d017      	beq.n	1000518c <stdio_put_string+0x6c>
1000515c:	6823      	ldr	r3, [r4, #0]
1000515e:	2b00      	cmp	r3, #0
10005160:	d0f9      	beq.n	10005156 <stdio_put_string+0x36>
10005162:	4b13      	ldr	r3, [pc, #76]	@ (100051b0 <stdio_put_string+0x90>)
10005164:	681b      	ldr	r3, [r3, #0]
10005166:	2b00      	cmp	r3, #0
10005168:	d001      	beq.n	1000516e <stdio_put_string+0x4e>
1000516a:	42a3      	cmp	r3, r4
1000516c:	d1f3      	bne.n	10005156 <stdio_put_string+0x36>
1000516e:	002a      	movs	r2, r5
10005170:	0031      	movs	r1, r6
10005172:	0020      	movs	r0, r4
10005174:	47b8      	blx	r7
10005176:	4643      	mov	r3, r8
10005178:	2b00      	cmp	r3, #0
1000517a:	d0ec      	beq.n	10005156 <stdio_put_string+0x36>
1000517c:	466b      	mov	r3, sp
1000517e:	1dd9      	adds	r1, r3, #7
10005180:	230a      	movs	r3, #10
10005182:	700b      	strb	r3, [r1, #0]
10005184:	2201      	movs	r2, #1
10005186:	0020      	movs	r0, r4
10005188:	47b8      	blx	r7
1000518a:	e7e4      	b.n	10005156 <stdio_put_string+0x36>
1000518c:	464b      	mov	r3, r9
1000518e:	2b00      	cmp	r3, #0
10005190:	d105      	bne.n	1000519e <stdio_put_string+0x7e>
10005192:	0028      	movs	r0, r5
10005194:	b003      	add	sp, #12
10005196:	bcc0      	pop	{r6, r7}
10005198:	46b9      	mov	r9, r7
1000519a:	46b0      	mov	r8, r6
1000519c:	bdf0      	pop	{r4, r5, r6, r7, pc}
1000519e:	f7ff ffb7 	bl	10005110 <stdout_serialize_end>
100051a2:	e7f6      	b.n	10005192 <stdio_put_string+0x72>
100051a4:	10004ffd 	.word	0x10004ffd
100051a8:	20001734 	.word	0x20001734
100051ac:	10004fed 	.word	0x10004fed
100051b0:	2000173c 	.word	0x2000173c

100051b4 <stdio_set_driver_enabled>:
100051b4:	4a09      	ldr	r2, [pc, #36]	@ (100051dc <stdio_set_driver_enabled+0x28>)
100051b6:	e001      	b.n	100051bc <stdio_set_driver_enabled+0x8>
100051b8:	3310      	adds	r3, #16
100051ba:	001a      	movs	r2, r3
100051bc:	6813      	ldr	r3, [r2, #0]
100051be:	2b00      	cmp	r3, #0
100051c0:	d008      	beq.n	100051d4 <stdio_set_driver_enabled+0x20>
100051c2:	4283      	cmp	r3, r0
100051c4:	d1f8      	bne.n	100051b8 <stdio_set_driver_enabled+0x4>
100051c6:	2900      	cmp	r1, #0
100051c8:	d107      	bne.n	100051da <stdio_set_driver_enabled+0x26>
100051ca:	6903      	ldr	r3, [r0, #16]
100051cc:	6013      	str	r3, [r2, #0]
100051ce:	2300      	movs	r3, #0
100051d0:	6103      	str	r3, [r0, #16]
100051d2:	e002      	b.n	100051da <stdio_set_driver_enabled+0x26>
100051d4:	2900      	cmp	r1, #0
100051d6:	d000      	beq.n	100051da <stdio_set_driver_enabled+0x26>
100051d8:	6010      	str	r0, [r2, #0]
100051da:	4770      	bx	lr
100051dc:	20001734 	.word	0x20001734

100051e0 <stdio_flush>:
100051e0:	b510      	push	{r4, lr}
100051e2:	4b06      	ldr	r3, [pc, #24]	@ (100051fc <stdio_flush+0x1c>)
100051e4:	681c      	ldr	r4, [r3, #0]
100051e6:	e001      	b.n	100051ec <stdio_flush+0xc>
100051e8:	4798      	blx	r3
100051ea:	6924      	ldr	r4, [r4, #16]
100051ec:	2c00      	cmp	r4, #0
100051ee:	d003      	beq.n	100051f8 <stdio_flush+0x18>
100051f0:	6863      	ldr	r3, [r4, #4]
100051f2:	2b00      	cmp	r3, #0
100051f4:	d1f8      	bne.n	100051e8 <stdio_flush+0x8>
100051f6:	e7f8      	b.n	100051ea <stdio_flush+0xa>
100051f8:	bd10      	pop	{r4, pc}
100051fa:	46c0      	nop			@ (mov r8, r8)
100051fc:	20001734 	.word	0x20001734

10005200 <stdio_init_all>:
10005200:	b510      	push	{r4, lr}
10005202:	f000 f945 	bl	10005490 <stdio_uart_init>
10005206:	f000 fae7 	bl	100057d8 <stdio_usb_init>
1000520a:	2001      	movs	r0, #1
1000520c:	bd10      	pop	{r4, pc}

1000520e <__wrap_puts>:
1000520e:	b570      	push	{r4, r5, r6, lr}
10005210:	0005      	movs	r5, r0
10005212:	f003 fa0b 	bl	1000862c <strlen>
10005216:	0004      	movs	r4, r0
10005218:	2301      	movs	r3, #1
1000521a:	2201      	movs	r2, #1
1000521c:	0001      	movs	r1, r0
1000521e:	0028      	movs	r0, r5
10005220:	f7ff ff7e 	bl	10005120 <stdio_put_string>
10005224:	f7ff ffdc 	bl	100051e0 <stdio_flush>
10005228:	0020      	movs	r0, r4
1000522a:	bd70      	pop	{r4, r5, r6, pc}

1000522c <__wrap_vprintf>:
1000522c:	b570      	push	{r4, r5, r6, lr}
1000522e:	b0a2      	sub	sp, #136	@ 0x88
10005230:	0004      	movs	r4, r0
10005232:	000e      	movs	r6, r1
10005234:	f7ff ff54 	bl	100050e0 <stdout_serialize_begin>
10005238:	0005      	movs	r5, r0
1000523a:	2300      	movs	r3, #0
1000523c:	9301      	str	r3, [sp, #4]
1000523e:	480a      	ldr	r0, [pc, #40]	@ (10005268 <__wrap_vprintf+0x3c>)
10005240:	0033      	movs	r3, r6
10005242:	0022      	movs	r2, r4
10005244:	a901      	add	r1, sp, #4
10005246:	f7ff fe8b 	bl	10004f60 <vfctprintf>
1000524a:	0004      	movs	r4, r0
1000524c:	a801      	add	r0, sp, #4
1000524e:	f7ff ff15 	bl	1000507c <stdio_stack_buffer_flush>
10005252:	f7ff ffc5 	bl	100051e0 <stdio_flush>
10005256:	2d00      	cmp	r5, #0
10005258:	d102      	bne.n	10005260 <__wrap_vprintf+0x34>
1000525a:	0020      	movs	r0, r4
1000525c:	b022      	add	sp, #136	@ 0x88
1000525e:	bd70      	pop	{r4, r5, r6, pc}
10005260:	f7ff ff56 	bl	10005110 <stdout_serialize_end>
10005264:	e7f9      	b.n	1000525a <__wrap_vprintf+0x2e>
10005266:	46c0      	nop			@ (mov r8, r8)
10005268:	100050c1 	.word	0x100050c1

1000526c <__wrap_printf>:
1000526c:	b40f      	push	{r0, r1, r2, r3}
1000526e:	b500      	push	{lr}
10005270:	b083      	sub	sp, #12
10005272:	a904      	add	r1, sp, #16
10005274:	c901      	ldmia	r1!, {r0}
10005276:	9101      	str	r1, [sp, #4]
10005278:	f7ff ffd8 	bl	1000522c <__wrap_vprintf>
1000527c:	b003      	add	sp, #12
1000527e:	bc08      	pop	{r3}
10005280:	b004      	add	sp, #16
10005282:	4718      	bx	r3

10005284 <uart_putc>:
10005284:	b510      	push	{r4, lr}
10005286:	b082      	sub	sp, #8
10005288:	000c      	movs	r4, r1
1000528a:	4b14      	ldr	r3, [pc, #80]	@ (100052dc <uart_putc+0x58>)
1000528c:	18c3      	adds	r3, r0, r3
1000528e:	425a      	negs	r2, r3
10005290:	4153      	adcs	r3, r2
10005292:	4a13      	ldr	r2, [pc, #76]	@ (100052e0 <uart_putc+0x5c>)
10005294:	005b      	lsls	r3, r3, #1
10005296:	5e9b      	ldrsh	r3, [r3, r2]
10005298:	428b      	cmp	r3, r1
1000529a:	d004      	beq.n	100052a6 <uart_putc+0x22>
1000529c:	466b      	mov	r3, sp
1000529e:	1dda      	adds	r2, r3, #7
100052a0:	7014      	strb	r4, [r2, #0]
100052a2:	2100      	movs	r1, #0
100052a4:	e015      	b.n	100052d2 <uart_putc+0x4e>
100052a6:	466b      	mov	r3, sp
100052a8:	1dda      	adds	r2, r3, #7
100052aa:	230d      	movs	r3, #13
100052ac:	7013      	strb	r3, [r2, #0]
100052ae:	2100      	movs	r1, #0
100052b0:	2900      	cmp	r1, #0
100052b2:	d1f3      	bne.n	1000529c <uart_putc+0x18>
100052b4:	6983      	ldr	r3, [r0, #24]
100052b6:	069b      	lsls	r3, r3, #26
100052b8:	d4fc      	bmi.n	100052b4 <uart_putc+0x30>
100052ba:	7813      	ldrb	r3, [r2, #0]
100052bc:	6003      	str	r3, [r0, #0]
100052be:	3101      	adds	r1, #1
100052c0:	3201      	adds	r2, #1
100052c2:	e7f5      	b.n	100052b0 <uart_putc+0x2c>
100052c4:	6983      	ldr	r3, [r0, #24]
100052c6:	069b      	lsls	r3, r3, #26
100052c8:	d4fc      	bmi.n	100052c4 <uart_putc+0x40>
100052ca:	7813      	ldrb	r3, [r2, #0]
100052cc:	6003      	str	r3, [r0, #0]
100052ce:	3101      	adds	r1, #1
100052d0:	3201      	adds	r2, #1
100052d2:	2900      	cmp	r1, #0
100052d4:	d0f6      	beq.n	100052c4 <uart_putc+0x40>
100052d6:	b002      	add	sp, #8
100052d8:	bd10      	pop	{r4, pc}
100052da:	46c0      	nop			@ (mov r8, r8)
100052dc:	bffc8000 	.word	0xbffc8000
100052e0:	20001d78 	.word	0x20001d78

100052e4 <uart_getc>:
100052e4:	b082      	sub	sp, #8
100052e6:	2200      	movs	r2, #0
100052e8:	466b      	mov	r3, sp
100052ea:	1dd9      	adds	r1, r3, #7
100052ec:	e006      	b.n	100052fc <uart_getc+0x18>
100052ee:	6983      	ldr	r3, [r0, #24]
100052f0:	06db      	lsls	r3, r3, #27
100052f2:	d4fc      	bmi.n	100052ee <uart_getc+0xa>
100052f4:	6803      	ldr	r3, [r0, #0]
100052f6:	700b      	strb	r3, [r1, #0]
100052f8:	3201      	adds	r2, #1
100052fa:	3101      	adds	r1, #1
100052fc:	2a00      	cmp	r2, #0
100052fe:	d0f6      	beq.n	100052ee <uart_getc+0xa>
10005300:	466b      	mov	r3, sp
10005302:	79d8      	ldrb	r0, [r3, #7]
10005304:	b002      	add	sp, #8
10005306:	4770      	bx	lr

10005308 <stdio_uart_out_chars>:
10005308:	b570      	push	{r4, r5, r6, lr}
1000530a:	0006      	movs	r6, r0
1000530c:	000d      	movs	r5, r1
1000530e:	2400      	movs	r4, #0
10005310:	e005      	b.n	1000531e <stdio_uart_out_chars+0x16>
10005312:	5d31      	ldrb	r1, [r6, r4]
10005314:	4b03      	ldr	r3, [pc, #12]	@ (10005324 <stdio_uart_out_chars+0x1c>)
10005316:	6818      	ldr	r0, [r3, #0]
10005318:	f7ff ffb4 	bl	10005284 <uart_putc>
1000531c:	3401      	adds	r4, #1
1000531e:	42ac      	cmp	r4, r5
10005320:	dbf7      	blt.n	10005312 <stdio_uart_out_chars+0xa>
10005322:	bd70      	pop	{r4, r5, r6, pc}
10005324:	20001d7c 	.word	0x20001d7c

10005328 <stdio_uart_in_chars>:
10005328:	b5f8      	push	{r3, r4, r5, r6, r7, lr}
1000532a:	0006      	movs	r6, r0
1000532c:	000d      	movs	r5, r1
1000532e:	2700      	movs	r7, #0
10005330:	e005      	b.n	1000533e <stdio_uart_in_chars+0x16>
10005332:	1c7c      	adds	r4, r7, #1
10005334:	19f7      	adds	r7, r6, r7
10005336:	f7ff ffd5 	bl	100052e4 <uart_getc>
1000533a:	7038      	strb	r0, [r7, #0]
1000533c:	0027      	movs	r7, r4
1000533e:	42af      	cmp	r7, r5
10005340:	da04      	bge.n	1000534c <stdio_uart_in_chars+0x24>
10005342:	4a0d      	ldr	r2, [pc, #52]	@ (10005378 <stdio_uart_in_chars+0x50>)
10005344:	6810      	ldr	r0, [r2, #0]
10005346:	6982      	ldr	r2, [r0, #24]
10005348:	06d2      	lsls	r2, r2, #27
1000534a:	d5f2      	bpl.n	10005332 <stdio_uart_in_chars+0xa>
1000534c:	4a0b      	ldr	r2, [pc, #44]	@ (1000537c <stdio_uart_in_chars+0x54>)
1000534e:	6812      	ldr	r2, [r2, #0]
10005350:	2a00      	cmp	r2, #0
10005352:	d00a      	beq.n	1000536a <stdio_uart_in_chars+0x42>
10005354:	4a08      	ldr	r2, [pc, #32]	@ (10005378 <stdio_uart_in_chars+0x50>)
10005356:	6812      	ldr	r2, [r2, #0]
10005358:	2150      	movs	r1, #80	@ 0x50
1000535a:	6391      	str	r1, [r2, #56]	@ 0x38
1000535c:	6b50      	ldr	r0, [r2, #52]	@ 0x34
1000535e:	3918      	subs	r1, #24
10005360:	4001      	ands	r1, r0
10005362:	4b07      	ldr	r3, [pc, #28]	@ (10005380 <stdio_uart_in_chars+0x58>)
10005364:	469c      	mov	ip, r3
10005366:	4462      	add	r2, ip
10005368:	6011      	str	r1, [r2, #0]
1000536a:	2f00      	cmp	r7, #0
1000536c:	d001      	beq.n	10005372 <stdio_uart_in_chars+0x4a>
1000536e:	0038      	movs	r0, r7
10005370:	bdf8      	pop	{r3, r4, r5, r6, r7, pc}
10005372:	3f03      	subs	r7, #3
10005374:	e7fb      	b.n	1000536e <stdio_uart_in_chars+0x46>
10005376:	46c0      	nop			@ (mov r8, r8)
10005378:	20001d7c 	.word	0x20001d7c
1000537c:	200016cc 	.word	0x200016cc
10005380:	00001034 	.word	0x00001034

10005384 <on_uart_rx>:
10005384:	b510      	push	{r4, lr}
10005386:	4b06      	ldr	r3, [pc, #24]	@ (100053a0 <on_uart_rx+0x1c>)
10005388:	681b      	ldr	r3, [r3, #0]
1000538a:	2b00      	cmp	r3, #0
1000538c:	d006      	beq.n	1000539c <on_uart_rx+0x18>
1000538e:	4a05      	ldr	r2, [pc, #20]	@ (100053a4 <on_uart_rx+0x20>)
10005390:	6812      	ldr	r2, [r2, #0]
10005392:	2100      	movs	r1, #0
10005394:	6391      	str	r1, [r2, #56]	@ 0x38
10005396:	4a04      	ldr	r2, [pc, #16]	@ (100053a8 <on_uart_rx+0x24>)
10005398:	6810      	ldr	r0, [r2, #0]
1000539a:	4798      	blx	r3
1000539c:	bd10      	pop	{r4, pc}
1000539e:	46c0      	nop			@ (mov r8, r8)
100053a0:	200016cc 	.word	0x200016cc
100053a4:	20001d7c 	.word	0x20001d7c
100053a8:	200016d4 	.word	0x200016d4

100053ac <stdio_uart_out_flush>:
100053ac:	4b02      	ldr	r3, [pc, #8]	@ (100053b8 <stdio_uart_out_flush+0xc>)
100053ae:	681a      	ldr	r2, [r3, #0]
100053b0:	6993      	ldr	r3, [r2, #24]
100053b2:	071b      	lsls	r3, r3, #28
100053b4:	d4fc      	bmi.n	100053b0 <stdio_uart_out_flush+0x4>
100053b6:	4770      	bx	lr
100053b8:	20001d7c 	.word	0x20001d7c

100053bc <stdio_uart_set_chars_available_callback>:
100053bc:	b570      	push	{r4, r5, r6, lr}
100053be:	4b1d      	ldr	r3, [pc, #116]	@ (10005434 <stdio_uart_set_chars_available_callback+0x78>)
100053c0:	681b      	ldr	r3, [r3, #0]
100053c2:	4a1d      	ldr	r2, [pc, #116]	@ (10005438 <stdio_uart_set_chars_available_callback+0x7c>)
100053c4:	4293      	cmp	r3, r2
100053c6:	d007      	beq.n	100053d8 <stdio_uart_set_chars_available_callback+0x1c>
100053c8:	2414      	movs	r4, #20
100053ca:	2800      	cmp	r0, #0
100053cc:	d01e      	beq.n	1000540c <stdio_uart_set_chars_available_callback+0x50>
100053ce:	4b1b      	ldr	r3, [pc, #108]	@ (1000543c <stdio_uart_set_chars_available_callback+0x80>)
100053d0:	681b      	ldr	r3, [r3, #0]
100053d2:	2b00      	cmp	r3, #0
100053d4:	d002      	beq.n	100053dc <stdio_uart_set_chars_available_callback+0x20>
100053d6:	bd70      	pop	{r4, r5, r6, pc}
100053d8:	2415      	movs	r4, #21
100053da:	e7f6      	b.n	100053ca <stdio_uart_set_chars_available_callback+0xe>
100053dc:	4b17      	ldr	r3, [pc, #92]	@ (1000543c <stdio_uart_set_chars_available_callback+0x80>)
100053de:	6018      	str	r0, [r3, #0]
100053e0:	4b17      	ldr	r3, [pc, #92]	@ (10005440 <stdio_uart_set_chars_available_callback+0x84>)
100053e2:	6019      	str	r1, [r3, #0]
100053e4:	4917      	ldr	r1, [pc, #92]	@ (10005444 <stdio_uart_set_chars_available_callback+0x88>)
100053e6:	0020      	movs	r0, r4
100053e8:	f7fb fcdc 	bl	10000da4 <irq_set_exclusive_handler>
100053ec:	2101      	movs	r1, #1
100053ee:	0020      	movs	r0, r4
100053f0:	f7fb fcb0 	bl	10000d54 <irq_set_enabled>
100053f4:	4b0f      	ldr	r3, [pc, #60]	@ (10005434 <stdio_uart_set_chars_available_callback+0x78>)
100053f6:	681b      	ldr	r3, [r3, #0]
100053f8:	2250      	movs	r2, #80	@ 0x50
100053fa:	639a      	str	r2, [r3, #56]	@ 0x38
100053fc:	6b59      	ldr	r1, [r3, #52]	@ 0x34
100053fe:	3a18      	subs	r2, #24
10005400:	400a      	ands	r2, r1
10005402:	4911      	ldr	r1, [pc, #68]	@ (10005448 <stdio_uart_set_chars_available_callback+0x8c>)
10005404:	468c      	mov	ip, r1
10005406:	4463      	add	r3, ip
10005408:	601a      	str	r2, [r3, #0]
1000540a:	e7e4      	b.n	100053d6 <stdio_uart_set_chars_available_callback+0x1a>
1000540c:	4a0b      	ldr	r2, [pc, #44]	@ (1000543c <stdio_uart_set_chars_available_callback+0x80>)
1000540e:	6812      	ldr	r2, [r2, #0]
10005410:	2a00      	cmp	r2, #0
10005412:	d0e0      	beq.n	100053d6 <stdio_uart_set_chars_available_callback+0x1a>
10005414:	2500      	movs	r5, #0
10005416:	639d      	str	r5, [r3, #56]	@ 0x38
10005418:	2100      	movs	r1, #0
1000541a:	0020      	movs	r0, r4
1000541c:	f7fb fc9a 	bl	10000d54 <irq_set_enabled>
10005420:	4908      	ldr	r1, [pc, #32]	@ (10005444 <stdio_uart_set_chars_available_callback+0x88>)
10005422:	0020      	movs	r0, r4
10005424:	f7fb fdf4 	bl	10001010 <irq_remove_handler>
10005428:	4b04      	ldr	r3, [pc, #16]	@ (1000543c <stdio_uart_set_chars_available_callback+0x80>)
1000542a:	601d      	str	r5, [r3, #0]
1000542c:	4b04      	ldr	r3, [pc, #16]	@ (10005440 <stdio_uart_set_chars_available_callback+0x84>)
1000542e:	601d      	str	r5, [r3, #0]
10005430:	e7d1      	b.n	100053d6 <stdio_uart_set_chars_available_callback+0x1a>
10005432:	46c0      	nop			@ (mov r8, r8)
10005434:	20001d7c 	.word	0x20001d7c
10005438:	40038000 	.word	0x40038000
1000543c:	200016cc 	.word	0x200016cc
10005440:	200016d4 	.word	0x200016d4
10005444:	10005385 	.word	0x10005385
10005448:	00001034 	.word	0x00001034

1000544c <stdio_uart_init_full>:
1000544c:	b570      	push	{r4, r5, r6, lr}
1000544e:	000d      	movs	r5, r1
10005450:	001c      	movs	r4, r3
10005452:	4b0d      	ldr	r3, [pc, #52]	@ (10005488 <stdio_uart_init_full+0x3c>)
10005454:	6018      	str	r0, [r3, #0]
10005456:	2a00      	cmp	r2, #0
10005458:	da0b      	bge.n	10005472 <stdio_uart_init_full+0x26>
1000545a:	2c00      	cmp	r4, #0
1000545c:	da0e      	bge.n	1000547c <stdio_uart_init_full+0x30>
1000545e:	4b0a      	ldr	r3, [pc, #40]	@ (10005488 <stdio_uart_init_full+0x3c>)
10005460:	6818      	ldr	r0, [r3, #0]
10005462:	0029      	movs	r1, r5
10005464:	f7fc fc76 	bl	10001d54 <uart_init>
10005468:	4808      	ldr	r0, [pc, #32]	@ (1000548c <stdio_uart_init_full+0x40>)
1000546a:	2101      	movs	r1, #1
1000546c:	f7ff fea2 	bl	100051b4 <stdio_set_driver_enabled>
10005470:	bd70      	pop	{r4, r5, r6, pc}
10005472:	2102      	movs	r1, #2
10005474:	0010      	movs	r0, r2
10005476:	f7fb fac5 	bl	10000a04 <gpio_set_function>
1000547a:	e7ee      	b.n	1000545a <stdio_uart_init_full+0xe>
1000547c:	2102      	movs	r1, #2
1000547e:	0020      	movs	r0, r4
10005480:	f7fb fac0 	bl	10000a04 <gpio_set_function>
10005484:	e7eb      	b.n	1000545e <stdio_uart_init_full+0x12>
10005486:	46c0      	nop			@ (mov r8, r8)
10005488:	20001d7c 	.word	0x20001d7c
1000548c:	20000c90 	.word	0x20000c90

10005490 <stdio_uart_init>:
10005490:	b510      	push	{r4, lr}
10005492:	4b07      	ldr	r3, [pc, #28]	@ (100054b0 <stdio_uart_init+0x20>)
10005494:	781b      	ldrb	r3, [r3, #0]
10005496:	4b07      	ldr	r3, [pc, #28]	@ (100054b4 <stdio_uart_init+0x24>)
10005498:	781b      	ldrb	r3, [r3, #0]
1000549a:	4b07      	ldr	r3, [pc, #28]	@ (100054b8 <stdio_uart_init+0x28>)
1000549c:	781b      	ldrb	r3, [r3, #0]
1000549e:	21e1      	movs	r1, #225	@ 0xe1
100054a0:	2301      	movs	r3, #1
100054a2:	2200      	movs	r2, #0
100054a4:	0249      	lsls	r1, r1, #9
100054a6:	4805      	ldr	r0, [pc, #20]	@ (100054bc <stdio_uart_init+0x2c>)
100054a8:	f7ff ffd0 	bl	1000544c <stdio_uart_init_full>
100054ac:	bd10      	pop	{r4, pc}
100054ae:	46c0      	nop			@ (mov r8, r8)
100054b0:	10009ef4 	.word	0x10009ef4
100054b4:	10009ef0 	.word	0x10009ef0
100054b8:	10009eec 	.word	0x10009eec
100054bc:	40034000 	.word	0x40034000

100054c0 <resetd_init>:
100054c0:	4770      	bx	lr
	...

100054c4 <resetd_reset>:
100054c4:	4b01      	ldr	r3, [pc, #4]	@ (100054cc <resetd_reset+0x8>)
100054c6:	2200      	movs	r2, #0
100054c8:	701a      	strb	r2, [r3, #0]
100054ca:	4770      	bx	lr
100054cc:	20001d97 	.word	0x20001d97

100054d0 <resetd_open>:
100054d0:	794b      	ldrb	r3, [r1, #5]
100054d2:	2bff      	cmp	r3, #255	@ 0xff
100054d4:	d10c      	bne.n	100054f0 <resetd_open+0x20>
100054d6:	798b      	ldrb	r3, [r1, #6]
100054d8:	2b00      	cmp	r3, #0
100054da:	d10b      	bne.n	100054f4 <resetd_open+0x24>
100054dc:	79cb      	ldrb	r3, [r1, #7]
100054de:	2b01      	cmp	r3, #1
100054e0:	d10a      	bne.n	100054f8 <resetd_open+0x28>
100054e2:	2a08      	cmp	r2, #8
100054e4:	d90a      	bls.n	100054fc <resetd_open+0x2c>
100054e6:	788a      	ldrb	r2, [r1, #2]
100054e8:	4b05      	ldr	r3, [pc, #20]	@ (10005500 <resetd_open+0x30>)
100054ea:	701a      	strb	r2, [r3, #0]
100054ec:	2009      	movs	r0, #9
100054ee:	e000      	b.n	100054f2 <resetd_open+0x22>
100054f0:	2000      	movs	r0, #0
100054f2:	4770      	bx	lr
100054f4:	2000      	movs	r0, #0
100054f6:	e7fc      	b.n	100054f2 <resetd_open+0x22>
100054f8:	2000      	movs	r0, #0
100054fa:	e7fa      	b.n	100054f2 <resetd_open+0x22>
100054fc:	2000      	movs	r0, #0
100054fe:	e7f8      	b.n	100054f2 <resetd_open+0x22>
10005500:	20001d97 	.word	0x20001d97

10005504 <resetd_xfer_cb>:
10005504:	2001      	movs	r0, #1
10005506:	4770      	bx	lr

10005508 <resetd_control_xfer_cb>:
10005508:	b510      	push	{r4, lr}
1000550a:	2901      	cmp	r1, #1
1000550c:	d128      	bne.n	10005560 <resetd_control_xfer_cb+0x58>
1000550e:	7911      	ldrb	r1, [r2, #4]
10005510:	7953      	ldrb	r3, [r2, #5]
10005512:	021b      	lsls	r3, r3, #8
10005514:	430b      	orrs	r3, r1
10005516:	4913      	ldr	r1, [pc, #76]	@ (10005564 <resetd_control_xfer_cb+0x5c>)
10005518:	7809      	ldrb	r1, [r1, #0]
1000551a:	428b      	cmp	r3, r1
1000551c:	d001      	beq.n	10005522 <resetd_control_xfer_cb+0x1a>
1000551e:	2000      	movs	r0, #0
10005520:	e01f      	b.n	10005562 <resetd_control_xfer_cb+0x5a>
10005522:	7853      	ldrb	r3, [r2, #1]
10005524:	2b01      	cmp	r3, #1
10005526:	d003      	beq.n	10005530 <resetd_control_xfer_cb+0x28>
10005528:	2b02      	cmp	r3, #2
1000552a:	d012      	beq.n	10005552 <resetd_control_xfer_cb+0x4a>
1000552c:	2000      	movs	r0, #0
1000552e:	e018      	b.n	10005562 <resetd_control_xfer_cb+0x5a>
10005530:	7891      	ldrb	r1, [r2, #2]
10005532:	78d3      	ldrb	r3, [r2, #3]
10005534:	021b      	lsls	r3, r3, #8
10005536:	4319      	orrs	r1, r3
10005538:	05db      	lsls	r3, r3, #23
1000553a:	d507      	bpl.n	1000554c <resetd_control_xfer_cb+0x44>
1000553c:	0a48      	lsrs	r0, r1, #9
1000553e:	0a4a      	lsrs	r2, r1, #9
10005540:	2301      	movs	r3, #1
10005542:	401a      	ands	r2, r3
10005544:	337e      	adds	r3, #126	@ 0x7e
10005546:	4019      	ands	r1, r3
10005548:	f7fc fdec 	bl	10002124 <rom_reset_usb_boot_extra>
1000554c:	2001      	movs	r0, #1
1000554e:	4240      	negs	r0, r0
10005550:	e7f5      	b.n	1000553e <resetd_control_xfer_cb+0x36>
10005552:	2264      	movs	r2, #100	@ 0x64
10005554:	2100      	movs	r1, #0
10005556:	2000      	movs	r0, #0
10005558:	f7fc fd8c 	bl	10002074 <watchdog_reboot>
1000555c:	2001      	movs	r0, #1
1000555e:	e000      	b.n	10005562 <resetd_control_xfer_cb+0x5a>
10005560:	2001      	movs	r0, #1
10005562:	bd10      	pop	{r4, pc}
10005564:	20001d97 	.word	0x20001d97

10005568 <tud_descriptor_bos_cb>:
10005568:	4800      	ldr	r0, [pc, #0]	@ (1000556c <tud_descriptor_bos_cb+0x4>)
1000556a:	4770      	bx	lr
1000556c:	10009ad8 	.word	0x10009ad8

10005570 <tud_vendor_control_xfer_cb>:
10005570:	b510      	push	{r4, lr}
10005572:	0014      	movs	r4, r2
10005574:	2901      	cmp	r1, #1
10005576:	d110      	bne.n	1000559a <tud_vendor_control_xfer_cb+0x2a>
10005578:	7853      	ldrb	r3, [r2, #1]
1000557a:	2b01      	cmp	r3, #1
1000557c:	d10f      	bne.n	1000559e <tud_vendor_control_xfer_cb+0x2e>
1000557e:	7912      	ldrb	r2, [r2, #4]
10005580:	7963      	ldrb	r3, [r4, #5]
10005582:	021b      	lsls	r3, r3, #8
10005584:	4313      	orrs	r3, r2
10005586:	2b07      	cmp	r3, #7
10005588:	d001      	beq.n	1000558e <tud_vendor_control_xfer_cb+0x1e>
1000558a:	2000      	movs	r0, #0
1000558c:	e006      	b.n	1000559c <tud_vendor_control_xfer_cb+0x2c>
1000558e:	4a05      	ldr	r2, [pc, #20]	@ (100055a4 <tud_vendor_control_xfer_cb+0x34>)
10005590:	339f      	adds	r3, #159	@ 0x9f
10005592:	0021      	movs	r1, r4
10005594:	f001 fb5a 	bl	10006c4c <tud_control_xfer>
10005598:	e000      	b.n	1000559c <tud_vendor_control_xfer_cb+0x2c>
1000559a:	2001      	movs	r0, #1
1000559c:	bd10      	pop	{r4, pc}
1000559e:	2000      	movs	r0, #0
100055a0:	e7fc      	b.n	1000559c <tud_vendor_control_xfer_cb+0x2c>
100055a2:	46c0      	nop			@ (mov r8, r8)
100055a4:	10009a30 	.word	0x10009a30

100055a8 <usbd_app_driver_get_cb>:
100055a8:	2301      	movs	r3, #1
100055aa:	7003      	strb	r3, [r0, #0]
100055ac:	4800      	ldr	r0, [pc, #0]	@ (100055b0 <usbd_app_driver_get_cb+0x8>)
100055ae:	4770      	bx	lr
100055b0:	10009a10 	.word	0x10009a10

100055b4 <tud_cdc_line_coding_cb>:
100055b4:	b510      	push	{r4, lr}
100055b6:	780a      	ldrb	r2, [r1, #0]
100055b8:	784b      	ldrb	r3, [r1, #1]
100055ba:	021b      	lsls	r3, r3, #8
100055bc:	4313      	orrs	r3, r2
100055be:	788a      	ldrb	r2, [r1, #2]
100055c0:	0412      	lsls	r2, r2, #16
100055c2:	431a      	orrs	r2, r3
100055c4:	78cb      	ldrb	r3, [r1, #3]
100055c6:	061b      	lsls	r3, r3, #24
100055c8:	4313      	orrs	r3, r2
100055ca:	2296      	movs	r2, #150	@ 0x96
100055cc:	00d2      	lsls	r2, r2, #3
100055ce:	4293      	cmp	r3, r2
100055d0:	d000      	beq.n	100055d4 <tud_cdc_line_coding_cb+0x20>
100055d2:	bd10      	pop	{r4, pc}
100055d4:	2001      	movs	r0, #1
100055d6:	2200      	movs	r2, #0
100055d8:	0011      	movs	r1, r2
100055da:	4240      	negs	r0, r0
100055dc:	f7fc fda2 	bl	10002124 <rom_reset_usb_boot_extra>

100055e0 <stdio_usb_set_chars_available_callback>:
100055e0:	4b02      	ldr	r3, [pc, #8]	@ (100055ec <stdio_usb_set_chars_available_callback+0xc>)
100055e2:	6018      	str	r0, [r3, #0]
100055e4:	4b02      	ldr	r3, [pc, #8]	@ (100055f0 <stdio_usb_set_chars_available_callback+0x10>)
100055e6:	6019      	str	r1, [r3, #0]
100055e8:	4770      	bx	lr
100055ea:	46c0      	nop			@ (mov r8, r8)
100055ec:	200016d0 	.word	0x200016d0
100055f0:	200016d8 	.word	0x200016d8

100055f4 <stdio_usb_out_flush>:
100055f4:	b510      	push	{r4, lr}
100055f6:	f7fc fb05 	bl	10001c04 <time_us_64>
100055fa:	4a0e      	ldr	r2, [pc, #56]	@ (10005634 <stdio_usb_out_flush+0x40>)
100055fc:	2300      	movs	r3, #0
100055fe:	1812      	adds	r2, r2, r0
10005600:	414b      	adcs	r3, r1
10005602:	2b00      	cmp	r3, #0
10005604:	db12      	blt.n	1000562c <stdio_usb_out_flush+0x38>
10005606:	480c      	ldr	r0, [pc, #48]	@ (10005638 <stdio_usb_out_flush+0x44>)
10005608:	f003 f8de 	bl	100087c8 <__mutex_try_enter_block_until_veneer>
1000560c:	2800      	cmp	r0, #0
1000560e:	d00c      	beq.n	1000562a <stdio_usb_out_flush+0x36>
10005610:	2001      	movs	r0, #1
10005612:	2100      	movs	r1, #0
10005614:	4240      	negs	r0, r0
10005616:	f001 f9df 	bl	100069d8 <tud_task_ext>
1000561a:	2000      	movs	r0, #0
1000561c:	f001 fc84 	bl	10006f28 <tud_cdc_n_write_flush>
10005620:	2800      	cmp	r0, #0
10005622:	d1f5      	bne.n	10005610 <stdio_usb_out_flush+0x1c>
10005624:	4804      	ldr	r0, [pc, #16]	@ (10005638 <stdio_usb_out_flush+0x44>)
10005626:	f003 f897 	bl	10008758 <__mutex_exit_veneer>
1000562a:	bd10      	pop	{r4, pc}
1000562c:	2201      	movs	r2, #1
1000562e:	4252      	negs	r2, r2
10005630:	4b02      	ldr	r3, [pc, #8]	@ (1000563c <stdio_usb_out_flush+0x48>)
10005632:	e7e8      	b.n	10005606 <stdio_usb_out_flush+0x12>
10005634:	000f4240 	.word	0x000f4240
10005638:	20001d70 	.word	0x20001d70
1000563c:	7fffffff 	.word	0x7fffffff

10005640 <usb_irq>:
10005640:	b510      	push	{r4, lr}
10005642:	4b02      	ldr	r3, [pc, #8]	@ (1000564c <usb_irq+0xc>)
10005644:	7818      	ldrb	r0, [r3, #0]
10005646:	f7fb fb8f 	bl	10000d68 <irq_set_pending>
1000564a:	bd10      	pop	{r4, pc}
1000564c:	20001d98 	.word	0x20001d98

10005650 <timer_task>:
10005650:	b570      	push	{r4, r5, r6, lr}
10005652:	4b17      	ldr	r3, [pc, #92]	@ (100056b0 <timer_task+0x60>)
10005654:	681b      	ldr	r3, [r3, #0]
10005656:	2b00      	cmp	r3, #0
10005658:	d020      	beq.n	1000569c <timer_task+0x4c>
1000565a:	f3ef 8210 	mrs	r2, PRIMASK
1000565e:	b672      	cpsid	i
10005660:	0010      	movs	r0, r2
10005662:	6819      	ldr	r1, [r3, #0]
10005664:	2900      	cmp	r1, #0
10005666:	d0fc      	beq.n	10005662 <timer_task+0x12>
10005668:	f3bf 8f5f 	dmb	sy
1000566c:	4910      	ldr	r1, [pc, #64]	@ (100056b0 <timer_task+0x60>)
1000566e:	604a      	str	r2, [r1, #4]
10005670:	4b10      	ldr	r3, [pc, #64]	@ (100056b4 <timer_task+0x64>)
10005672:	2200      	movs	r2, #0
10005674:	701a      	strb	r2, [r3, #0]
10005676:	680b      	ldr	r3, [r1, #0]
10005678:	f3bf 8f5f 	dmb	sy
1000567c:	601a      	str	r2, [r3, #0]
1000567e:	f380 8810 	msr	PRIMASK, r0
10005682:	2400      	movs	r4, #0
10005684:	2500      	movs	r5, #0
10005686:	4b0c      	ldr	r3, [pc, #48]	@ (100056b8 <timer_task+0x68>)
10005688:	7818      	ldrb	r0, [r3, #0]
1000568a:	f7fb fb49 	bl	10000d20 <irq_is_enabled>
1000568e:	2800      	cmp	r0, #0
10005690:	d108      	bne.n	100056a4 <timer_task+0x54>
10005692:	2400      	movs	r4, #0
10005694:	2500      	movs	r5, #0
10005696:	0020      	movs	r0, r4
10005698:	0029      	movs	r1, r5
1000569a:	bd70      	pop	{r4, r5, r6, pc}
1000569c:	24fa      	movs	r4, #250	@ 0xfa
1000569e:	00a4      	lsls	r4, r4, #2
100056a0:	2500      	movs	r5, #0
100056a2:	e7f0      	b.n	10005686 <timer_task+0x36>
100056a4:	4b04      	ldr	r3, [pc, #16]	@ (100056b8 <timer_task+0x68>)
100056a6:	7818      	ldrb	r0, [r3, #0]
100056a8:	f7fb fb5e 	bl	10000d68 <irq_set_pending>
100056ac:	e7f3      	b.n	10005696 <timer_task+0x46>
100056ae:	46c0      	nop			@ (mov r8, r8)
100056b0:	20001b48 	.word	0x20001b48
100056b4:	20001d99 	.word	0x20001d99
100056b8:	20001d98 	.word	0x20001d98

100056bc <alarm_pool_add_alarm_in_us>:
100056bc:	b5f0      	push	{r4, r5, r6, r7, lr}
100056be:	b085      	sub	sp, #20
100056c0:	0006      	movs	r6, r0
100056c2:	0014      	movs	r4, r2
100056c4:	001d      	movs	r5, r3
100056c6:	ab0c      	add	r3, sp, #48	@ 0x30
100056c8:	781f      	ldrb	r7, [r3, #0]
100056ca:	f7fc fa9b 	bl	10001c04 <time_us_64>
100056ce:	0022      	movs	r2, r4
100056d0:	002b      	movs	r3, r5
100056d2:	1812      	adds	r2, r2, r0
100056d4:	414b      	adcs	r3, r1
100056d6:	2b00      	cmp	r3, #0
100056d8:	db09      	blt.n	100056ee <alarm_pool_add_alarm_in_us+0x32>
100056da:	9702      	str	r7, [sp, #8]
100056dc:	990b      	ldr	r1, [sp, #44]	@ 0x2c
100056de:	9101      	str	r1, [sp, #4]
100056e0:	990a      	ldr	r1, [sp, #40]	@ 0x28
100056e2:	9100      	str	r1, [sp, #0]
100056e4:	0030      	movs	r0, r6
100056e6:	f7fc f8a3 	bl	10001830 <alarm_pool_add_alarm_at>
100056ea:	b005      	add	sp, #20
100056ec:	bdf0      	pop	{r4, r5, r6, r7, pc}
100056ee:	2201      	movs	r2, #1
100056f0:	4252      	negs	r2, r2
100056f2:	4b01      	ldr	r3, [pc, #4]	@ (100056f8 <alarm_pool_add_alarm_in_us+0x3c>)
100056f4:	e7f1      	b.n	100056da <alarm_pool_add_alarm_in_us+0x1e>
100056f6:	46c0      	nop			@ (mov r8, r8)
100056f8:	7fffffff 	.word	0x7fffffff

100056fc <add_alarm_in_us>:
100056fc:	b5f0      	push	{r4, r5, r6, r7, lr}
100056fe:	46c6      	mov	lr, r8
10005700:	b500      	push	{lr}
10005702:	b084      	sub	sp, #16
10005704:	0005      	movs	r5, r0
10005706:	4688      	mov	r8, r1
10005708:	0016      	movs	r6, r2
1000570a:	001f      	movs	r7, r3
1000570c:	ab0a      	add	r3, sp, #40	@ 0x28
1000570e:	781c      	ldrb	r4, [r3, #0]
10005710:	f7fc f826 	bl	10001760 <alarm_pool_get_default>
10005714:	9402      	str	r4, [sp, #8]
10005716:	9701      	str	r7, [sp, #4]
10005718:	9600      	str	r6, [sp, #0]
1000571a:	002a      	movs	r2, r5
1000571c:	4643      	mov	r3, r8
1000571e:	f7ff ffcd 	bl	100056bc <alarm_pool_add_alarm_in_us>
10005722:	b004      	add	sp, #16
10005724:	bc80      	pop	{r7}
10005726:	46b8      	mov	r8, r7
10005728:	bdf0      	pop	{r4, r5, r6, r7, pc}
	...

1000572c <low_priority_worker_irq>:
1000572c:	b510      	push	{r4, lr}
1000572e:	b082      	sub	sp, #8
10005730:	4823      	ldr	r0, [pc, #140]	@ (100057c0 <low_priority_worker_irq+0x94>)
10005732:	2100      	movs	r1, #0
10005734:	f003 f838 	bl	100087a8 <__mutex_try_enter_veneer>
10005738:	2800      	cmp	r0, #0
1000573a:	d120      	bne.n	1000577e <low_priority_worker_irq+0x52>
1000573c:	4b21      	ldr	r3, [pc, #132]	@ (100057c4 <low_priority_worker_irq+0x98>)
1000573e:	681b      	ldr	r3, [r3, #0]
10005740:	2b00      	cmp	r3, #0
10005742:	d01a      	beq.n	1000577a <low_priority_worker_irq+0x4e>
10005744:	f3ef 8110 	mrs	r1, PRIMASK
10005748:	b672      	cpsid	i
1000574a:	0008      	movs	r0, r1
1000574c:	681a      	ldr	r2, [r3, #0]
1000574e:	2a00      	cmp	r2, #0
10005750:	d0fc      	beq.n	1000574c <low_priority_worker_irq+0x20>
10005752:	f3bf 8f5f 	dmb	sy
10005756:	4a1b      	ldr	r2, [pc, #108]	@ (100057c4 <low_priority_worker_irq+0x98>)
10005758:	6051      	str	r1, [r2, #4]
1000575a:	491b      	ldr	r1, [pc, #108]	@ (100057c8 <low_priority_worker_irq+0x9c>)
1000575c:	780b      	ldrb	r3, [r1, #0]
1000575e:	2401      	movs	r4, #1
10005760:	4063      	eors	r3, r4
10005762:	b2db      	uxtb	r3, r3
10005764:	2401      	movs	r4, #1
10005766:	700c      	strb	r4, [r1, #0]
10005768:	6812      	ldr	r2, [r2, #0]
1000576a:	f3bf 8f5f 	dmb	sy
1000576e:	2100      	movs	r1, #0
10005770:	6011      	str	r1, [r2, #0]
10005772:	f380 8810 	msr	PRIMASK, r0
10005776:	2b00      	cmp	r3, #0
10005778:	d117      	bne.n	100057aa <low_priority_worker_irq+0x7e>
1000577a:	b002      	add	sp, #8
1000577c:	bd10      	pop	{r4, pc}
1000577e:	2001      	movs	r0, #1
10005780:	2100      	movs	r1, #0
10005782:	4240      	negs	r0, r0
10005784:	f001 f928 	bl	100069d8 <tud_task_ext>
10005788:	2000      	movs	r0, #0
1000578a:	f001 fba5 	bl	10006ed8 <tud_cdc_n_available>
1000578e:	0004      	movs	r4, r0
10005790:	480b      	ldr	r0, [pc, #44]	@ (100057c0 <low_priority_worker_irq+0x94>)
10005792:	f002 ffe1 	bl	10008758 <__mutex_exit_veneer>
10005796:	2c00      	cmp	r4, #0
10005798:	d0ef      	beq.n	1000577a <low_priority_worker_irq+0x4e>
1000579a:	4b0c      	ldr	r3, [pc, #48]	@ (100057cc <low_priority_worker_irq+0xa0>)
1000579c:	681b      	ldr	r3, [r3, #0]
1000579e:	2b00      	cmp	r3, #0
100057a0:	d0eb      	beq.n	1000577a <low_priority_worker_irq+0x4e>
100057a2:	4a0b      	ldr	r2, [pc, #44]	@ (100057d0 <low_priority_worker_irq+0xa4>)
100057a4:	6810      	ldr	r0, [r2, #0]
100057a6:	4798      	blx	r3
100057a8:	e7e7      	b.n	1000577a <low_priority_worker_irq+0x4e>
100057aa:	4a0a      	ldr	r2, [pc, #40]	@ (100057d4 <low_priority_worker_irq+0xa8>)
100057ac:	2301      	movs	r3, #1
100057ae:	9300      	str	r3, [sp, #0]
100057b0:	2300      	movs	r3, #0
100057b2:	20fa      	movs	r0, #250	@ 0xfa
100057b4:	0080      	lsls	r0, r0, #2
100057b6:	2100      	movs	r1, #0
100057b8:	f7ff ffa0 	bl	100056fc <add_alarm_in_us>
100057bc:	e7dd      	b.n	1000577a <low_priority_worker_irq+0x4e>
100057be:	46c0      	nop			@ (mov r8, r8)
100057c0:	20001d70 	.word	0x20001d70
100057c4:	20001b48 	.word	0x20001b48
100057c8:	20001d99 	.word	0x20001d99
100057cc:	200016d0 	.word	0x200016d0
100057d0:	200016d8 	.word	0x200016d8
100057d4:	10005651 	.word	0x10005651

100057d8 <stdio_usb_init>:
100057d8:	b510      	push	{r4, lr}
100057da:	b082      	sub	sp, #8
100057dc:	23d0      	movs	r3, #208	@ 0xd0
100057de:	061b      	lsls	r3, r3, #24
100057e0:	681c      	ldr	r4, [r3, #0]
100057e2:	f7fb ffbd 	bl	10001760 <alarm_pool_get_default>
100057e6:	f7fc f89d 	bl	10001924 <alarm_pool_core_num>
100057ea:	42a0      	cmp	r0, r4
100057ec:	d130      	bne.n	10005850 <stdio_usb_init+0x78>
100057ee:	4b27      	ldr	r3, [pc, #156]	@ (1000588c <stdio_usb_init+0xb4>)
100057f0:	781b      	ldrb	r3, [r3, #0]
100057f2:	2100      	movs	r1, #0
100057f4:	2000      	movs	r0, #0
100057f6:	f002 f861 	bl	100078bc <tusb_rhport_init>
100057fa:	4b25      	ldr	r3, [pc, #148]	@ (10005890 <stdio_usb_init+0xb8>)
100057fc:	681b      	ldr	r3, [r3, #0]
100057fe:	2b00      	cmp	r3, #0
10005800:	d02c      	beq.n	1000585c <stdio_usb_init+0x84>
10005802:	2001      	movs	r0, #1
10005804:	f7fb fd44 	bl	10001290 <user_irq_claim_unused>
10005808:	4c22      	ldr	r4, [pc, #136]	@ (10005894 <stdio_usb_init+0xbc>)
1000580a:	7020      	strb	r0, [r4, #0]
1000580c:	4922      	ldr	r1, [pc, #136]	@ (10005898 <stdio_usb_init+0xc0>)
1000580e:	23ff      	movs	r3, #255	@ 0xff
10005810:	4018      	ands	r0, r3
10005812:	f7fb fac7 	bl	10000da4 <irq_set_exclusive_handler>
10005816:	7820      	ldrb	r0, [r4, #0]
10005818:	2101      	movs	r1, #1
1000581a:	f7fb fa9b 	bl	10000d54 <irq_set_enabled>
1000581e:	2005      	movs	r0, #5
10005820:	f7fb fab2 	bl	10000d88 <irq_has_shared_handler>
10005824:	1e04      	subs	r4, r0, #0
10005826:	d01d      	beq.n	10005864 <stdio_usb_init+0x8c>
10005828:	2001      	movs	r0, #1
1000582a:	f7fb f9d5 	bl	10000bd8 <spin_lock_claim_unused>
1000582e:	0001      	movs	r1, r0
10005830:	4b1a      	ldr	r3, [pc, #104]	@ (1000589c <stdio_usb_init+0xc4>)
10005832:	0018      	movs	r0, r3
10005834:	f7fb fd8c 	bl	10001350 <critical_section_init_with_lock_num>
10005838:	4919      	ldr	r1, [pc, #100]	@ (100058a0 <stdio_usb_init+0xc8>)
1000583a:	2200      	movs	r2, #0
1000583c:	2005      	movs	r0, #5
1000583e:	f7fb fadb 	bl	10000df8 <irq_add_shared_handler>
10005842:	4818      	ldr	r0, [pc, #96]	@ (100058a4 <stdio_usb_init+0xcc>)
10005844:	2101      	movs	r1, #1
10005846:	f7ff fcb5 	bl	100051b4 <stdio_set_driver_enabled>
1000584a:	0020      	movs	r0, r4
1000584c:	b002      	add	sp, #8
1000584e:	bd10      	pop	{r4, pc}
10005850:	4b15      	ldr	r3, [pc, #84]	@ (100058a8 <stdio_usb_init+0xd0>)
10005852:	4a16      	ldr	r2, [pc, #88]	@ (100058ac <stdio_usb_init+0xd4>)
10005854:	4816      	ldr	r0, [pc, #88]	@ (100058b0 <stdio_usb_init+0xd8>)
10005856:	21c6      	movs	r1, #198	@ 0xc6
10005858:	f7ff fb98 	bl	10004f8c <__assert_func>
1000585c:	480c      	ldr	r0, [pc, #48]	@ (10005890 <stdio_usb_init+0xb8>)
1000585e:	f7fb fd35 	bl	100012cc <mutex_init>
10005862:	e7ce      	b.n	10005802 <stdio_usb_init+0x2a>
10005864:	480d      	ldr	r0, [pc, #52]	@ (1000589c <stdio_usb_init+0xc4>)
10005866:	2208      	movs	r2, #8
10005868:	2100      	movs	r1, #0
1000586a:	f7fe faa1 	bl	10003db0 <__wrap_memset>
1000586e:	4a11      	ldr	r2, [pc, #68]	@ (100058b4 <stdio_usb_init+0xdc>)
10005870:	2301      	movs	r3, #1
10005872:	9300      	str	r3, [sp, #0]
10005874:	2300      	movs	r3, #0
10005876:	20fa      	movs	r0, #250	@ 0xfa
10005878:	0080      	lsls	r0, r0, #2
1000587a:	2100      	movs	r1, #0
1000587c:	f7ff ff3e 	bl	100056fc <add_alarm_in_us>
10005880:	43c0      	mvns	r0, r0
10005882:	0fc4      	lsrs	r4, r0, #31
10005884:	2800      	cmp	r0, #0
10005886:	dae0      	bge.n	1000584a <stdio_usb_init+0x72>
10005888:	e7db      	b.n	10005842 <stdio_usb_init+0x6a>
1000588a:	46c0      	nop			@ (mov r8, r8)
1000588c:	10009ef8 	.word	0x10009ef8
10005890:	20001d70 	.word	0x20001d70
10005894:	20001d98 	.word	0x20001d98
10005898:	1000572d 	.word	0x1000572d
1000589c:	20001b48 	.word	0x20001b48
100058a0:	10005641 	.word	0x10005641
100058a4:	20000ca8 	.word	0x20000ca8
100058a8:	10008bfc 	.word	0x10008bfc
100058ac:	10009b08 	.word	0x10009b08
100058b0:	10009108 	.word	0x10009108
100058b4:	10005651 	.word	0x10005651

100058b8 <stdio_usb_connected>:
100058b8:	b510      	push	{r4, lr}
100058ba:	2000      	movs	r0, #0
100058bc:	f001 faf0 	bl	10006ea0 <tud_cdc_n_connected>
100058c0:	bd10      	pop	{r4, pc}
	...

100058c4 <stdio_usb_in_chars>:
100058c4:	b570      	push	{r4, r5, r6, lr}
100058c6:	0005      	movs	r5, r0
100058c8:	000c      	movs	r4, r1
100058ca:	f7ff fff5 	bl	100058b8 <stdio_usb_connected>
100058ce:	2800      	cmp	r0, #0
100058d0:	d034      	beq.n	1000593c <stdio_usb_in_chars+0x78>
100058d2:	2000      	movs	r0, #0
100058d4:	f001 fb00 	bl	10006ed8 <tud_cdc_n_available>
100058d8:	2800      	cmp	r0, #0
100058da:	d032      	beq.n	10005942 <stdio_usb_in_chars+0x7e>
100058dc:	f7fc f992 	bl	10001c04 <time_us_64>
100058e0:	4a1b      	ldr	r2, [pc, #108]	@ (10005950 <stdio_usb_in_chars+0x8c>)
100058e2:	2300      	movs	r3, #0
100058e4:	1812      	adds	r2, r2, r0
100058e6:	414b      	adcs	r3, r1
100058e8:	2b00      	cmp	r3, #0
100058ea:	db19      	blt.n	10005920 <stdio_usb_in_chars+0x5c>
100058ec:	4819      	ldr	r0, [pc, #100]	@ (10005954 <stdio_usb_in_chars+0x90>)
100058ee:	f002 ff6b 	bl	100087c8 <__mutex_try_enter_block_until_veneer>
100058f2:	2800      	cmp	r0, #0
100058f4:	d028      	beq.n	10005948 <stdio_usb_in_chars+0x84>
100058f6:	f7ff ffdf 	bl	100058b8 <stdio_usb_connected>
100058fa:	2800      	cmp	r0, #0
100058fc:	d004      	beq.n	10005908 <stdio_usb_in_chars+0x44>
100058fe:	2000      	movs	r0, #0
10005900:	f001 faea 	bl	10006ed8 <tud_cdc_n_available>
10005904:	2800      	cmp	r0, #0
10005906:	d10f      	bne.n	10005928 <stdio_usb_in_chars+0x64>
10005908:	2001      	movs	r0, #1
1000590a:	2100      	movs	r1, #0
1000590c:	4240      	negs	r0, r0
1000590e:	f001 f863 	bl	100069d8 <tud_task_ext>
10005912:	2403      	movs	r4, #3
10005914:	4264      	negs	r4, r4
10005916:	480f      	ldr	r0, [pc, #60]	@ (10005954 <stdio_usb_in_chars+0x90>)
10005918:	f002 ff1e 	bl	10008758 <__mutex_exit_veneer>
1000591c:	0020      	movs	r0, r4
1000591e:	bd70      	pop	{r4, r5, r6, pc}
10005920:	2201      	movs	r2, #1
10005922:	4252      	negs	r2, r2
10005924:	4b0c      	ldr	r3, [pc, #48]	@ (10005958 <stdio_usb_in_chars+0x94>)
10005926:	e7e1      	b.n	100058ec <stdio_usb_in_chars+0x28>
10005928:	0022      	movs	r2, r4
1000592a:	0029      	movs	r1, r5
1000592c:	2000      	movs	r0, #0
1000592e:	f001 fadf 	bl	10006ef0 <tud_cdc_n_read>
10005932:	1e04      	subs	r4, r0, #0
10005934:	d1ef      	bne.n	10005916 <stdio_usb_in_chars+0x52>
10005936:	2403      	movs	r4, #3
10005938:	4264      	negs	r4, r4
1000593a:	e7ec      	b.n	10005916 <stdio_usb_in_chars+0x52>
1000593c:	2403      	movs	r4, #3
1000593e:	4264      	negs	r4, r4
10005940:	e7ec      	b.n	1000591c <stdio_usb_in_chars+0x58>
10005942:	2403      	movs	r4, #3
10005944:	4264      	negs	r4, r4
10005946:	e7e9      	b.n	1000591c <stdio_usb_in_chars+0x58>
10005948:	2403      	movs	r4, #3
1000594a:	4264      	negs	r4, r4
1000594c:	e7e6      	b.n	1000591c <stdio_usb_in_chars+0x58>
1000594e:	46c0      	nop			@ (mov r8, r8)
10005950:	000f4240 	.word	0x000f4240
10005954:	20001d70 	.word	0x20001d70
10005958:	7fffffff 	.word	0x7fffffff

1000595c <stdio_usb_out_chars>:
1000595c:	b5f0      	push	{r4, r5, r6, r7, lr}
1000595e:	46c6      	mov	lr, r8
10005960:	b500      	push	{lr}
10005962:	4680      	mov	r8, r0
10005964:	000c      	movs	r4, r1
10005966:	f7fc f94d 	bl	10001c04 <time_us_64>
1000596a:	4a31      	ldr	r2, [pc, #196]	@ (10005a30 <stdio_usb_out_chars+0xd4>)
1000596c:	2300      	movs	r3, #0
1000596e:	1812      	adds	r2, r2, r0
10005970:	414b      	adcs	r3, r1
10005972:	2b00      	cmp	r3, #0
10005974:	db07      	blt.n	10005986 <stdio_usb_out_chars+0x2a>
10005976:	482f      	ldr	r0, [pc, #188]	@ (10005a34 <stdio_usb_out_chars+0xd8>)
10005978:	f002 ff26 	bl	100087c8 <__mutex_try_enter_block_until_veneer>
1000597c:	2800      	cmp	r0, #0
1000597e:	d106      	bne.n	1000598e <stdio_usb_out_chars+0x32>
10005980:	bc80      	pop	{r7}
10005982:	46b8      	mov	r8, r7
10005984:	bdf0      	pop	{r4, r5, r6, r7, pc}
10005986:	2201      	movs	r2, #1
10005988:	4252      	negs	r2, r2
1000598a:	4b2b      	ldr	r3, [pc, #172]	@ (10005a38 <stdio_usb_out_chars+0xdc>)
1000598c:	e7f3      	b.n	10005976 <stdio_usb_out_chars+0x1a>
1000598e:	f7ff ff93 	bl	100058b8 <stdio_usb_connected>
10005992:	2800      	cmp	r0, #0
10005994:	d149      	bne.n	10005a2a <stdio_usb_out_chars+0xce>
10005996:	4b29      	ldr	r3, [pc, #164]	@ (10005a3c <stdio_usb_out_chars+0xe0>)
10005998:	2000      	movs	r0, #0
1000599a:	2100      	movs	r1, #0
1000599c:	6018      	str	r0, [r3, #0]
1000599e:	6059      	str	r1, [r3, #4]
100059a0:	4824      	ldr	r0, [pc, #144]	@ (10005a34 <stdio_usb_out_chars+0xd8>)
100059a2:	f002 fed9 	bl	10008758 <__mutex_exit_veneer>
100059a6:	e7eb      	b.n	10005980 <stdio_usb_out_chars+0x24>
100059a8:	2001      	movs	r0, #1
100059aa:	2100      	movs	r1, #0
100059ac:	4240      	negs	r0, r0
100059ae:	f001 f813 	bl	100069d8 <tud_task_ext>
100059b2:	2000      	movs	r0, #0
100059b4:	f001 fab8 	bl	10006f28 <tud_cdc_n_write_flush>
100059b8:	f7ff ff7e 	bl	100058b8 <stdio_usb_connected>
100059bc:	2800      	cmp	r0, #0
100059be:	d0ef      	beq.n	100059a0 <stdio_usb_out_chars+0x44>
100059c0:	2000      	movs	r0, #0
100059c2:	f001 fb33 	bl	1000702c <tud_cdc_n_write_available>
100059c6:	2800      	cmp	r0, #0
100059c8:	d020      	beq.n	10005a0c <stdio_usb_out_chars+0xb0>
100059ca:	42a5      	cmp	r5, r4
100059cc:	dae8      	bge.n	100059a0 <stdio_usb_out_chars+0x44>
100059ce:	1b66      	subs	r6, r4, r5
100059d0:	2000      	movs	r0, #0
100059d2:	f001 fb2b 	bl	1000702c <tud_cdc_n_write_available>
100059d6:	0002      	movs	r2, r0
100059d8:	4286      	cmp	r6, r0
100059da:	dc00      	bgt.n	100059de <stdio_usb_out_chars+0x82>
100059dc:	0032      	movs	r2, r6
100059de:	2a00      	cmp	r2, #0
100059e0:	d0e2      	beq.n	100059a8 <stdio_usb_out_chars+0x4c>
100059e2:	4643      	mov	r3, r8
100059e4:	1959      	adds	r1, r3, r5
100059e6:	2000      	movs	r0, #0
100059e8:	f001 fafc 	bl	10006fe4 <tud_cdc_n_write>
100059ec:	0006      	movs	r6, r0
100059ee:	2001      	movs	r0, #1
100059f0:	2100      	movs	r1, #0
100059f2:	4240      	negs	r0, r0
100059f4:	f000 fff0 	bl	100069d8 <tud_task_ext>
100059f8:	2000      	movs	r0, #0
100059fa:	f001 fa95 	bl	10006f28 <tud_cdc_n_write_flush>
100059fe:	19ad      	adds	r5, r5, r6
10005a00:	f7fc f900 	bl	10001c04 <time_us_64>
10005a04:	4b0d      	ldr	r3, [pc, #52]	@ (10005a3c <stdio_usb_out_chars+0xe0>)
10005a06:	6018      	str	r0, [r3, #0]
10005a08:	6059      	str	r1, [r3, #4]
10005a0a:	e7de      	b.n	100059ca <stdio_usb_out_chars+0x6e>
10005a0c:	f7fc f8fa 	bl	10001c04 <time_us_64>
10005a10:	4b0a      	ldr	r3, [pc, #40]	@ (10005a3c <stdio_usb_out_chars+0xe0>)
10005a12:	681e      	ldr	r6, [r3, #0]
10005a14:	685f      	ldr	r7, [r3, #4]
10005a16:	4a0a      	ldr	r2, [pc, #40]	@ (10005a40 <stdio_usb_out_chars+0xe4>)
10005a18:	2300      	movs	r3, #0
10005a1a:	1992      	adds	r2, r2, r6
10005a1c:	417b      	adcs	r3, r7
10005a1e:	4299      	cmp	r1, r3
10005a20:	d8be      	bhi.n	100059a0 <stdio_usb_out_chars+0x44>
10005a22:	d1d2      	bne.n	100059ca <stdio_usb_out_chars+0x6e>
10005a24:	4290      	cmp	r0, r2
10005a26:	d9d0      	bls.n	100059ca <stdio_usb_out_chars+0x6e>
10005a28:	e7ba      	b.n	100059a0 <stdio_usb_out_chars+0x44>
10005a2a:	2500      	movs	r5, #0
10005a2c:	e7cd      	b.n	100059ca <stdio_usb_out_chars+0x6e>
10005a2e:	46c0      	nop			@ (mov r8, r8)
10005a30:	000f4240 	.word	0x000f4240
10005a34:	20001d70 	.word	0x20001d70
10005a38:	7fffffff 	.word	0x7fffffff
10005a3c:	20000e78 	.word	0x20000e78
10005a40:	0007a120 	.word	0x0007a120

10005a44 <tud_descriptor_device_cb>:
10005a44:	4800      	ldr	r0, [pc, #0]	@ (10005a48 <tud_descriptor_device_cb+0x4>)
10005a46:	4770      	bx	lr
10005a48:	10009b84 	.word	0x10009b84

10005a4c <tud_descriptor_configuration_cb>:
10005a4c:	4800      	ldr	r0, [pc, #0]	@ (10005a50 <tud_descriptor_configuration_cb+0x4>)
10005a4e:	4770      	bx	lr
10005a50:	10009b30 	.word	0x10009b30

10005a54 <tud_descriptor_string_cb>:
10005a54:	b510      	push	{r4, lr}
10005a56:	0004      	movs	r4, r0
10005a58:	4b15      	ldr	r3, [pc, #84]	@ (10005ab0 <tud_descriptor_string_cb+0x5c>)
10005a5a:	781b      	ldrb	r3, [r3, #0]
10005a5c:	2b00      	cmp	r3, #0
10005a5e:	d00e      	beq.n	10005a7e <tud_descriptor_string_cb+0x2a>
10005a60:	2c00      	cmp	r4, #0
10005a62:	d111      	bne.n	10005a88 <tud_descriptor_string_cb+0x34>
10005a64:	4b13      	ldr	r3, [pc, #76]	@ (10005ab4 <tud_descriptor_string_cb+0x60>)
10005a66:	4a14      	ldr	r2, [pc, #80]	@ (10005ab8 <tud_descriptor_string_cb+0x64>)
10005a68:	805a      	strh	r2, [r3, #2]
10005a6a:	2301      	movs	r3, #1
10005a6c:	3301      	adds	r3, #1
10005a6e:	005b      	lsls	r3, r3, #1
10005a70:	b29b      	uxth	r3, r3
10005a72:	4810      	ldr	r0, [pc, #64]	@ (10005ab4 <tud_descriptor_string_cb+0x60>)
10005a74:	22c0      	movs	r2, #192	@ 0xc0
10005a76:	0092      	lsls	r2, r2, #2
10005a78:	4313      	orrs	r3, r2
10005a7a:	8003      	strh	r3, [r0, #0]
10005a7c:	bd10      	pop	{r4, pc}
10005a7e:	480c      	ldr	r0, [pc, #48]	@ (10005ab0 <tud_descriptor_string_cb+0x5c>)
10005a80:	2111      	movs	r1, #17
10005a82:	f000 f825 	bl	10005ad0 <pico_get_unique_board_id_string>
10005a86:	e7eb      	b.n	10005a60 <tud_descriptor_string_cb+0xc>
10005a88:	2c05      	cmp	r4, #5
10005a8a:	d80e      	bhi.n	10005aaa <tud_descriptor_string_cb+0x56>
10005a8c:	4b0b      	ldr	r3, [pc, #44]	@ (10005abc <tud_descriptor_string_cb+0x68>)
10005a8e:	00a4      	lsls	r4, r4, #2
10005a90:	58e4      	ldr	r4, [r4, r3]
10005a92:	2300      	movs	r3, #0
10005a94:	2b12      	cmp	r3, #18
10005a96:	d8e9      	bhi.n	10005a6c <tud_descriptor_string_cb+0x18>
10005a98:	5ce1      	ldrb	r1, [r4, r3]
10005a9a:	2900      	cmp	r1, #0
10005a9c:	d0e6      	beq.n	10005a6c <tud_descriptor_string_cb+0x18>
10005a9e:	3301      	adds	r3, #1
10005aa0:	4a04      	ldr	r2, [pc, #16]	@ (10005ab4 <tud_descriptor_string_cb+0x60>)
10005aa2:	0058      	lsls	r0, r3, #1
10005aa4:	5281      	strh	r1, [r0, r2]
10005aa6:	b2db      	uxtb	r3, r3
10005aa8:	e7f4      	b.n	10005a94 <tud_descriptor_string_cb+0x40>
10005aaa:	2000      	movs	r0, #0
10005aac:	e7e6      	b.n	10005a7c <tud_descriptor_string_cb+0x28>
10005aae:	46c0      	nop			@ (mov r8, r8)
10005ab0:	20001d80 	.word	0x20001d80
10005ab4:	2000170c 	.word	0x2000170c
10005ab8:	00000409 	.word	0x00000409
10005abc:	10009b18 	.word	0x10009b18

10005ac0 <_retrieve_unique_id_on_boot>:
10005ac0:	b510      	push	{r4, lr}
10005ac2:	4802      	ldr	r0, [pc, #8]	@ (10005acc <_retrieve_unique_id_on_boot+0xc>)
10005ac4:	f000 f832 	bl	10005b2c <flash_get_unique_id>
10005ac8:	bd10      	pop	{r4, pc}
10005aca:	46c0      	nop			@ (mov r8, r8)
10005acc:	20001b60 	.word	0x20001b60

10005ad0 <pico_get_unique_board_id_string>:
10005ad0:	b510      	push	{r4, lr}
10005ad2:	2900      	cmp	r1, #0
10005ad4:	d001      	beq.n	10005ada <pico_get_unique_board_id_string+0xa>
10005ad6:	2300      	movs	r3, #0
10005ad8:	e00a      	b.n	10005af0 <pico_get_unique_board_id_string+0x20>
10005ada:	4b10      	ldr	r3, [pc, #64]	@ (10005b1c <pico_get_unique_board_id_string+0x4c>)
10005adc:	4a10      	ldr	r2, [pc, #64]	@ (10005b20 <pico_get_unique_board_id_string+0x50>)
10005ade:	4811      	ldr	r0, [pc, #68]	@ (10005b24 <pico_get_unique_board_id_string+0x54>)
10005ae0:	313b      	adds	r1, #59	@ 0x3b
10005ae2:	f7ff fa53 	bl	10004f8c <__assert_func>
10005ae6:	2200      	movs	r2, #0
10005ae8:	e00d      	b.n	10005b06 <pico_get_unique_board_id_string+0x36>
10005aea:	3237      	adds	r2, #55	@ 0x37
10005aec:	54c2      	strb	r2, [r0, r3]
10005aee:	3301      	adds	r3, #1
10005af0:	1e4a      	subs	r2, r1, #1
10005af2:	429a      	cmp	r2, r3
10005af4:	d90e      	bls.n	10005b14 <pico_get_unique_board_id_string+0x44>
10005af6:	2b0f      	cmp	r3, #15
10005af8:	d80c      	bhi.n	10005b14 <pico_get_unique_board_id_string+0x44>
10005afa:	085a      	lsrs	r2, r3, #1
10005afc:	4c0a      	ldr	r4, [pc, #40]	@ (10005b28 <pico_get_unique_board_id_string+0x58>)
10005afe:	5ca4      	ldrb	r4, [r4, r2]
10005b00:	07da      	lsls	r2, r3, #31
10005b02:	d4f0      	bmi.n	10005ae6 <pico_get_unique_board_id_string+0x16>
10005b04:	2204      	movs	r2, #4
10005b06:	4114      	asrs	r4, r2
10005b08:	220f      	movs	r2, #15
10005b0a:	4022      	ands	r2, r4
10005b0c:	2a09      	cmp	r2, #9
10005b0e:	dcec      	bgt.n	10005aea <pico_get_unique_board_id_string+0x1a>
10005b10:	3230      	adds	r2, #48	@ 0x30
10005b12:	e7eb      	b.n	10005aec <pico_get_unique_board_id_string+0x1c>
10005b14:	18c0      	adds	r0, r0, r3
10005b16:	2300      	movs	r3, #0
10005b18:	7003      	strb	r3, [r0, #0]
10005b1a:	bd10      	pop	{r4, pc}
10005b1c:	10009194 	.word	0x10009194
10005b20:	10009b98 	.word	0x10009b98
10005b24:	1000919c 	.word	0x1000919c
10005b28:	20001b60 	.word	0x20001b60

10005b2c <flash_get_unique_id>:
10005b2c:	b530      	push	{r4, r5, lr}
10005b2e:	b089      	sub	sp, #36	@ 0x24
10005b30:	0004      	movs	r4, r0
10005b32:	ad04      	add	r5, sp, #16
10005b34:	220d      	movs	r2, #13
10005b36:	2100      	movs	r1, #0
10005b38:	0028      	movs	r0, r5
10005b3a:	f7fe f939 	bl	10003db0 <__wrap_memset>
10005b3e:	220d      	movs	r2, #13
10005b40:	2100      	movs	r1, #0
10005b42:	4668      	mov	r0, sp
10005b44:	f7fe f934 	bl	10003db0 <__wrap_memset>
10005b48:	234b      	movs	r3, #75	@ 0x4b
10005b4a:	702b      	strb	r3, [r5, #0]
10005b4c:	220d      	movs	r2, #13
10005b4e:	4669      	mov	r1, sp
10005b50:	0028      	movs	r0, r5
10005b52:	f002 fdf9 	bl	10008748 <__flash_do_cmd_veneer>
10005b56:	2300      	movs	r3, #0
10005b58:	e004      	b.n	10005b64 <flash_get_unique_id+0x38>
10005b5a:	1d5a      	adds	r2, r3, #5
10005b5c:	4669      	mov	r1, sp
10005b5e:	5c8a      	ldrb	r2, [r1, r2]
10005b60:	54e2      	strb	r2, [r4, r3]
10005b62:	3301      	adds	r3, #1
10005b64:	2b07      	cmp	r3, #7
10005b66:	ddf8      	ble.n	10005b5a <flash_get_unique_id+0x2e>
10005b68:	b009      	add	sp, #36	@ 0x24
10005b6a:	bd30      	pop	{r4, r5, pc}

10005b6c <hw_endpoint_init>:
10005b6c:	b570      	push	{r4, r5, r6, lr}
10005b6e:	237f      	movs	r3, #127	@ 0x7f
10005b70:	4003      	ands	r3, r0
10005b72:	09c5      	lsrs	r5, r0, #7
10005b74:	4c26      	ldr	r4, [pc, #152]	@ (10005c10 <hw_endpoint_init+0xa4>)
10005b76:	005e      	lsls	r6, r3, #1
10005b78:	1976      	adds	r6, r6, r5
10005b7a:	0176      	lsls	r6, r6, #5
10005b7c:	19a4      	adds	r4, r4, r6
10005b7e:	70a0      	strb	r0, [r4, #2]
10005b80:	4268      	negs	r0, r5
10005b82:	4168      	adcs	r0, r5
10005b84:	7060      	strb	r0, [r4, #1]
10005b86:	2000      	movs	r0, #0
10005b88:	70e0      	strb	r0, [r4, #3]
10005b8a:	8321      	strh	r1, [r4, #24]
10005b8c:	76e2      	strb	r2, [r4, #27]
10005b8e:	2d01      	cmp	r5, #1
10005b90:	d01d      	beq.n	10005bce <hw_endpoint_init+0x62>
10005b92:	00d8      	lsls	r0, r3, #3
10005b94:	4a1f      	ldr	r2, [pc, #124]	@ (10005c14 <hw_endpoint_init+0xa8>)
10005b96:	4694      	mov	ip, r2
10005b98:	4460      	add	r0, ip
10005b9a:	4a1d      	ldr	r2, [pc, #116]	@ (10005c10 <hw_endpoint_init+0xa4>)
10005b9c:	0059      	lsls	r1, r3, #1
10005b9e:	1949      	adds	r1, r1, r5
10005ba0:	0149      	lsls	r1, r1, #5
10005ba2:	1852      	adds	r2, r2, r1
10005ba4:	6090      	str	r0, [r2, #8]
10005ba6:	4a1a      	ldr	r2, [pc, #104]	@ (10005c10 <hw_endpoint_init+0xa4>)
10005ba8:	0059      	lsls	r1, r3, #1
10005baa:	1949      	adds	r1, r1, r5
10005bac:	0149      	lsls	r1, r1, #5
10005bae:	1852      	adds	r2, r2, r1
10005bb0:	6892      	ldr	r2, [r2, #8]
10005bb2:	2100      	movs	r1, #0
10005bb4:	6011      	str	r1, [r2, #0]
10005bb6:	2b00      	cmp	r3, #0
10005bb8:	d10f      	bne.n	10005bda <hw_endpoint_init+0x6e>
10005bba:	4a15      	ldr	r2, [pc, #84]	@ (10005c10 <hw_endpoint_init+0xa4>)
10005bbc:	005b      	lsls	r3, r3, #1
10005bbe:	195b      	adds	r3, r3, r5
10005bc0:	015b      	lsls	r3, r3, #5
10005bc2:	18d3      	adds	r3, r2, r3
10005bc4:	2200      	movs	r2, #0
10005bc6:	605a      	str	r2, [r3, #4]
10005bc8:	4a13      	ldr	r2, [pc, #76]	@ (10005c18 <hw_endpoint_init+0xac>)
10005bca:	60da      	str	r2, [r3, #12]
10005bcc:	bd70      	pop	{r4, r5, r6, pc}
10005bce:	00d8      	lsls	r0, r3, #3
10005bd0:	4a12      	ldr	r2, [pc, #72]	@ (10005c1c <hw_endpoint_init+0xb0>)
10005bd2:	4694      	mov	ip, r2
10005bd4:	4460      	add	r0, ip
10005bd6:	60a0      	str	r0, [r4, #8]
10005bd8:	e7e5      	b.n	10005ba6 <hw_endpoint_init+0x3a>
10005bda:	2d01      	cmp	r5, #1
10005bdc:	d00b      	beq.n	10005bf6 <hw_endpoint_init+0x8a>
10005bde:	1e59      	subs	r1, r3, #1
10005be0:	00c9      	lsls	r1, r1, #3
10005be2:	4a0f      	ldr	r2, [pc, #60]	@ (10005c20 <hw_endpoint_init+0xb4>)
10005be4:	4694      	mov	ip, r2
10005be6:	4461      	add	r1, ip
10005be8:	4a09      	ldr	r2, [pc, #36]	@ (10005c10 <hw_endpoint_init+0xa4>)
10005bea:	005b      	lsls	r3, r3, #1
10005bec:	195b      	adds	r3, r3, r5
10005bee:	015b      	lsls	r3, r3, #5
10005bf0:	18d2      	adds	r2, r2, r3
10005bf2:	6051      	str	r1, [r2, #4]
10005bf4:	e7ea      	b.n	10005bcc <hw_endpoint_init+0x60>
10005bf6:	1e59      	subs	r1, r3, #1
10005bf8:	00c9      	lsls	r1, r1, #3
10005bfa:	4a0a      	ldr	r2, [pc, #40]	@ (10005c24 <hw_endpoint_init+0xb8>)
10005bfc:	4694      	mov	ip, r2
10005bfe:	4461      	add	r1, ip
10005c00:	4a03      	ldr	r2, [pc, #12]	@ (10005c10 <hw_endpoint_init+0xa4>)
10005c02:	005b      	lsls	r3, r3, #1
10005c04:	195b      	adds	r3, r3, r5
10005c06:	015b      	lsls	r3, r3, #5
10005c08:	18d2      	adds	r2, r2, r3
10005c0a:	6051      	str	r1, [r2, #4]
10005c0c:	e7de      	b.n	10005bcc <hw_endpoint_init+0x60>
10005c0e:	46c0      	nop			@ (mov r8, r8)
10005c10:	20001740 	.word	0x20001740
10005c14:	50100084 	.word	0x50100084
10005c18:	50100100 	.word	0x50100100
10005c1c:	50100080 	.word	0x50100080
10005c20:	5010000c 	.word	0x5010000c
10005c24:	50100008 	.word	0x50100008

10005c28 <hw_endpoint_alloc>:
10005c28:	b510      	push	{r4, lr}
10005c2a:	8b03      	ldrh	r3, [r0, #24]
10005c2c:	333f      	adds	r3, #63	@ 0x3f
10005c2e:	223f      	movs	r2, #63	@ 0x3f
10005c30:	4393      	bics	r3, r2
10005c32:	7ec2      	ldrb	r2, [r0, #27]
10005c34:	2a02      	cmp	r2, #2
10005c36:	d008      	beq.n	10005c4a <hw_endpoint_alloc+0x22>
10005c38:	4908      	ldr	r1, [pc, #32]	@ (10005c5c <hw_endpoint_alloc+0x34>)
10005c3a:	680a      	ldr	r2, [r1, #0]
10005c3c:	60c2      	str	r2, [r0, #12]
10005c3e:	18d3      	adds	r3, r2, r3
10005c40:	600b      	str	r3, [r1, #0]
10005c42:	4a07      	ldr	r2, [pc, #28]	@ (10005c60 <hw_endpoint_alloc+0x38>)
10005c44:	4293      	cmp	r3, r2
10005c46:	d802      	bhi.n	10005c4e <hw_endpoint_alloc+0x26>
10005c48:	bd10      	pop	{r4, pc}
10005c4a:	005b      	lsls	r3, r3, #1
10005c4c:	e7f4      	b.n	10005c38 <hw_endpoint_alloc+0x10>
10005c4e:	4b05      	ldr	r3, [pc, #20]	@ (10005c64 <hw_endpoint_alloc+0x3c>)
10005c50:	4a05      	ldr	r2, [pc, #20]	@ (10005c68 <hw_endpoint_alloc+0x40>)
10005c52:	4806      	ldr	r0, [pc, #24]	@ (10005c6c <hw_endpoint_alloc+0x44>)
10005c54:	2152      	movs	r1, #82	@ 0x52
10005c56:	f7ff f999 	bl	10004f8c <__assert_func>
10005c5a:	46c0      	nop			@ (mov r8, r8)
10005c5c:	20001b44 	.word	0x20001b44
10005c60:	50100fff 	.word	0x50100fff
10005c64:	100093ec 	.word	0x100093ec
10005c68:	10009bf8 	.word	0x10009bf8
10005c6c:	10009430 	.word	0x10009430

10005c70 <hw_endpoint_open>:
10005c70:	b5f8      	push	{r3, r4, r5, r6, r7, lr}
10005c72:	257f      	movs	r5, #127	@ 0x7f
10005c74:	4005      	ands	r5, r0
10005c76:	09c6      	lsrs	r6, r0, #7
10005c78:	006b      	lsls	r3, r5, #1
10005c7a:	199b      	adds	r3, r3, r6
10005c7c:	015b      	lsls	r3, r3, #5
10005c7e:	4c0e      	ldr	r4, [pc, #56]	@ (10005cb8 <hw_endpoint_open+0x48>)
10005c80:	191c      	adds	r4, r3, r4
10005c82:	f7ff ff73 	bl	10005b6c <hw_endpoint_init>
10005c86:	2d00      	cmp	r5, #0
10005c88:	d100      	bne.n	10005c8c <hw_endpoint_open+0x1c>
10005c8a:	bdf8      	pop	{r3, r4, r5, r6, r7, pc}
10005c8c:	4b0a      	ldr	r3, [pc, #40]	@ (10005cb8 <hw_endpoint_open+0x48>)
10005c8e:	006d      	lsls	r5, r5, #1
10005c90:	19ad      	adds	r5, r5, r6
10005c92:	016d      	lsls	r5, r5, #5
10005c94:	195d      	adds	r5, r3, r5
10005c96:	8b29      	ldrh	r1, [r5, #24]
10005c98:	0020      	movs	r0, r4
10005c9a:	f7ff ffc5 	bl	10005c28 <hw_endpoint_alloc>
10005c9e:	7eeb      	ldrb	r3, [r5, #27]
10005ca0:	069b      	lsls	r3, r3, #26
10005ca2:	68e9      	ldr	r1, [r5, #12]
10005ca4:	4a05      	ldr	r2, [pc, #20]	@ (10005cbc <hw_endpoint_open+0x4c>)
10005ca6:	404a      	eors	r2, r1
10005ca8:	4313      	orrs	r3, r2
10005caa:	2280      	movs	r2, #128	@ 0x80
10005cac:	0612      	lsls	r2, r2, #24
10005cae:	4313      	orrs	r3, r2
10005cb0:	686a      	ldr	r2, [r5, #4]
10005cb2:	6013      	str	r3, [r2, #0]
10005cb4:	e7e9      	b.n	10005c8a <hw_endpoint_open+0x1a>
10005cb6:	46c0      	nop			@ (mov r8, r8)
10005cb8:	20001740 	.word	0x20001740
10005cbc:	50100000 	.word	0x50100000

10005cc0 <hw_endpoint_xfer>:
10005cc0:	b510      	push	{r4, lr}
10005cc2:	0004      	movs	r4, r0
10005cc4:	207f      	movs	r0, #127	@ 0x7f
10005cc6:	4020      	ands	r0, r4
10005cc8:	09e4      	lsrs	r4, r4, #7
10005cca:	0040      	lsls	r0, r0, #1
10005ccc:	1900      	adds	r0, r0, r4
10005cce:	0140      	lsls	r0, r0, #5
10005cd0:	4b02      	ldr	r3, [pc, #8]	@ (10005cdc <hw_endpoint_xfer+0x1c>)
10005cd2:	18c0      	adds	r0, r0, r3
10005cd4:	f000 f926 	bl	10005f24 <hw_endpoint_xfer_start>
10005cd8:	bd10      	pop	{r4, pc}
10005cda:	46c0      	nop			@ (mov r8, r8)
10005cdc:	20001740 	.word	0x20001740

10005ce0 <dcd_int_enable>:
10005ce0:	b510      	push	{r4, lr}
10005ce2:	2800      	cmp	r0, #0
10005ce4:	d104      	bne.n	10005cf0 <dcd_int_enable+0x10>
10005ce6:	2101      	movs	r1, #1
10005ce8:	2005      	movs	r0, #5
10005cea:	f7fb f833 	bl	10000d54 <irq_set_enabled>
10005cee:	bd10      	pop	{r4, pc}
10005cf0:	4b03      	ldr	r3, [pc, #12]	@ (10005d00 <dcd_int_enable+0x20>)
10005cf2:	4a04      	ldr	r2, [pc, #16]	@ (10005d04 <dcd_int_enable+0x24>)
10005cf4:	2198      	movs	r1, #152	@ 0x98
10005cf6:	4804      	ldr	r0, [pc, #16]	@ (10005d08 <dcd_int_enable+0x28>)
10005cf8:	31ff      	adds	r1, #255	@ 0xff
10005cfa:	f7ff f947 	bl	10004f8c <__assert_func>
10005cfe:	46c0      	nop			@ (mov r8, r8)
10005d00:	100094a0 	.word	0x100094a0
10005d04:	10009be8 	.word	0x10009be8
10005d08:	10009430 	.word	0x10009430

10005d0c <dcd_set_address>:
10005d0c:	b510      	push	{r4, lr}
10005d0e:	2800      	cmp	r0, #0
10005d10:	d105      	bne.n	10005d1e <dcd_set_address+0x12>
10005d12:	2200      	movs	r2, #0
10005d14:	2100      	movs	r1, #0
10005d16:	2080      	movs	r0, #128	@ 0x80
10005d18:	f7ff ffd2 	bl	10005cc0 <hw_endpoint_xfer>
10005d1c:	bd10      	pop	{r4, pc}
10005d1e:	4b03      	ldr	r3, [pc, #12]	@ (10005d2c <dcd_set_address+0x20>)
10005d20:	4a03      	ldr	r2, [pc, #12]	@ (10005d30 <dcd_set_address+0x24>)
10005d22:	21a2      	movs	r1, #162	@ 0xa2
10005d24:	4803      	ldr	r0, [pc, #12]	@ (10005d34 <dcd_set_address+0x28>)
10005d26:	31ff      	adds	r1, #255	@ 0xff
10005d28:	f7ff f930 	bl	10004f8c <__assert_func>
10005d2c:	100094a0 	.word	0x100094a0
10005d30:	10009bd8 	.word	0x10009bd8
10005d34:	10009430 	.word	0x10009430

10005d38 <dcd_connect>:
10005d38:	4b02      	ldr	r3, [pc, #8]	@ (10005d44 <dcd_connect+0xc>)
10005d3a:	2280      	movs	r2, #128	@ 0x80
10005d3c:	0252      	lsls	r2, r2, #9
10005d3e:	64da      	str	r2, [r3, #76]	@ 0x4c
10005d40:	4770      	bx	lr
10005d42:	46c0      	nop			@ (mov r8, r8)
10005d44:	50112000 	.word	0x50112000

10005d48 <dcd_init>:
10005d48:	b570      	push	{r4, r5, r6, lr}
10005d4a:	1e04      	subs	r4, r0, #0
10005d4c:	d127      	bne.n	10005d9e <dcd_init+0x56>
10005d4e:	f000 f8c7 	bl	10005ee0 <rp2040_usb_init>
10005d52:	4d16      	ldr	r5, [pc, #88]	@ (10005dac <dcd_init+0x64>)
10005d54:	230c      	movs	r3, #12
10005d56:	67ab      	str	r3, [r5, #120]	@ 0x78
10005d58:	4915      	ldr	r1, [pc, #84]	@ (10005db0 <dcd_init+0x68>)
10005d5a:	22ff      	movs	r2, #255	@ 0xff
10005d5c:	2005      	movs	r0, #5
10005d5e:	f7fb f84b 	bl	10000df8 <irq_add_shared_handler>
10005d62:	4814      	ldr	r0, [pc, #80]	@ (10005db4 <dcd_init+0x6c>)
10005d64:	2240      	movs	r2, #64	@ 0x40
10005d66:	2100      	movs	r1, #0
10005d68:	f7fe f822 	bl	10003db0 <__wrap_memset>
10005d6c:	2200      	movs	r2, #0
10005d6e:	2140      	movs	r1, #64	@ 0x40
10005d70:	2000      	movs	r0, #0
10005d72:	f7ff ff7d 	bl	10005c70 <hw_endpoint_open>
10005d76:	2200      	movs	r2, #0
10005d78:	2140      	movs	r1, #64	@ 0x40
10005d7a:	2080      	movs	r0, #128	@ 0x80
10005d7c:	f7ff ff78 	bl	10005c70 <hw_endpoint_open>
10005d80:	f002 fd3a 	bl	100087f8 <__reset_non_control_endpoints_veneer>
10005d84:	2301      	movs	r3, #1
10005d86:	642b      	str	r3, [r5, #64]	@ 0x40
10005d88:	2380      	movs	r3, #128	@ 0x80
10005d8a:	059b      	lsls	r3, r3, #22
10005d8c:	64eb      	str	r3, [r5, #76]	@ 0x4c
10005d8e:	2390      	movs	r3, #144	@ 0x90
10005d90:	4a09      	ldr	r2, [pc, #36]	@ (10005db8 <dcd_init+0x70>)
10005d92:	50ea      	str	r2, [r5, r3]
10005d94:	0020      	movs	r0, r4
10005d96:	f7ff ffcf 	bl	10005d38 <dcd_connect>
10005d9a:	2001      	movs	r0, #1
10005d9c:	bd70      	pop	{r4, r5, r6, pc}
10005d9e:	4b07      	ldr	r3, [pc, #28]	@ (10005dbc <dcd_init+0x74>)
10005da0:	4a07      	ldr	r2, [pc, #28]	@ (10005dc0 <dcd_init+0x78>)
10005da2:	2164      	movs	r1, #100	@ 0x64
10005da4:	4807      	ldr	r0, [pc, #28]	@ (10005dc4 <dcd_init+0x7c>)
10005da6:	31ff      	adds	r1, #255	@ 0xff
10005da8:	f7ff f8f0 	bl	10004f8c <__assert_func>
10005dac:	50110000 	.word	0x50110000
10005db0:	200004b9 	.word	0x200004b9
10005db4:	20001740 	.word	0x20001740
10005db8:	0001d010 	.word	0x0001d010
10005dbc:	100094a0 	.word	0x100094a0
10005dc0:	10009c0c 	.word	0x10009c0c
10005dc4:	10009430 	.word	0x10009430

10005dc8 <dcd_sof_enable>:
10005dc8:	4b04      	ldr	r3, [pc, #16]	@ (10005ddc <dcd_sof_enable+0x14>)
10005dca:	7019      	strb	r1, [r3, #0]
10005dcc:	2900      	cmp	r1, #0
10005dce:	d004      	beq.n	10005dda <dcd_sof_enable+0x12>
10005dd0:	4a03      	ldr	r2, [pc, #12]	@ (10005de0 <dcd_sof_enable+0x18>)
10005dd2:	2390      	movs	r3, #144	@ 0x90
10005dd4:	2180      	movs	r1, #128	@ 0x80
10005dd6:	0289      	lsls	r1, r1, #10
10005dd8:	50d1      	str	r1, [r2, r3]
10005dda:	4770      	bx	lr
10005ddc:	20001d93 	.word	0x20001d93
10005de0:	50112000 	.word	0x50112000

10005de4 <dcd_edpt0_status_complete>:
10005de4:	780b      	ldrb	r3, [r1, #0]
10005de6:	065b      	lsls	r3, r3, #25
10005de8:	d102      	bne.n	10005df0 <dcd_edpt0_status_complete+0xc>
10005dea:	784b      	ldrb	r3, [r1, #1]
10005dec:	2b05      	cmp	r3, #5
10005dee:	d000      	beq.n	10005df2 <dcd_edpt0_status_complete+0xe>
10005df0:	4770      	bx	lr
10005df2:	788a      	ldrb	r2, [r1, #2]
10005df4:	4b01      	ldr	r3, [pc, #4]	@ (10005dfc <dcd_edpt0_status_complete+0x18>)
10005df6:	601a      	str	r2, [r3, #0]
10005df8:	e7fa      	b.n	10005df0 <dcd_edpt0_status_complete+0xc>
10005dfa:	46c0      	nop			@ (mov r8, r8)
10005dfc:	50110000 	.word	0x50110000

10005e00 <dcd_edpt_open>:
10005e00:	b510      	push	{r4, lr}
10005e02:	78ca      	ldrb	r2, [r1, #3]
10005e04:	0792      	lsls	r2, r2, #30
10005e06:	0f92      	lsrs	r2, r2, #30
10005e08:	2a01      	cmp	r2, #1
10005e0a:	d00a      	beq.n	10005e22 <dcd_edpt_open+0x22>
10005e0c:	7888      	ldrb	r0, [r1, #2]
10005e0e:	790b      	ldrb	r3, [r1, #4]
10005e10:	7949      	ldrb	r1, [r1, #5]
10005e12:	0209      	lsls	r1, r1, #8
10005e14:	4319      	orrs	r1, r3
10005e16:	0549      	lsls	r1, r1, #21
10005e18:	0d49      	lsrs	r1, r1, #21
10005e1a:	f7ff ff29 	bl	10005c70 <hw_endpoint_open>
10005e1e:	2001      	movs	r0, #1
10005e20:	bd10      	pop	{r4, pc}
10005e22:	2000      	movs	r0, #0
10005e24:	e7fc      	b.n	10005e20 <dcd_edpt_open+0x20>

10005e26 <dcd_edpt_close_all>:
10005e26:	b510      	push	{r4, lr}
10005e28:	f002 fce6 	bl	100087f8 <__reset_non_control_endpoints_veneer>
10005e2c:	bd10      	pop	{r4, pc}
	...

10005e30 <dcd_edpt_xfer>:
10005e30:	b510      	push	{r4, lr}
10005e32:	0004      	movs	r4, r0
10005e34:	0008      	movs	r0, r1
10005e36:	0011      	movs	r1, r2
10005e38:	001a      	movs	r2, r3
10005e3a:	2c00      	cmp	r4, #0
10005e3c:	d103      	bne.n	10005e46 <dcd_edpt_xfer+0x16>
10005e3e:	f7ff ff3f 	bl	10005cc0 <hw_endpoint_xfer>
10005e42:	2001      	movs	r0, #1
10005e44:	bd10      	pop	{r4, pc}
10005e46:	4b03      	ldr	r3, [pc, #12]	@ (10005e54 <dcd_edpt_xfer+0x24>)
10005e48:	4a03      	ldr	r2, [pc, #12]	@ (10005e58 <dcd_edpt_xfer+0x28>)
10005e4a:	2181      	movs	r1, #129	@ 0x81
10005e4c:	4803      	ldr	r0, [pc, #12]	@ (10005e5c <dcd_edpt_xfer+0x2c>)
10005e4e:	0089      	lsls	r1, r1, #2
10005e50:	f7ff f89c 	bl	10004f8c <__assert_func>
10005e54:	100094a0 	.word	0x100094a0
10005e58:	10009bc8 	.word	0x10009bc8
10005e5c:	10009430 	.word	0x10009430

10005e60 <dcd_edpt_stall>:
10005e60:	b510      	push	{r4, lr}
10005e62:	237f      	movs	r3, #127	@ 0x7f
10005e64:	0018      	movs	r0, r3
10005e66:	4008      	ands	r0, r1
10005e68:	420b      	tst	r3, r1
10005e6a:	d105      	bne.n	10005e78 <dcd_edpt_stall+0x18>
10005e6c:	09cb      	lsrs	r3, r1, #7
10005e6e:	2b01      	cmp	r3, #1
10005e70:	d00e      	beq.n	10005e90 <dcd_edpt_stall+0x30>
10005e72:	2202      	movs	r2, #2
10005e74:	4b07      	ldr	r3, [pc, #28]	@ (10005e94 <dcd_edpt_stall+0x34>)
10005e76:	669a      	str	r2, [r3, #104]	@ 0x68
10005e78:	09c9      	lsrs	r1, r1, #7
10005e7a:	0040      	lsls	r0, r0, #1
10005e7c:	1840      	adds	r0, r0, r1
10005e7e:	0140      	lsls	r0, r0, #5
10005e80:	4b05      	ldr	r3, [pc, #20]	@ (10005e98 <dcd_edpt_stall+0x38>)
10005e82:	18c0      	adds	r0, r0, r3
10005e84:	2280      	movs	r2, #128	@ 0x80
10005e86:	0112      	lsls	r2, r2, #4
10005e88:	2100      	movs	r1, #0
10005e8a:	f002 fcbd 	bl	10008808 <___hw_endpoint_buffer_control_update32_veneer>
10005e8e:	bd10      	pop	{r4, pc}
10005e90:	2201      	movs	r2, #1
10005e92:	e7ef      	b.n	10005e74 <dcd_edpt_stall+0x14>
10005e94:	50112000 	.word	0x50112000
10005e98:	20001740 	.word	0x20001740

10005e9c <dcd_edpt_clear_stall>:
10005e9c:	b510      	push	{r4, lr}
10005e9e:	227f      	movs	r2, #127	@ 0x7f
10005ea0:	0010      	movs	r0, r2
10005ea2:	4008      	ands	r0, r1
10005ea4:	420a      	tst	r2, r1
10005ea6:	d100      	bne.n	10005eaa <dcd_edpt_clear_stall+0xe>
10005ea8:	bd10      	pop	{r4, pc}
10005eaa:	09c9      	lsrs	r1, r1, #7
10005eac:	0040      	lsls	r0, r0, #1
10005eae:	1840      	adds	r0, r0, r1
10005eb0:	0140      	lsls	r0, r0, #5
10005eb2:	4b04      	ldr	r3, [pc, #16]	@ (10005ec4 <dcd_edpt_clear_stall+0x28>)
10005eb4:	18c0      	adds	r0, r0, r3
10005eb6:	2300      	movs	r3, #0
10005eb8:	70c3      	strb	r3, [r0, #3]
10005eba:	2200      	movs	r2, #0
10005ebc:	4902      	ldr	r1, [pc, #8]	@ (10005ec8 <dcd_edpt_clear_stall+0x2c>)
10005ebe:	f002 fca3 	bl	10008808 <___hw_endpoint_buffer_control_update32_veneer>
10005ec2:	e7f1      	b.n	10005ea8 <dcd_edpt_clear_stall+0xc>
10005ec4:	20001740 	.word	0x20001740
10005ec8:	fffff7ff 	.word	0xfffff7ff

10005ecc <unaligned_memcpy>:
10005ecc:	e004      	b.n	10005ed8 <unaligned_memcpy+0xc>
10005ece:	780a      	ldrb	r2, [r1, #0]
10005ed0:	7002      	strb	r2, [r0, #0]
10005ed2:	3101      	adds	r1, #1
10005ed4:	3001      	adds	r0, #1
10005ed6:	001a      	movs	r2, r3
10005ed8:	1e53      	subs	r3, r2, #1
10005eda:	2a00      	cmp	r2, #0
10005edc:	d1f7      	bne.n	10005ece <unaligned_memcpy+0x2>
10005ede:	4770      	bx	lr

10005ee0 <rp2040_usb_init>:
10005ee0:	b510      	push	{r4, lr}
10005ee2:	2380      	movs	r3, #128	@ 0x80
10005ee4:	045b      	lsls	r3, r3, #17
10005ee6:	4a0a      	ldr	r2, [pc, #40]	@ (10005f10 <rp2040_usb_init+0x30>)
10005ee8:	6013      	str	r3, [r2, #0]
10005eea:	4a0a      	ldr	r2, [pc, #40]	@ (10005f14 <rp2040_usb_init+0x34>)
10005eec:	6013      	str	r3, [r2, #0]
10005eee:	4b0a      	ldr	r3, [pc, #40]	@ (10005f18 <rp2040_usb_init+0x38>)
10005ef0:	681a      	ldr	r2, [r3, #0]
10005ef2:	2380      	movs	r3, #128	@ 0x80
10005ef4:	045b      	lsls	r3, r3, #17
10005ef6:	4393      	bics	r3, r2
10005ef8:	d1f9      	bne.n	10005eee <rp2040_usb_init+0xe>
10005efa:	2280      	movs	r2, #128	@ 0x80
10005efc:	0152      	lsls	r2, r2, #5
10005efe:	2100      	movs	r1, #0
10005f00:	4806      	ldr	r0, [pc, #24]	@ (10005f1c <rp2040_usb_init+0x3c>)
10005f02:	f7fd ff55 	bl	10003db0 <__wrap_memset>
10005f06:	4b06      	ldr	r3, [pc, #24]	@ (10005f20 <rp2040_usb_init+0x40>)
10005f08:	2209      	movs	r2, #9
10005f0a:	675a      	str	r2, [r3, #116]	@ 0x74
10005f0c:	bd10      	pop	{r4, pc}
10005f0e:	46c0      	nop			@ (mov r8, r8)
10005f10:	4000e000 	.word	0x4000e000
10005f14:	4000f000 	.word	0x4000f000
10005f18:	4000c008 	.word	0x4000c008
10005f1c:	50100000 	.word	0x50100000
10005f20:	50110000 	.word	0x50110000

10005f24 <hw_endpoint_xfer_start>:
10005f24:	b570      	push	{r4, r5, r6, lr}
10005f26:	0004      	movs	r4, r0
10005f28:	000d      	movs	r5, r1
10005f2a:	0016      	movs	r6, r2
10005f2c:	7e83      	ldrb	r3, [r0, #26]
10005f2e:	2b00      	cmp	r3, #0
10005f30:	d117      	bne.n	10005f62 <hw_endpoint_xfer_start+0x3e>
10005f32:	82a6      	strh	r6, [r4, #20]
10005f34:	2300      	movs	r3, #0
10005f36:	82e3      	strh	r3, [r4, #22]
10005f38:	3301      	adds	r3, #1
10005f3a:	76a3      	strb	r3, [r4, #26]
10005f3c:	6125      	str	r5, [r4, #16]
10005f3e:	0020      	movs	r0, r4
10005f40:	f002 fc1a 	bl	10008778 <__e15_is_bulkin_ep_veneer>
10005f44:	2800      	cmp	r0, #0
10005f46:	d004      	beq.n	10005f52 <hw_endpoint_xfer_start+0x2e>
10005f48:	4a0c      	ldr	r2, [pc, #48]	@ (10005f7c <hw_endpoint_xfer_start+0x58>)
10005f4a:	2390      	movs	r3, #144	@ 0x90
10005f4c:	2180      	movs	r1, #128	@ 0x80
10005f4e:	0289      	lsls	r1, r1, #10
10005f50:	50d1      	str	r1, [r2, r3]
10005f52:	0020      	movs	r0, r4
10005f54:	f002 fc18 	bl	10008788 <__e15_is_critical_frame_period_veneer>
10005f58:	2800      	cmp	r0, #0
10005f5a:	d00a      	beq.n	10005f72 <hw_endpoint_xfer_start+0x4e>
10005f5c:	2301      	movs	r3, #1
10005f5e:	7723      	strb	r3, [r4, #28]
10005f60:	bd70      	pop	{r4, r5, r6, pc}
10005f62:	7881      	ldrb	r1, [r0, #2]
10005f64:	4806      	ldr	r0, [pc, #24]	@ (10005f80 <hw_endpoint_xfer_start+0x5c>)
10005f66:	f7ff f981 	bl	1000526c <__wrap_printf>
10005f6a:	0020      	movs	r0, r4
10005f6c:	f002 fc3c 	bl	100087e8 <__hw_endpoint_reset_transfer_veneer>
10005f70:	e7df      	b.n	10005f32 <hw_endpoint_xfer_start+0xe>
10005f72:	0020      	movs	r0, r4
10005f74:	f002 fc30 	bl	100087d8 <__hw_endpoint_start_next_buffer_veneer>
10005f78:	e7f2      	b.n	10005f60 <hw_endpoint_xfer_start+0x3c>
10005f7a:	46c0      	nop			@ (mov r8, r8)
10005f7c:	50112000 	.word	0x50112000
10005f80:	10009590 	.word	0x10009590

10005f84 <configuration_reset>:
10005f84:	b570      	push	{r4, r5, r6, lr}
10005f86:	0005      	movs	r5, r0
10005f88:	2400      	movs	r4, #0
10005f8a:	e008      	b.n	10005f9e <configuration_reset+0x1a>
10005f8c:	1a9b      	subs	r3, r3, r2
10005f8e:	015b      	lsls	r3, r3, #5
10005f90:	4a16      	ldr	r2, [pc, #88]	@ (10005fec <configuration_reset+0x68>)
10005f92:	189b      	adds	r3, r3, r2
10005f94:	68db      	ldr	r3, [r3, #12]
10005f96:	0028      	movs	r0, r5
10005f98:	4798      	blx	r3
10005f9a:	3401      	adds	r4, #1
10005f9c:	b2e4      	uxtb	r4, r4
10005f9e:	4b14      	ldr	r3, [pc, #80]	@ (10005ff0 <configuration_reset+0x6c>)
10005fa0:	781a      	ldrb	r2, [r3, #0]
10005fa2:	0023      	movs	r3, r4
10005fa4:	1c51      	adds	r1, r2, #1
10005fa6:	42a1      	cmp	r1, r4
10005fa8:	db0d      	blt.n	10005fc6 <configuration_reset+0x42>
10005faa:	42a2      	cmp	r2, r4
10005fac:	d9ee      	bls.n	10005f8c <configuration_reset+0x8>
10005fae:	4b11      	ldr	r3, [pc, #68]	@ (10005ff4 <configuration_reset+0x70>)
10005fb0:	681b      	ldr	r3, [r3, #0]
10005fb2:	0162      	lsls	r2, r4, #5
10005fb4:	189b      	adds	r3, r3, r2
10005fb6:	2b00      	cmp	r3, #0
10005fb8:	d1ec      	bne.n	10005f94 <configuration_reset+0x10>
10005fba:	490f      	ldr	r1, [pc, #60]	@ (10005ff8 <configuration_reset+0x74>)
10005fbc:	480f      	ldr	r0, [pc, #60]	@ (10005ffc <configuration_reset+0x78>)
10005fbe:	4a10      	ldr	r2, [pc, #64]	@ (10006000 <configuration_reset+0x7c>)
10005fc0:	f7ff f954 	bl	1000526c <__wrap_printf>
10005fc4:	e010      	b.n	10005fe8 <configuration_reset+0x64>
10005fc6:	4c0f      	ldr	r4, [pc, #60]	@ (10006004 <configuration_reset+0x80>)
10005fc8:	2254      	movs	r2, #84	@ 0x54
10005fca:	2100      	movs	r1, #0
10005fcc:	0020      	movs	r0, r4
10005fce:	f7fd feef 	bl	10003db0 <__wrap_memset>
10005fd2:	1d20      	adds	r0, r4, #4
10005fd4:	2210      	movs	r2, #16
10005fd6:	21ff      	movs	r1, #255	@ 0xff
10005fd8:	f7fd feea 	bl	10003db0 <__wrap_memset>
10005fdc:	0020      	movs	r0, r4
10005fde:	3014      	adds	r0, #20
10005fe0:	2220      	movs	r2, #32
10005fe2:	21ff      	movs	r1, #255	@ 0xff
10005fe4:	f7fd fee4 	bl	10003db0 <__wrap_memset>
10005fe8:	bd70      	pop	{r4, r5, r6, pc}
10005fea:	46c0      	nop			@ (mov r8, r8)
10005fec:	10009d88 	.word	0x10009d88
10005ff0:	20001d92 	.word	0x20001d92
10005ff4:	20001034 	.word	0x20001034
10005ff8:	10009d54 	.word	0x10009d54
10005ffc:	100095c8 	.word	0x100095c8
10006000:	00000225 	.word	0x00000225
10006004:	200011e4 	.word	0x200011e4

10006008 <usbd_reset>:
10006008:	b510      	push	{r4, lr}
1000600a:	f7ff ffbb 	bl	10005f84 <configuration_reset>
1000600e:	f000 fe69 	bl	10006ce4 <usbd_control_reset>
10006012:	bd10      	pop	{r4, pc}

10006014 <invoke_class_control>:
10006014:	b570      	push	{r4, r5, r6, lr}
10006016:	0005      	movs	r5, r0
10006018:	000c      	movs	r4, r1
1000601a:	0016      	movs	r6, r2
1000601c:	6948      	ldr	r0, [r1, #20]
1000601e:	f000 fe6b 	bl	10006cf8 <usbd_control_set_complete_callback>
10006022:	6963      	ldr	r3, [r4, #20]
10006024:	0032      	movs	r2, r6
10006026:	2101      	movs	r1, #1
10006028:	0028      	movs	r0, r5
1000602a:	4798      	blx	r3
1000602c:	bd70      	pop	{r4, r5, r6, pc}
	...

10006030 <process_set_config>:
10006030:	b5f0      	push	{r4, r5, r6, r7, lr}
10006032:	46de      	mov	lr, fp
10006034:	4657      	mov	r7, sl
10006036:	464e      	mov	r6, r9
10006038:	4645      	mov	r5, r8
1000603a:	b5e0      	push	{r5, r6, r7, lr}
1000603c:	b083      	sub	sp, #12
1000603e:	4682      	mov	sl, r0
10006040:	3901      	subs	r1, #1
10006042:	b2c8      	uxtb	r0, r1
10006044:	f7ff fd02 	bl	10005a4c <tud_descriptor_configuration_cb>
10006048:	2800      	cmp	r0, #0
1000604a:	d003      	beq.n	10006054 <process_set_config+0x24>
1000604c:	7843      	ldrb	r3, [r0, #1]
1000604e:	4699      	mov	r9, r3
10006050:	2b02      	cmp	r3, #2
10006052:	d00c      	beq.n	1000606e <process_set_config+0x3e>
10006054:	4956      	ldr	r1, [pc, #344]	@ (100061b0 <process_set_config+0x180>)
10006056:	4857      	ldr	r0, [pc, #348]	@ (100061b4 <process_set_config+0x184>)
10006058:	4a57      	ldr	r2, [pc, #348]	@ (100061b8 <process_set_config+0x188>)
1000605a:	f7ff f907 	bl	1000526c <__wrap_printf>
1000605e:	2000      	movs	r0, #0
10006060:	b003      	add	sp, #12
10006062:	bcf0      	pop	{r4, r5, r6, r7}
10006064:	46bb      	mov	fp, r7
10006066:	46b2      	mov	sl, r6
10006068:	46a9      	mov	r9, r5
1000606a:	46a0      	mov	r8, r4
1000606c:	bdf0      	pop	{r4, r5, r6, r7, pc}
1000606e:	79c5      	ldrb	r5, [r0, #7]
10006070:	116c      	asrs	r4, r5, #5
10006072:	2201      	movs	r2, #1
10006074:	4b51      	ldr	r3, [pc, #324]	@ (100061bc <process_set_config+0x18c>)
10006076:	4014      	ands	r4, r2
10006078:	0124      	lsls	r4, r4, #4
1000607a:	7819      	ldrb	r1, [r3, #0]
1000607c:	2610      	movs	r6, #16
1000607e:	43b1      	bics	r1, r6
10006080:	4321      	orrs	r1, r4
10006082:	7019      	strb	r1, [r3, #0]
10006084:	11ad      	asrs	r5, r5, #6
10006086:	402a      	ands	r2, r5
10006088:	0152      	lsls	r2, r2, #5
1000608a:	b2c9      	uxtb	r1, r1
1000608c:	2420      	movs	r4, #32
1000608e:	43a1      	bics	r1, r4
10006090:	430a      	orrs	r2, r1
10006092:	701a      	strb	r2, [r3, #0]
10006094:	0006      	movs	r6, r0
10006096:	3609      	adds	r6, #9
10006098:	7882      	ldrb	r2, [r0, #2]
1000609a:	78c3      	ldrb	r3, [r0, #3]
1000609c:	021b      	lsls	r3, r3, #8
1000609e:	4313      	orrs	r3, r2
100060a0:	4683      	mov	fp, r0
100060a2:	449b      	add	fp, r3
100060a4:	464b      	mov	r3, r9
100060a6:	9301      	str	r3, [sp, #4]
100060a8:	0037      	movs	r7, r6
100060aa:	e066      	b.n	1000617a <process_set_config+0x14a>
100060ac:	78fb      	ldrb	r3, [r7, #3]
100060ae:	4699      	mov	r9, r3
100060b0:	783a      	ldrb	r2, [r7, #0]
100060b2:	18bf      	adds	r7, r7, r2
100060b4:	e068      	b.n	10006188 <process_set_config+0x158>
100060b6:	493e      	ldr	r1, [pc, #248]	@ (100061b0 <process_set_config+0x180>)
100060b8:	483e      	ldr	r0, [pc, #248]	@ (100061b4 <process_set_config+0x184>)
100060ba:	4a41      	ldr	r2, [pc, #260]	@ (100061c0 <process_set_config+0x190>)
100060bc:	f7ff f8d6 	bl	1000526c <__wrap_printf>
100060c0:	2000      	movs	r0, #0
100060c2:	e7cd      	b.n	10006060 <process_set_config+0x30>
100060c4:	9a00      	ldr	r2, [sp, #0]
100060c6:	1ad3      	subs	r3, r2, r3
100060c8:	015b      	lsls	r3, r3, #5
100060ca:	4e3e      	ldr	r6, [pc, #248]	@ (100061c4 <process_set_config+0x194>)
100060cc:	199e      	adds	r6, r3, r6
100060ce:	6933      	ldr	r3, [r6, #16]
100060d0:	0022      	movs	r2, r4
100060d2:	0039      	movs	r1, r7
100060d4:	4650      	mov	r0, sl
100060d6:	4798      	blx	r3
100060d8:	2808      	cmp	r0, #8
100060da:	d901      	bls.n	100060e0 <process_set_config+0xb0>
100060dc:	4284      	cmp	r4, r0
100060de:	d216      	bcs.n	1000610e <process_set_config+0xde>
100060e0:	3501      	adds	r5, #1
100060e2:	b2ed      	uxtb	r5, r5
100060e4:	4b38      	ldr	r3, [pc, #224]	@ (100061c8 <process_set_config+0x198>)
100060e6:	781b      	ldrb	r3, [r3, #0]
100060e8:	9500      	str	r5, [sp, #0]
100060ea:	1c5a      	adds	r2, r3, #1
100060ec:	42aa      	cmp	r2, r5
100060ee:	db3e      	blt.n	1000616e <process_set_config+0x13e>
100060f0:	42ab      	cmp	r3, r5
100060f2:	d9e7      	bls.n	100060c4 <process_set_config+0x94>
100060f4:	4b35      	ldr	r3, [pc, #212]	@ (100061cc <process_set_config+0x19c>)
100060f6:	681b      	ldr	r3, [r3, #0]
100060f8:	016e      	lsls	r6, r5, #5
100060fa:	199e      	adds	r6, r3, r6
100060fc:	2e00      	cmp	r6, #0
100060fe:	d1e6      	bne.n	100060ce <process_set_config+0x9e>
10006100:	492b      	ldr	r1, [pc, #172]	@ (100061b0 <process_set_config+0x180>)
10006102:	482c      	ldr	r0, [pc, #176]	@ (100061b4 <process_set_config+0x184>)
10006104:	4a32      	ldr	r2, [pc, #200]	@ (100061d0 <process_set_config+0x1a0>)
10006106:	f7ff f8b1 	bl	1000526c <__wrap_printf>
1000610a:	2000      	movs	r0, #0
1000610c:	e7a8      	b.n	10006060 <process_set_config+0x30>
1000610e:	0034      	movs	r4, r6
10006110:	9e00      	ldr	r6, [sp, #0]
10006112:	9000      	str	r0, [sp, #0]
10006114:	464b      	mov	r3, r9
10006116:	2b01      	cmp	r3, #1
10006118:	d011      	beq.n	1000613e <process_set_config+0x10e>
1000611a:	2000      	movs	r0, #0
1000611c:	4649      	mov	r1, r9
1000611e:	4281      	cmp	r1, r0
10006120:	d91b      	bls.n	1000615a <process_set_config+0x12a>
10006122:	78bb      	ldrb	r3, [r7, #2]
10006124:	181b      	adds	r3, r3, r0
10006126:	b2db      	uxtb	r3, r3
10006128:	4a24      	ldr	r2, [pc, #144]	@ (100061bc <process_set_config+0x18c>)
1000612a:	18d2      	adds	r2, r2, r3
1000612c:	7912      	ldrb	r2, [r2, #4]
1000612e:	2aff      	cmp	r2, #255	@ 0xff
10006130:	d10c      	bne.n	1000614c <process_set_config+0x11c>
10006132:	4a22      	ldr	r2, [pc, #136]	@ (100061bc <process_set_config+0x18c>)
10006134:	18d3      	adds	r3, r2, r3
10006136:	711d      	strb	r5, [r3, #4]
10006138:	3001      	adds	r0, #1
1000613a:	b2c0      	uxtb	r0, r0
1000613c:	e7ef      	b.n	1000611e <process_set_config+0xee>
1000613e:	6921      	ldr	r1, [r4, #16]
10006140:	4a24      	ldr	r2, [pc, #144]	@ (100061d4 <process_set_config+0x1a4>)
10006142:	4291      	cmp	r1, r2
10006144:	d1e9      	bne.n	1000611a <process_set_config+0xea>
10006146:	9b01      	ldr	r3, [sp, #4]
10006148:	4699      	mov	r9, r3
1000614a:	e7e6      	b.n	1000611a <process_set_config+0xea>
1000614c:	4918      	ldr	r1, [pc, #96]	@ (100061b0 <process_set_config+0x180>)
1000614e:	4819      	ldr	r0, [pc, #100]	@ (100061b4 <process_set_config+0x184>)
10006150:	4a21      	ldr	r2, [pc, #132]	@ (100061d8 <process_set_config+0x1a8>)
10006152:	f7ff f88b 	bl	1000526c <__wrap_printf>
10006156:	2000      	movs	r0, #0
10006158:	e782      	b.n	10006060 <process_set_config+0x30>
1000615a:	4820      	ldr	r0, [pc, #128]	@ (100061dc <process_set_config+0x1ac>)
1000615c:	002b      	movs	r3, r5
1000615e:	9c00      	ldr	r4, [sp, #0]
10006160:	0022      	movs	r2, r4
10006162:	0039      	movs	r1, r7
10006164:	f001 fc82 	bl	10007a6c <tu_edpt_bind_driver>
10006168:	46a4      	mov	ip, r4
1000616a:	4467      	add	r7, ip
1000616c:	e000      	b.n	10006170 <process_set_config+0x140>
1000616e:	002e      	movs	r6, r5
10006170:	4b15      	ldr	r3, [pc, #84]	@ (100061c8 <process_set_config+0x198>)
10006172:	781b      	ldrb	r3, [r3, #0]
10006174:	3301      	adds	r3, #1
10006176:	429e      	cmp	r6, r3
10006178:	dc0f      	bgt.n	1000619a <process_set_config+0x16a>
1000617a:	455f      	cmp	r7, fp
1000617c:	d215      	bcs.n	100061aa <process_set_config+0x17a>
1000617e:	787b      	ldrb	r3, [r7, #1]
10006180:	2b0b      	cmp	r3, #11
10006182:	d093      	beq.n	100060ac <process_set_config+0x7c>
10006184:	2301      	movs	r3, #1
10006186:	4699      	mov	r9, r3
10006188:	787a      	ldrb	r2, [r7, #1]
1000618a:	2a04      	cmp	r2, #4
1000618c:	d193      	bne.n	100060b6 <process_set_config+0x86>
1000618e:	465b      	mov	r3, fp
10006190:	1bda      	subs	r2, r3, r7
10006192:	b293      	uxth	r3, r2
10006194:	2500      	movs	r5, #0
10006196:	001c      	movs	r4, r3
10006198:	e7a4      	b.n	100060e4 <process_set_config+0xb4>
1000619a:	2285      	movs	r2, #133	@ 0x85
1000619c:	4904      	ldr	r1, [pc, #16]	@ (100061b0 <process_set_config+0x180>)
1000619e:	4805      	ldr	r0, [pc, #20]	@ (100061b4 <process_set_config+0x184>)
100061a0:	00d2      	lsls	r2, r2, #3
100061a2:	f7ff f863 	bl	1000526c <__wrap_printf>
100061a6:	2000      	movs	r0, #0
100061a8:	e75a      	b.n	10006060 <process_set_config+0x30>
100061aa:	2001      	movs	r0, #1
100061ac:	e758      	b.n	10006060 <process_set_config+0x30>
100061ae:	46c0      	nop			@ (mov r8, r8)
100061b0:	10009d28 	.word	0x10009d28
100061b4:	100095c8 	.word	0x100095c8
100061b8:	000003d6 	.word	0x000003d6
100061bc:	200011e4 	.word	0x200011e4
100061c0:	000003f1 	.word	0x000003f1
100061c4:	10009d88 	.word	0x10009d88
100061c8:	20001d92 	.word	0x20001d92
100061cc:	20001034 	.word	0x20001034
100061d0:	000003fa 	.word	0x000003fa
100061d4:	100071a9 	.word	0x100071a9
100061d8:	00000419 	.word	0x00000419
100061dc:	200011f8 	.word	0x200011f8

100061e0 <tud_event_hook_cb>:
100061e0:	4770      	bx	lr

100061e2 <tud_sof_cb>:
100061e2:	4770      	bx	lr

100061e4 <tud_descriptor_device_qualifier_cb>:
100061e4:	2000      	movs	r0, #0
100061e6:	4770      	bx	lr

100061e8 <tud_descriptor_other_speed_configuration_cb>:
100061e8:	2000      	movs	r0, #0
100061ea:	4770      	bx	lr

100061ec <process_get_descriptor>:
100061ec:	b570      	push	{r4, r5, r6, lr}
100061ee:	0005      	movs	r5, r0
100061f0:	000c      	movs	r4, r1
100061f2:	78cb      	ldrb	r3, [r1, #3]
100061f4:	7888      	ldrb	r0, [r1, #2]
100061f6:	2b0f      	cmp	r3, #15
100061f8:	d853      	bhi.n	100062a2 <process_get_descriptor+0xb6>
100061fa:	009a      	lsls	r2, r3, #2
100061fc:	492e      	ldr	r1, [pc, #184]	@ (100062b8 <process_get_descriptor+0xcc>)
100061fe:	588a      	ldr	r2, [r1, r2]
10006200:	4697      	mov	pc, r2
10006202:	f7ff fc1f 	bl	10005a44 <tud_descriptor_device_cb>
10006206:	1e02      	subs	r2, r0, #0
10006208:	d005      	beq.n	10006216 <process_get_descriptor+0x2a>
1000620a:	2312      	movs	r3, #18
1000620c:	0021      	movs	r1, r4
1000620e:	0028      	movs	r0, r5
10006210:	f000 fd1c 	bl	10006c4c <tud_control_xfer>
10006214:	e046      	b.n	100062a4 <process_get_descriptor+0xb8>
10006216:	4929      	ldr	r1, [pc, #164]	@ (100062bc <process_get_descriptor+0xd0>)
10006218:	4829      	ldr	r0, [pc, #164]	@ (100062c0 <process_get_descriptor+0xd4>)
1000621a:	4a2a      	ldr	r2, [pc, #168]	@ (100062c4 <process_get_descriptor+0xd8>)
1000621c:	f7ff f826 	bl	1000526c <__wrap_printf>
10006220:	2000      	movs	r0, #0
10006222:	e03f      	b.n	100062a4 <process_get_descriptor+0xb8>
10006224:	f7ff f9a0 	bl	10005568 <tud_descriptor_bos_cb>
10006228:	1e02      	subs	r2, r0, #0
1000622a:	d03c      	beq.n	100062a6 <process_get_descriptor+0xba>
1000622c:	7881      	ldrb	r1, [r0, #2]
1000622e:	78c3      	ldrb	r3, [r0, #3]
10006230:	021b      	lsls	r3, r3, #8
10006232:	430b      	orrs	r3, r1
10006234:	0021      	movs	r1, r4
10006236:	0028      	movs	r0, r5
10006238:	f000 fd08 	bl	10006c4c <tud_control_xfer>
1000623c:	e032      	b.n	100062a4 <process_get_descriptor+0xb8>
1000623e:	2b02      	cmp	r3, #2
10006240:	d00c      	beq.n	1000625c <process_get_descriptor+0x70>
10006242:	f7ff ffd1 	bl	100061e8 <tud_descriptor_other_speed_configuration_cb>
10006246:	1e02      	subs	r2, r0, #0
10006248:	d02f      	beq.n	100062aa <process_get_descriptor+0xbe>
1000624a:	7891      	ldrb	r1, [r2, #2]
1000624c:	78d3      	ldrb	r3, [r2, #3]
1000624e:	021b      	lsls	r3, r3, #8
10006250:	430b      	orrs	r3, r1
10006252:	0021      	movs	r1, r4
10006254:	0028      	movs	r0, r5
10006256:	f000 fcf9 	bl	10006c4c <tud_control_xfer>
1000625a:	e023      	b.n	100062a4 <process_get_descriptor+0xb8>
1000625c:	f7ff fbf6 	bl	10005a4c <tud_descriptor_configuration_cb>
10006260:	1e02      	subs	r2, r0, #0
10006262:	d1f2      	bne.n	1000624a <process_get_descriptor+0x5e>
10006264:	4915      	ldr	r1, [pc, #84]	@ (100062bc <process_get_descriptor+0xd0>)
10006266:	4816      	ldr	r0, [pc, #88]	@ (100062c0 <process_get_descriptor+0xd4>)
10006268:	4a17      	ldr	r2, [pc, #92]	@ (100062c8 <process_get_descriptor+0xdc>)
1000626a:	f7fe ffff 	bl	1000526c <__wrap_printf>
1000626e:	2000      	movs	r0, #0
10006270:	e018      	b.n	100062a4 <process_get_descriptor+0xb8>
10006272:	7923      	ldrb	r3, [r4, #4]
10006274:	7961      	ldrb	r1, [r4, #5]
10006276:	0209      	lsls	r1, r1, #8
10006278:	4319      	orrs	r1, r3
1000627a:	f7ff fbeb 	bl	10005a54 <tud_descriptor_string_cb>
1000627e:	1e02      	subs	r2, r0, #0
10006280:	d015      	beq.n	100062ae <process_get_descriptor+0xc2>
10006282:	7803      	ldrb	r3, [r0, #0]
10006284:	0021      	movs	r1, r4
10006286:	0028      	movs	r0, r5
10006288:	f000 fce0 	bl	10006c4c <tud_control_xfer>
1000628c:	e00a      	b.n	100062a4 <process_get_descriptor+0xb8>
1000628e:	f7ff ffa9 	bl	100061e4 <tud_descriptor_device_qualifier_cb>
10006292:	1e02      	subs	r2, r0, #0
10006294:	d00d      	beq.n	100062b2 <process_get_descriptor+0xc6>
10006296:	7803      	ldrb	r3, [r0, #0]
10006298:	0021      	movs	r1, r4
1000629a:	0028      	movs	r0, r5
1000629c:	f000 fcd6 	bl	10006c4c <tud_control_xfer>
100062a0:	e000      	b.n	100062a4 <process_get_descriptor+0xb8>
100062a2:	2000      	movs	r0, #0
100062a4:	bd70      	pop	{r4, r5, r6, pc}
100062a6:	2000      	movs	r0, #0
100062a8:	e7fc      	b.n	100062a4 <process_get_descriptor+0xb8>
100062aa:	2000      	movs	r0, #0
100062ac:	e7fa      	b.n	100062a4 <process_get_descriptor+0xb8>
100062ae:	2000      	movs	r0, #0
100062b0:	e7f8      	b.n	100062a4 <process_get_descriptor+0xb8>
100062b2:	2000      	movs	r0, #0
100062b4:	e7f6      	b.n	100062a4 <process_get_descriptor+0xb8>
100062b6:	46c0      	nop			@ (mov r8, r8)
100062b8:	10009c28 	.word	0x10009c28
100062bc:	10009d10 	.word	0x10009d10
100062c0:	100095c8 	.word	0x100095c8
100062c4:	0000043a 	.word	0x0000043a
100062c8:	00000461 	.word	0x00000461

100062cc <tud_mount_cb>:
100062cc:	4770      	bx	lr

100062ce <tud_umount_cb>:
100062ce:	4770      	bx	lr

100062d0 <tud_suspend_cb>:
100062d0:	4770      	bx	lr

100062d2 <tud_resume_cb>:
100062d2:	4770      	bx	lr

100062d4 <tud_mounted>:
100062d4:	4b02      	ldr	r3, [pc, #8]	@ (100062e0 <tud_mounted+0xc>)
100062d6:	7858      	ldrb	r0, [r3, #1]
100062d8:	1e43      	subs	r3, r0, #1
100062da:	4198      	sbcs	r0, r3
100062dc:	b2c0      	uxtb	r0, r0
100062de:	4770      	bx	lr
100062e0:	200011e4 	.word	0x200011e4

100062e4 <tud_suspended>:
100062e4:	4b02      	ldr	r3, [pc, #8]	@ (100062f0 <tud_suspended+0xc>)
100062e6:	7818      	ldrb	r0, [r3, #0]
100062e8:	0740      	lsls	r0, r0, #29
100062ea:	0fc0      	lsrs	r0, r0, #31
100062ec:	4770      	bx	lr
100062ee:	46c0      	nop			@ (mov r8, r8)
100062f0:	200011e4 	.word	0x200011e4

100062f4 <tud_inited>:
100062f4:	4b03      	ldr	r3, [pc, #12]	@ (10006304 <tud_inited+0x10>)
100062f6:	7818      	ldrb	r0, [r3, #0]
100062f8:	38ff      	subs	r0, #255	@ 0xff
100062fa:	1e43      	subs	r3, r0, #1
100062fc:	4198      	sbcs	r0, r3
100062fe:	b2c0      	uxtb	r0, r0
10006300:	4770      	bx	lr
10006302:	46c0      	nop			@ (mov r8, r8)
10006304:	20000cdc 	.word	0x20000cdc

10006308 <tud_rhport_init>:
10006308:	b5f8      	push	{r3, r4, r5, r6, r7, lr}
1000630a:	0005      	movs	r5, r0
1000630c:	000f      	movs	r7, r1
1000630e:	f7ff fff1 	bl	100062f4 <tud_inited>
10006312:	1e06      	subs	r6, r0, #0
10006314:	d148      	bne.n	100063a8 <tud_rhport_init+0xa0>
10006316:	2f00      	cmp	r7, #0
10006318:	d021      	beq.n	1000635e <tud_rhport_init+0x56>
1000631a:	482e      	ldr	r0, [pc, #184]	@ (100063d4 <tud_rhport_init+0xcc>)
1000631c:	2254      	movs	r2, #84	@ 0x54
1000631e:	2100      	movs	r1, #0
10006320:	f7fd fd46 	bl	10003db0 <__wrap_memset>
10006324:	4b2c      	ldr	r3, [pc, #176]	@ (100063d8 <tud_rhport_init+0xd0>)
10006326:	2200      	movs	r2, #0
10006328:	701a      	strb	r2, [r3, #0]
1000632a:	4c2c      	ldr	r4, [pc, #176]	@ (100063dc <tud_rhport_init+0xd4>)
1000632c:	0020      	movs	r0, r4
1000632e:	f7fa ffcd 	bl	100012cc <mutex_init>
10006332:	4b2b      	ldr	r3, [pc, #172]	@ (100063e0 <tud_rhport_init+0xd8>)
10006334:	601c      	str	r4, [r3, #0]
10006336:	4c2b      	ldr	r4, [pc, #172]	@ (100063e4 <tud_rhport_init+0xdc>)
10006338:	0020      	movs	r0, r4
1000633a:	f7fb f813 	bl	10001364 <critical_section_init>
1000633e:	3c14      	subs	r4, #20
10006340:	0020      	movs	r0, r4
10006342:	f001 ff2a 	bl	1000819a <tu_fifo_clear>
10006346:	4b28      	ldr	r3, [pc, #160]	@ (100063e8 <tud_rhport_init+0xe0>)
10006348:	601c      	str	r4, [r3, #0]
1000634a:	4b28      	ldr	r3, [pc, #160]	@ (100063ec <tud_rhport_init+0xe4>)
1000634c:	2b00      	cmp	r3, #0
1000634e:	d004      	beq.n	1000635a <tud_rhport_init+0x52>
10006350:	4827      	ldr	r0, [pc, #156]	@ (100063f0 <tud_rhport_init+0xe8>)
10006352:	f7ff f929 	bl	100055a8 <usbd_app_driver_get_cb>
10006356:	4b27      	ldr	r3, [pc, #156]	@ (100063f4 <tud_rhport_init+0xec>)
10006358:	6018      	str	r0, [r3, #0]
1000635a:	2400      	movs	r4, #0
1000635c:	e010      	b.n	10006380 <tud_rhport_init+0x78>
1000635e:	22e9      	movs	r2, #233	@ 0xe9
10006360:	4925      	ldr	r1, [pc, #148]	@ (100063f8 <tud_rhport_init+0xf0>)
10006362:	4826      	ldr	r0, [pc, #152]	@ (100063fc <tud_rhport_init+0xf4>)
10006364:	0052      	lsls	r2, r2, #1
10006366:	f7fe ff81 	bl	1000526c <__wrap_printf>
1000636a:	e01d      	b.n	100063a8 <tud_rhport_init+0xa0>
1000636c:	1a9b      	subs	r3, r3, r2
1000636e:	015b      	lsls	r3, r3, #5
10006370:	4a23      	ldr	r2, [pc, #140]	@ (10006400 <tud_rhport_init+0xf8>)
10006372:	189b      	adds	r3, r3, r2
10006374:	685b      	ldr	r3, [r3, #4]
10006376:	2b00      	cmp	r3, #0
10006378:	d010      	beq.n	1000639c <tud_rhport_init+0x94>
1000637a:	4798      	blx	r3
1000637c:	3401      	adds	r4, #1
1000637e:	b2e4      	uxtb	r4, r4
10006380:	4b1b      	ldr	r3, [pc, #108]	@ (100063f0 <tud_rhport_init+0xe8>)
10006382:	781a      	ldrb	r2, [r3, #0]
10006384:	0023      	movs	r3, r4
10006386:	1c51      	adds	r1, r2, #1
10006388:	42a1      	cmp	r1, r4
1000638a:	db0f      	blt.n	100063ac <tud_rhport_init+0xa4>
1000638c:	42a2      	cmp	r2, r4
1000638e:	d9ed      	bls.n	1000636c <tud_rhport_init+0x64>
10006390:	4b18      	ldr	r3, [pc, #96]	@ (100063f4 <tud_rhport_init+0xec>)
10006392:	681b      	ldr	r3, [r3, #0]
10006394:	0162      	lsls	r2, r4, #5
10006396:	189b      	adds	r3, r3, r2
10006398:	2b00      	cmp	r3, #0
1000639a:	d1eb      	bne.n	10006374 <tud_rhport_init+0x6c>
1000639c:	22f8      	movs	r2, #248	@ 0xf8
1000639e:	4916      	ldr	r1, [pc, #88]	@ (100063f8 <tud_rhport_init+0xf0>)
100063a0:	4816      	ldr	r0, [pc, #88]	@ (100063fc <tud_rhport_init+0xf4>)
100063a2:	0052      	lsls	r2, r2, #1
100063a4:	f7fe ff62 	bl	1000526c <__wrap_printf>
100063a8:	0030      	movs	r0, r6
100063aa:	bdf8      	pop	{r3, r4, r5, r6, r7, pc}
100063ac:	4b15      	ldr	r3, [pc, #84]	@ (10006404 <tud_rhport_init+0xfc>)
100063ae:	701d      	strb	r5, [r3, #0]
100063b0:	0039      	movs	r1, r7
100063b2:	0028      	movs	r0, r5
100063b4:	f7ff fcc8 	bl	10005d48 <dcd_init>
100063b8:	1e06      	subs	r6, r0, #0
100063ba:	d003      	beq.n	100063c4 <tud_rhport_init+0xbc>
100063bc:	0028      	movs	r0, r5
100063be:	f7ff fc8f 	bl	10005ce0 <dcd_int_enable>
100063c2:	e7f1      	b.n	100063a8 <tud_rhport_init+0xa0>
100063c4:	22fc      	movs	r2, #252	@ 0xfc
100063c6:	490c      	ldr	r1, [pc, #48]	@ (100063f8 <tud_rhport_init+0xf0>)
100063c8:	480c      	ldr	r0, [pc, #48]	@ (100063fc <tud_rhport_init+0xf4>)
100063ca:	0052      	lsls	r2, r2, #1
100063cc:	f7fe ff4e 	bl	1000526c <__wrap_printf>
100063d0:	e7ea      	b.n	100063a8 <tud_rhport_init+0xa0>
100063d2:	46c0      	nop			@ (mov r8, r8)
100063d4:	200011e4 	.word	0x200011e4
100063d8:	20001d94 	.word	0x20001d94
100063dc:	200011dc 	.word	0x200011dc
100063e0:	20001238 	.word	0x20001238
100063e4:	20000cd4 	.word	0x20000cd4
100063e8:	2000123c 	.word	0x2000123c
100063ec:	100055a9 	.word	0x100055a9
100063f0:	20001d92 	.word	0x20001d92
100063f4:	20001034 	.word	0x20001034
100063f8:	10009d78 	.word	0x10009d78
100063fc:	100095c8 	.word	0x100095c8
10006400:	10009d88 	.word	0x10009d88
10006404:	20000cdc 	.word	0x20000cdc

10006408 <usbd_edpt_open>:
10006408:	b570      	push	{r4, r5, r6, lr}
1000640a:	000d      	movs	r5, r1
1000640c:	4b10      	ldr	r3, [pc, #64]	@ (10006450 <usbd_edpt_open+0x48>)
1000640e:	781e      	ldrb	r6, [r3, #0]
10006410:	788b      	ldrb	r3, [r1, #2]
10006412:	2270      	movs	r2, #112	@ 0x70
10006414:	421a      	tst	r2, r3
10006416:	d10d      	bne.n	10006434 <usbd_edpt_open+0x2c>
10006418:	4b0e      	ldr	r3, [pc, #56]	@ (10006454 <usbd_edpt_open+0x4c>)
1000641a:	7899      	ldrb	r1, [r3, #2]
1000641c:	0028      	movs	r0, r5
1000641e:	f001 facf 	bl	100079c0 <tu_edpt_validate>
10006422:	1e04      	subs	r4, r0, #0
10006424:	d00d      	beq.n	10006442 <usbd_edpt_open+0x3a>
10006426:	0029      	movs	r1, r5
10006428:	0030      	movs	r0, r6
1000642a:	f7ff fce9 	bl	10005e00 <dcd_edpt_open>
1000642e:	0004      	movs	r4, r0
10006430:	0020      	movs	r0, r4
10006432:	bd70      	pop	{r4, r5, r6, pc}
10006434:	4908      	ldr	r1, [pc, #32]	@ (10006458 <usbd_edpt_open+0x50>)
10006436:	4809      	ldr	r0, [pc, #36]	@ (1000645c <usbd_edpt_open+0x54>)
10006438:	4a09      	ldr	r2, [pc, #36]	@ (10006460 <usbd_edpt_open+0x58>)
1000643a:	f7fe ff17 	bl	1000526c <__wrap_printf>
1000643e:	2400      	movs	r4, #0
10006440:	e7f6      	b.n	10006430 <usbd_edpt_open+0x28>
10006442:	4905      	ldr	r1, [pc, #20]	@ (10006458 <usbd_edpt_open+0x50>)
10006444:	4805      	ldr	r0, [pc, #20]	@ (1000645c <usbd_edpt_open+0x54>)
10006446:	4a07      	ldr	r2, [pc, #28]	@ (10006464 <usbd_edpt_open+0x5c>)
10006448:	f7fe ff10 	bl	1000526c <__wrap_printf>
1000644c:	e7f0      	b.n	10006430 <usbd_edpt_open+0x28>
1000644e:	46c0      	nop			@ (mov r8, r8)
10006450:	20000cdc 	.word	0x20000cdc
10006454:	200011e4 	.word	0x200011e4
10006458:	10009ce0 	.word	0x10009ce0
1000645c:	100095c8 	.word	0x100095c8
10006460:	0000050b 	.word	0x0000050b
10006464:	0000050c 	.word	0x0000050c

10006468 <usbd_open_edpt_pair>:
10006468:	b5f0      	push	{r4, r5, r6, r7, lr}
1000646a:	46d6      	mov	lr, sl
1000646c:	464f      	mov	r7, r9
1000646e:	4646      	mov	r6, r8
10006470:	b5c0      	push	{r6, r7, lr}
10006472:	4681      	mov	r9, r0
10006474:	000c      	movs	r4, r1
10006476:	0017      	movs	r7, r2
10006478:	4698      	mov	r8, r3
1000647a:	9b08      	ldr	r3, [sp, #32]
1000647c:	469a      	mov	sl, r3
1000647e:	2500      	movs	r5, #0
10006480:	e017      	b.n	100064b2 <usbd_open_edpt_pair+0x4a>
10006482:	4918      	ldr	r1, [pc, #96]	@ (100064e4 <usbd_open_edpt_pair+0x7c>)
10006484:	4818      	ldr	r0, [pc, #96]	@ (100064e8 <usbd_open_edpt_pair+0x80>)
10006486:	4a19      	ldr	r2, [pc, #100]	@ (100064ec <usbd_open_edpt_pair+0x84>)
10006488:	f7fe fef0 	bl	1000526c <__wrap_printf>
1000648c:	2600      	movs	r6, #0
1000648e:	0030      	movs	r0, r6
10006490:	bce0      	pop	{r5, r6, r7}
10006492:	46ba      	mov	sl, r7
10006494:	46b1      	mov	r9, r6
10006496:	46a8      	mov	r8, r5
10006498:	bdf0      	pop	{r4, r5, r6, r7, pc}
1000649a:	229d      	movs	r2, #157	@ 0x9d
1000649c:	4911      	ldr	r1, [pc, #68]	@ (100064e4 <usbd_open_edpt_pair+0x7c>)
1000649e:	4812      	ldr	r0, [pc, #72]	@ (100064e8 <usbd_open_edpt_pair+0x80>)
100064a0:	00d2      	lsls	r2, r2, #3
100064a2:	f7fe fee3 	bl	1000526c <__wrap_printf>
100064a6:	e7f2      	b.n	1000648e <usbd_open_edpt_pair+0x26>
100064a8:	9a09      	ldr	r2, [sp, #36]	@ 0x24
100064aa:	7013      	strb	r3, [r2, #0]
100064ac:	7823      	ldrb	r3, [r4, #0]
100064ae:	18e4      	adds	r4, r4, r3
100064b0:	3501      	adds	r5, #1
100064b2:	42af      	cmp	r7, r5
100064b4:	dd14      	ble.n	100064e0 <usbd_open_edpt_pair+0x78>
100064b6:	7863      	ldrb	r3, [r4, #1]
100064b8:	2b05      	cmp	r3, #5
100064ba:	d1e2      	bne.n	10006482 <usbd_open_edpt_pair+0x1a>
100064bc:	78e1      	ldrb	r1, [r4, #3]
100064be:	0789      	lsls	r1, r1, #30
100064c0:	0f89      	lsrs	r1, r1, #30
100064c2:	4541      	cmp	r1, r8
100064c4:	d1dd      	bne.n	10006482 <usbd_open_edpt_pair+0x1a>
100064c6:	0021      	movs	r1, r4
100064c8:	4648      	mov	r0, r9
100064ca:	f7ff ff9d 	bl	10006408 <usbd_edpt_open>
100064ce:	1e06      	subs	r6, r0, #0
100064d0:	d0e3      	beq.n	1000649a <usbd_open_edpt_pair+0x32>
100064d2:	78a3      	ldrb	r3, [r4, #2]
100064d4:	09da      	lsrs	r2, r3, #7
100064d6:	2a01      	cmp	r2, #1
100064d8:	d0e6      	beq.n	100064a8 <usbd_open_edpt_pair+0x40>
100064da:	4652      	mov	r2, sl
100064dc:	7013      	strb	r3, [r2, #0]
100064de:	e7e5      	b.n	100064ac <usbd_open_edpt_pair+0x44>
100064e0:	2601      	movs	r6, #1
100064e2:	e7d4      	b.n	1000648e <usbd_open_edpt_pair+0x26>
100064e4:	10009cf0 	.word	0x10009cf0
100064e8:	100095c8 	.word	0x100095c8
100064ec:	000004e7 	.word	0x000004e7

100064f0 <usbd_edpt_claim>:
100064f0:	b510      	push	{r4, lr}
100064f2:	207f      	movs	r0, #127	@ 0x7f
100064f4:	4008      	ands	r0, r1
100064f6:	09c9      	lsrs	r1, r1, #7
100064f8:	0040      	lsls	r0, r0, #1
100064fa:	1840      	adds	r0, r0, r1
100064fc:	3030      	adds	r0, #48	@ 0x30
100064fe:	4b04      	ldr	r3, [pc, #16]	@ (10006510 <usbd_edpt_claim+0x20>)
10006500:	18c0      	adds	r0, r0, r3
10006502:	3004      	adds	r0, #4
10006504:	4b03      	ldr	r3, [pc, #12]	@ (10006514 <usbd_edpt_claim+0x24>)
10006506:	6819      	ldr	r1, [r3, #0]
10006508:	f001 fa16 	bl	10007938 <tu_edpt_claim>
1000650c:	bd10      	pop	{r4, pc}
1000650e:	46c0      	nop			@ (mov r8, r8)
10006510:	200011e4 	.word	0x200011e4
10006514:	20001238 	.word	0x20001238

10006518 <usbd_edpt_release>:
10006518:	b510      	push	{r4, lr}
1000651a:	207f      	movs	r0, #127	@ 0x7f
1000651c:	4008      	ands	r0, r1
1000651e:	09c9      	lsrs	r1, r1, #7
10006520:	0040      	lsls	r0, r0, #1
10006522:	1840      	adds	r0, r0, r1
10006524:	3030      	adds	r0, #48	@ 0x30
10006526:	4b04      	ldr	r3, [pc, #16]	@ (10006538 <usbd_edpt_release+0x20>)
10006528:	18c0      	adds	r0, r0, r3
1000652a:	3004      	adds	r0, #4
1000652c:	4b03      	ldr	r3, [pc, #12]	@ (1000653c <usbd_edpt_release+0x24>)
1000652e:	6819      	ldr	r1, [r3, #0]
10006530:	f001 fa2a 	bl	10007988 <tu_edpt_release>
10006534:	bd10      	pop	{r4, pc}
10006536:	46c0      	nop			@ (mov r8, r8)
10006538:	200011e4 	.word	0x200011e4
1000653c:	20001238 	.word	0x20001238

10006540 <usbd_edpt_xfer>:
10006540:	b5f0      	push	{r4, r5, r6, r7, lr}
10006542:	46c6      	mov	lr, r8
10006544:	b500      	push	{lr}
10006546:	b082      	sub	sp, #8
10006548:	9301      	str	r3, [sp, #4]
1000654a:	481a      	ldr	r0, [pc, #104]	@ (100065b4 <usbd_edpt_xfer+0x74>)
1000654c:	7800      	ldrb	r0, [r0, #0]
1000654e:	257f      	movs	r5, #127	@ 0x7f
10006550:	400d      	ands	r5, r1
10006552:	09ce      	lsrs	r6, r1, #7
10006554:	4c18      	ldr	r4, [pc, #96]	@ (100065b8 <usbd_edpt_xfer+0x78>)
10006556:	006f      	lsls	r7, r5, #1
10006558:	19e4      	adds	r4, r4, r7
1000655a:	19a4      	adds	r4, r4, r6
1000655c:	3430      	adds	r4, #48	@ 0x30
1000655e:	7924      	ldrb	r4, [r4, #4]
10006560:	07e4      	lsls	r4, r4, #31
10006562:	d41d      	bmi.n	100065a0 <usbd_edpt_xfer+0x60>
10006564:	4c14      	ldr	r4, [pc, #80]	@ (100065b8 <usbd_edpt_xfer+0x78>)
10006566:	006f      	lsls	r7, r5, #1
10006568:	19e4      	adds	r4, r4, r7
1000656a:	19a4      	adds	r4, r4, r6
1000656c:	3430      	adds	r4, #48	@ 0x30
1000656e:	7923      	ldrb	r3, [r4, #4]
10006570:	2701      	movs	r7, #1
10006572:	46bc      	mov	ip, r7
10006574:	4667      	mov	r7, ip
10006576:	433b      	orrs	r3, r7
10006578:	7123      	strb	r3, [r4, #4]
1000657a:	9b01      	ldr	r3, [sp, #4]
1000657c:	f7ff fc58 	bl	10005e30 <dcd_edpt_xfer>
10006580:	2800      	cmp	r0, #0
10006582:	d113      	bne.n	100065ac <usbd_edpt_xfer+0x6c>
10006584:	4b0c      	ldr	r3, [pc, #48]	@ (100065b8 <usbd_edpt_xfer+0x78>)
10006586:	006d      	lsls	r5, r5, #1
10006588:	195b      	adds	r3, r3, r5
1000658a:	199b      	adds	r3, r3, r6
1000658c:	3330      	adds	r3, #48	@ 0x30
1000658e:	791a      	ldrb	r2, [r3, #4]
10006590:	2101      	movs	r1, #1
10006592:	438a      	bics	r2, r1
10006594:	711a      	strb	r2, [r3, #4]
10006596:	791a      	ldrb	r2, [r3, #4]
10006598:	3103      	adds	r1, #3
1000659a:	438a      	bics	r2, r1
1000659c:	711a      	strb	r2, [r3, #4]
1000659e:	e005      	b.n	100065ac <usbd_edpt_xfer+0x6c>
100065a0:	4906      	ldr	r1, [pc, #24]	@ (100065bc <usbd_edpt_xfer+0x7c>)
100065a2:	4807      	ldr	r0, [pc, #28]	@ (100065c0 <usbd_edpt_xfer+0x80>)
100065a4:	4a07      	ldr	r2, [pc, #28]	@ (100065c4 <usbd_edpt_xfer+0x84>)
100065a6:	f7fe fe61 	bl	1000526c <__wrap_printf>
100065aa:	2000      	movs	r0, #0
100065ac:	b002      	add	sp, #8
100065ae:	bc80      	pop	{r7}
100065b0:	46b8      	mov	r8, r7
100065b2:	bdf0      	pop	{r4, r5, r6, r7, pc}
100065b4:	20000cdc 	.word	0x20000cdc
100065b8:	200011e4 	.word	0x200011e4
100065bc:	10009cd0 	.word	0x10009cd0
100065c0:	100095c8 	.word	0x100095c8
100065c4:	00000539 	.word	0x00000539

100065c8 <usbd_edpt_stall>:
100065c8:	b570      	push	{r4, r5, r6, lr}
100065ca:	4b0a      	ldr	r3, [pc, #40]	@ (100065f4 <usbd_edpt_stall+0x2c>)
100065cc:	7818      	ldrb	r0, [r3, #0]
100065ce:	247f      	movs	r4, #127	@ 0x7f
100065d0:	400c      	ands	r4, r1
100065d2:	09cd      	lsrs	r5, r1, #7
100065d4:	f7ff fc44 	bl	10005e60 <dcd_edpt_stall>
100065d8:	4a07      	ldr	r2, [pc, #28]	@ (100065f8 <usbd_edpt_stall+0x30>)
100065da:	0064      	lsls	r4, r4, #1
100065dc:	1913      	adds	r3, r2, r4
100065de:	195b      	adds	r3, r3, r5
100065e0:	3330      	adds	r3, #48	@ 0x30
100065e2:	791a      	ldrb	r2, [r3, #4]
100065e4:	2102      	movs	r1, #2
100065e6:	430a      	orrs	r2, r1
100065e8:	711a      	strb	r2, [r3, #4]
100065ea:	791a      	ldrb	r2, [r3, #4]
100065ec:	2101      	movs	r1, #1
100065ee:	430a      	orrs	r2, r1
100065f0:	711a      	strb	r2, [r3, #4]
100065f2:	bd70      	pop	{r4, r5, r6, pc}
100065f4:	20000cdc 	.word	0x20000cdc
100065f8:	200011e4 	.word	0x200011e4

100065fc <usbd_edpt_clear_stall>:
100065fc:	b570      	push	{r4, r5, r6, lr}
100065fe:	4b0a      	ldr	r3, [pc, #40]	@ (10006628 <usbd_edpt_clear_stall+0x2c>)
10006600:	7818      	ldrb	r0, [r3, #0]
10006602:	247f      	movs	r4, #127	@ 0x7f
10006604:	400c      	ands	r4, r1
10006606:	09cd      	lsrs	r5, r1, #7
10006608:	f7ff fc48 	bl	10005e9c <dcd_edpt_clear_stall>
1000660c:	4a07      	ldr	r2, [pc, #28]	@ (1000662c <usbd_edpt_clear_stall+0x30>)
1000660e:	0064      	lsls	r4, r4, #1
10006610:	1913      	adds	r3, r2, r4
10006612:	195b      	adds	r3, r3, r5
10006614:	3330      	adds	r3, #48	@ 0x30
10006616:	791a      	ldrb	r2, [r3, #4]
10006618:	2102      	movs	r1, #2
1000661a:	438a      	bics	r2, r1
1000661c:	711a      	strb	r2, [r3, #4]
1000661e:	791a      	ldrb	r2, [r3, #4]
10006620:	3901      	subs	r1, #1
10006622:	438a      	bics	r2, r1
10006624:	711a      	strb	r2, [r3, #4]
10006626:	bd70      	pop	{r4, r5, r6, pc}
10006628:	20000cdc 	.word	0x20000cdc
1000662c:	200011e4 	.word	0x200011e4

10006630 <usbd_edpt_stalled>:
10006630:	227f      	movs	r2, #127	@ 0x7f
10006632:	400a      	ands	r2, r1
10006634:	09c9      	lsrs	r1, r1, #7
10006636:	4b04      	ldr	r3, [pc, #16]	@ (10006648 <usbd_edpt_stalled+0x18>)
10006638:	0052      	lsls	r2, r2, #1
1000663a:	189b      	adds	r3, r3, r2
1000663c:	185b      	adds	r3, r3, r1
1000663e:	3330      	adds	r3, #48	@ 0x30
10006640:	7918      	ldrb	r0, [r3, #4]
10006642:	0780      	lsls	r0, r0, #30
10006644:	0fc0      	lsrs	r0, r0, #31
10006646:	4770      	bx	lr
10006648:	200011e4 	.word	0x200011e4

1000664c <process_control_request>:
1000664c:	b5f0      	push	{r4, r5, r6, r7, lr}
1000664e:	46c6      	mov	lr, r8
10006650:	b500      	push	{lr}
10006652:	b082      	sub	sp, #8
10006654:	0005      	movs	r5, r0
10006656:	000c      	movs	r4, r1
10006658:	2000      	movs	r0, #0
1000665a:	f000 fb4d 	bl	10006cf8 <usbd_control_set_complete_callback>
1000665e:	7823      	ldrb	r3, [r4, #0]
10006660:	2260      	movs	r2, #96	@ 0x60
10006662:	401a      	ands	r2, r3
10006664:	2a60      	cmp	r2, #96	@ 0x60
10006666:	d01a      	beq.n	1000669e <process_control_request+0x52>
10006668:	2a40      	cmp	r2, #64	@ 0x40
1000666a:	d020      	beq.n	100066ae <process_control_request+0x62>
1000666c:	7823      	ldrb	r3, [r4, #0]
1000666e:	06db      	lsls	r3, r3, #27
10006670:	0edb      	lsrs	r3, r3, #27
10006672:	2b01      	cmp	r3, #1
10006674:	d100      	bne.n	10006678 <process_control_request+0x2c>
10006676:	e0d7      	b.n	10006828 <process_control_request+0x1dc>
10006678:	2b02      	cmp	r3, #2
1000667a:	d100      	bne.n	1000667e <process_control_request+0x32>
1000667c:	e117      	b.n	100068ae <process_control_request+0x262>
1000667e:	2b00      	cmp	r3, #0
10006680:	d000      	beq.n	10006684 <process_control_request+0x38>
10006682:	e17d      	b.n	10006980 <process_control_request+0x334>
10006684:	2a20      	cmp	r2, #32
10006686:	d01c      	beq.n	100066c2 <process_control_request+0x76>
10006688:	2a00      	cmp	r2, #0
1000668a:	d000      	beq.n	1000668e <process_control_request+0x42>
1000668c:	e182      	b.n	10006994 <process_control_request+0x348>
1000668e:	7863      	ldrb	r3, [r4, #1]
10006690:	2b09      	cmp	r3, #9
10006692:	d900      	bls.n	10006696 <process_control_request+0x4a>
10006694:	e180      	b.n	10006998 <process_control_request+0x34c>
10006696:	009b      	lsls	r3, r3, #2
10006698:	4ac6      	ldr	r2, [pc, #792]	@ (100069b4 <process_control_request+0x368>)
1000669a:	58d3      	ldr	r3, [r2, r3]
1000669c:	469f      	mov	pc, r3
1000669e:	3255      	adds	r2, #85	@ 0x55
100066a0:	49c5      	ldr	r1, [pc, #788]	@ (100069b8 <process_control_request+0x36c>)
100066a2:	48c6      	ldr	r0, [pc, #792]	@ (100069bc <process_control_request+0x370>)
100066a4:	0092      	lsls	r2, r2, #2
100066a6:	f7fe fde1 	bl	1000526c <__wrap_printf>
100066aa:	2600      	movs	r6, #0
100066ac:	e169      	b.n	10006982 <process_control_request+0x336>
100066ae:	48c4      	ldr	r0, [pc, #784]	@ (100069c0 <process_control_request+0x374>)
100066b0:	f000 fb22 	bl	10006cf8 <usbd_control_set_complete_callback>
100066b4:	0022      	movs	r2, r4
100066b6:	2101      	movs	r1, #1
100066b8:	0028      	movs	r0, r5
100066ba:	f7fe ff59 	bl	10005570 <tud_vendor_control_xfer_cb>
100066be:	0006      	movs	r6, r0
100066c0:	e15f      	b.n	10006982 <process_control_request+0x336>
100066c2:	7923      	ldrb	r3, [r4, #4]
100066c4:	2b0f      	cmp	r3, #15
100066c6:	d900      	bls.n	100066ca <process_control_request+0x7e>
100066c8:	e160      	b.n	1000698c <process_control_request+0x340>
100066ca:	4abe      	ldr	r2, [pc, #760]	@ (100069c4 <process_control_request+0x378>)
100066cc:	18d3      	adds	r3, r2, r3
100066ce:	791b      	ldrb	r3, [r3, #4]
100066d0:	4abd      	ldr	r2, [pc, #756]	@ (100069c8 <process_control_request+0x37c>)
100066d2:	7812      	ldrb	r2, [r2, #0]
100066d4:	4293      	cmp	r3, r2
100066d6:	d207      	bcs.n	100066e8 <process_control_request+0x9c>
100066d8:	4abc      	ldr	r2, [pc, #752]	@ (100069cc <process_control_request+0x380>)
100066da:	6811      	ldr	r1, [r2, #0]
100066dc:	015b      	lsls	r3, r3, #5
100066de:	18c9      	adds	r1, r1, r3
100066e0:	2900      	cmp	r1, #0
100066e2:	d109      	bne.n	100066f8 <process_control_request+0xac>
100066e4:	2600      	movs	r6, #0
100066e6:	e14c      	b.n	10006982 <process_control_request+0x336>
100066e8:	1c51      	adds	r1, r2, #1
100066ea:	4299      	cmp	r1, r3
100066ec:	da00      	bge.n	100066f0 <process_control_request+0xa4>
100066ee:	e14f      	b.n	10006990 <process_control_request+0x344>
100066f0:	1a9b      	subs	r3, r3, r2
100066f2:	015b      	lsls	r3, r3, #5
100066f4:	49b6      	ldr	r1, [pc, #728]	@ (100069d0 <process_control_request+0x384>)
100066f6:	1859      	adds	r1, r3, r1
100066f8:	0022      	movs	r2, r4
100066fa:	0028      	movs	r0, r5
100066fc:	f7ff fc8a 	bl	10006014 <invoke_class_control>
10006700:	0006      	movs	r6, r0
10006702:	e13e      	b.n	10006982 <process_control_request+0x336>
10006704:	0020      	movs	r0, r4
10006706:	f000 fafd 	bl	10006d04 <usbd_control_set_request>
1000670a:	78a1      	ldrb	r1, [r4, #2]
1000670c:	0028      	movs	r0, r5
1000670e:	f7ff fafd 	bl	10005d0c <dcd_set_address>
10006712:	4aac      	ldr	r2, [pc, #688]	@ (100069c4 <process_control_request+0x378>)
10006714:	7813      	ldrb	r3, [r2, #0]
10006716:	2102      	movs	r1, #2
10006718:	430b      	orrs	r3, r1
1000671a:	7013      	strb	r3, [r2, #0]
1000671c:	2601      	movs	r6, #1
1000671e:	e130      	b.n	10006982 <process_control_request+0x336>
10006720:	4ba8      	ldr	r3, [pc, #672]	@ (100069c4 <process_control_request+0x378>)
10006722:	785b      	ldrb	r3, [r3, #1]
10006724:	466a      	mov	r2, sp
10006726:	3206      	adds	r2, #6
10006728:	7013      	strb	r3, [r2, #0]
1000672a:	2301      	movs	r3, #1
1000672c:	0021      	movs	r1, r4
1000672e:	0028      	movs	r0, r5
10006730:	f000 fa8c 	bl	10006c4c <tud_control_xfer>
10006734:	2601      	movs	r6, #1
10006736:	e124      	b.n	10006982 <process_control_request+0x336>
10006738:	78a6      	ldrb	r6, [r4, #2]
1000673a:	4ba2      	ldr	r3, [pc, #648]	@ (100069c4 <process_control_request+0x378>)
1000673c:	785b      	ldrb	r3, [r3, #1]
1000673e:	b2db      	uxtb	r3, r3
10006740:	42b3      	cmp	r3, r6
10006742:	d02c      	beq.n	1000679e <process_control_request+0x152>
10006744:	4b9f      	ldr	r3, [pc, #636]	@ (100069c4 <process_control_request+0x378>)
10006746:	785b      	ldrb	r3, [r3, #1]
10006748:	2b00      	cmp	r3, #0
1000674a:	d10c      	bne.n	10006766 <process_control_request+0x11a>
1000674c:	4b9d      	ldr	r3, [pc, #628]	@ (100069c4 <process_control_request+0x378>)
1000674e:	705e      	strb	r6, [r3, #1]
10006750:	2e00      	cmp	r6, #0
10006752:	d022      	beq.n	1000679a <process_control_request+0x14e>
10006754:	0031      	movs	r1, r6
10006756:	0028      	movs	r0, r5
10006758:	f7ff fc6a 	bl	10006030 <process_set_config>
1000675c:	1e06      	subs	r6, r0, #0
1000675e:	d012      	beq.n	10006786 <process_control_request+0x13a>
10006760:	f7ff fdb4 	bl	100062cc <tud_mount_cb>
10006764:	e01b      	b.n	1000679e <process_control_request+0x152>
10006766:	2100      	movs	r1, #0
10006768:	0028      	movs	r0, r5
1000676a:	f7ff fb2d 	bl	10005dc8 <dcd_sof_enable>
1000676e:	0028      	movs	r0, r5
10006770:	f7ff fb59 	bl	10005e26 <dcd_edpt_close_all>
10006774:	4f93      	ldr	r7, [pc, #588]	@ (100069c4 <process_control_request+0x378>)
10006776:	78bb      	ldrb	r3, [r7, #2]
10006778:	4698      	mov	r8, r3
1000677a:	0028      	movs	r0, r5
1000677c:	f7ff fc02 	bl	10005f84 <configuration_reset>
10006780:	4643      	mov	r3, r8
10006782:	70bb      	strb	r3, [r7, #2]
10006784:	e7e2      	b.n	1000674c <process_control_request+0x100>
10006786:	22c9      	movs	r2, #201	@ 0xc9
10006788:	498b      	ldr	r1, [pc, #556]	@ (100069b8 <process_control_request+0x36c>)
1000678a:	488c      	ldr	r0, [pc, #560]	@ (100069bc <process_control_request+0x370>)
1000678c:	0092      	lsls	r2, r2, #2
1000678e:	f7fe fd6d 	bl	1000526c <__wrap_printf>
10006792:	4b8c      	ldr	r3, [pc, #560]	@ (100069c4 <process_control_request+0x378>)
10006794:	2200      	movs	r2, #0
10006796:	705a      	strb	r2, [r3, #1]
10006798:	e0f3      	b.n	10006982 <process_control_request+0x336>
1000679a:	f7ff fd98 	bl	100062ce <tud_umount_cb>
1000679e:	0021      	movs	r1, r4
100067a0:	0028      	movs	r0, r5
100067a2:	f000 fa3f 	bl	10006c24 <tud_control_status>
100067a6:	2601      	movs	r6, #1
100067a8:	e0eb      	b.n	10006982 <process_control_request+0x336>
100067aa:	0021      	movs	r1, r4
100067ac:	0028      	movs	r0, r5
100067ae:	f7ff fd1d 	bl	100061ec <process_get_descriptor>
100067b2:	0006      	movs	r6, r0
100067b4:	e0e5      	b.n	10006982 <process_control_request+0x336>
100067b6:	78a2      	ldrb	r2, [r4, #2]
100067b8:	78e3      	ldrb	r3, [r4, #3]
100067ba:	021b      	lsls	r3, r3, #8
100067bc:	4313      	orrs	r3, r2
100067be:	2b01      	cmp	r3, #1
100067c0:	d001      	beq.n	100067c6 <process_control_request+0x17a>
100067c2:	2600      	movs	r6, #0
100067c4:	e0dd      	b.n	10006982 <process_control_request+0x336>
100067c6:	4a7f      	ldr	r2, [pc, #508]	@ (100069c4 <process_control_request+0x378>)
100067c8:	7813      	ldrb	r3, [r2, #0]
100067ca:	2108      	movs	r1, #8
100067cc:	430b      	orrs	r3, r1
100067ce:	7013      	strb	r3, [r2, #0]
100067d0:	0021      	movs	r1, r4
100067d2:	0028      	movs	r0, r5
100067d4:	f000 fa26 	bl	10006c24 <tud_control_status>
100067d8:	2601      	movs	r6, #1
100067da:	e0d2      	b.n	10006982 <process_control_request+0x336>
100067dc:	78a2      	ldrb	r2, [r4, #2]
100067de:	78e3      	ldrb	r3, [r4, #3]
100067e0:	021b      	lsls	r3, r3, #8
100067e2:	4313      	orrs	r3, r2
100067e4:	2b01      	cmp	r3, #1
100067e6:	d001      	beq.n	100067ec <process_control_request+0x1a0>
100067e8:	2600      	movs	r6, #0
100067ea:	e0ca      	b.n	10006982 <process_control_request+0x336>
100067ec:	4a75      	ldr	r2, [pc, #468]	@ (100069c4 <process_control_request+0x378>)
100067ee:	7813      	ldrb	r3, [r2, #0]
100067f0:	2108      	movs	r1, #8
100067f2:	438b      	bics	r3, r1
100067f4:	7013      	strb	r3, [r2, #0]
100067f6:	0021      	movs	r1, r4
100067f8:	0028      	movs	r0, r5
100067fa:	f000 fa13 	bl	10006c24 <tud_control_status>
100067fe:	2601      	movs	r6, #1
10006800:	e0bf      	b.n	10006982 <process_control_request+0x336>
10006802:	4b70      	ldr	r3, [pc, #448]	@ (100069c4 <process_control_request+0x378>)
10006804:	781a      	ldrb	r2, [r3, #0]
10006806:	0951      	lsrs	r1, r2, #5
10006808:	0892      	lsrs	r2, r2, #2
1000680a:	2301      	movs	r3, #1
1000680c:	400b      	ands	r3, r1
1000680e:	2102      	movs	r1, #2
10006810:	400a      	ands	r2, r1
10006812:	4313      	orrs	r3, r2
10006814:	466a      	mov	r2, sp
10006816:	3206      	adds	r2, #6
10006818:	8013      	strh	r3, [r2, #0]
1000681a:	2302      	movs	r3, #2
1000681c:	0021      	movs	r1, r4
1000681e:	0028      	movs	r0, r5
10006820:	f000 fa14 	bl	10006c4c <tud_control_xfer>
10006824:	2601      	movs	r6, #1
10006826:	e0ac      	b.n	10006982 <process_control_request+0x336>
10006828:	7923      	ldrb	r3, [r4, #4]
1000682a:	2b0f      	cmp	r3, #15
1000682c:	d900      	bls.n	10006830 <process_control_request+0x1e4>
1000682e:	e0b5      	b.n	1000699c <process_control_request+0x350>
10006830:	4a64      	ldr	r2, [pc, #400]	@ (100069c4 <process_control_request+0x378>)
10006832:	18d3      	adds	r3, r2, r3
10006834:	791b      	ldrb	r3, [r3, #4]
10006836:	4a64      	ldr	r2, [pc, #400]	@ (100069c8 <process_control_request+0x37c>)
10006838:	7812      	ldrb	r2, [r2, #0]
1000683a:	4293      	cmp	r3, r2
1000683c:	d223      	bcs.n	10006886 <process_control_request+0x23a>
1000683e:	4a63      	ldr	r2, [pc, #396]	@ (100069cc <process_control_request+0x380>)
10006840:	6811      	ldr	r1, [r2, #0]
10006842:	015b      	lsls	r3, r3, #5
10006844:	18c9      	adds	r1, r1, r3
10006846:	2900      	cmp	r1, #0
10006848:	d100      	bne.n	1000684c <process_control_request+0x200>
1000684a:	e0a9      	b.n	100069a0 <process_control_request+0x354>
1000684c:	0022      	movs	r2, r4
1000684e:	0028      	movs	r0, r5
10006850:	f7ff fbe0 	bl	10006014 <invoke_class_control>
10006854:	1e06      	subs	r6, r0, #0
10006856:	d000      	beq.n	1000685a <process_control_request+0x20e>
10006858:	e093      	b.n	10006982 <process_control_request+0x336>
1000685a:	7823      	ldrb	r3, [r4, #0]
1000685c:	2260      	movs	r2, #96	@ 0x60
1000685e:	421a      	tst	r2, r3
10006860:	d000      	beq.n	10006864 <process_control_request+0x218>
10006862:	e08e      	b.n	10006982 <process_control_request+0x336>
10006864:	7863      	ldrb	r3, [r4, #1]
10006866:	3b0a      	subs	r3, #10
10006868:	2b01      	cmp	r3, #1
1000686a:	d900      	bls.n	1000686e <process_control_request+0x222>
1000686c:	e089      	b.n	10006982 <process_control_request+0x336>
1000686e:	2000      	movs	r0, #0
10006870:	f000 fa42 	bl	10006cf8 <usbd_control_set_complete_callback>
10006874:	7863      	ldrb	r3, [r4, #1]
10006876:	2b0a      	cmp	r3, #10
10006878:	d00e      	beq.n	10006898 <process_control_request+0x24c>
1000687a:	0021      	movs	r1, r4
1000687c:	0028      	movs	r0, r5
1000687e:	f000 f9d1 	bl	10006c24 <tud_control_status>
10006882:	2601      	movs	r6, #1
10006884:	e07d      	b.n	10006982 <process_control_request+0x336>
10006886:	1c51      	adds	r1, r2, #1
10006888:	4299      	cmp	r1, r3
1000688a:	da00      	bge.n	1000688e <process_control_request+0x242>
1000688c:	e08a      	b.n	100069a4 <process_control_request+0x358>
1000688e:	1a9b      	subs	r3, r3, r2
10006890:	015b      	lsls	r3, r3, #5
10006892:	494f      	ldr	r1, [pc, #316]	@ (100069d0 <process_control_request+0x384>)
10006894:	1859      	adds	r1, r3, r1
10006896:	e7d9      	b.n	1000684c <process_control_request+0x200>
10006898:	466b      	mov	r3, sp
1000689a:	1d9a      	adds	r2, r3, #6
1000689c:	2300      	movs	r3, #0
1000689e:	7013      	strb	r3, [r2, #0]
100068a0:	3301      	adds	r3, #1
100068a2:	0021      	movs	r1, r4
100068a4:	0028      	movs	r0, r5
100068a6:	f000 f9d1 	bl	10006c4c <tud_control_xfer>
100068aa:	3601      	adds	r6, #1
100068ac:	e069      	b.n	10006982 <process_control_request+0x336>
100068ae:	7921      	ldrb	r1, [r4, #4]
100068b0:	207f      	movs	r0, #127	@ 0x7f
100068b2:	4008      	ands	r0, r1
100068b4:	09ce      	lsrs	r6, r1, #7
100068b6:	2370      	movs	r3, #112	@ 0x70
100068b8:	420b      	tst	r3, r1
100068ba:	d117      	bne.n	100068ec <process_control_request+0x2a0>
100068bc:	4b41      	ldr	r3, [pc, #260]	@ (100069c4 <process_control_request+0x378>)
100068be:	0040      	lsls	r0, r0, #1
100068c0:	181b      	adds	r3, r3, r0
100068c2:	199b      	adds	r3, r3, r6
100068c4:	7d1b      	ldrb	r3, [r3, #20]
100068c6:	4840      	ldr	r0, [pc, #256]	@ (100069c8 <process_control_request+0x37c>)
100068c8:	7800      	ldrb	r0, [r0, #0]
100068ca:	4283      	cmp	r3, r0
100068cc:	d215      	bcs.n	100068fa <process_control_request+0x2ae>
100068ce:	483f      	ldr	r0, [pc, #252]	@ (100069cc <process_control_request+0x380>)
100068d0:	6806      	ldr	r6, [r0, #0]
100068d2:	015b      	lsls	r3, r3, #5
100068d4:	18f6      	adds	r6, r6, r3
100068d6:	2a00      	cmp	r2, #0
100068d8:	d019      	beq.n	1000690e <process_control_request+0x2c2>
100068da:	2e00      	cmp	r6, #0
100068dc:	d064      	beq.n	100069a8 <process_control_request+0x35c>
100068de:	0022      	movs	r2, r4
100068e0:	0031      	movs	r1, r6
100068e2:	0028      	movs	r0, r5
100068e4:	f7ff fb96 	bl	10006014 <invoke_class_control>
100068e8:	0006      	movs	r6, r0
100068ea:	e04a      	b.n	10006982 <process_control_request+0x336>
100068ec:	4932      	ldr	r1, [pc, #200]	@ (100069b8 <process_control_request+0x36c>)
100068ee:	4833      	ldr	r0, [pc, #204]	@ (100069bc <process_control_request+0x370>)
100068f0:	4a38      	ldr	r2, [pc, #224]	@ (100069d4 <process_control_request+0x388>)
100068f2:	f7fe fcbb 	bl	1000526c <__wrap_printf>
100068f6:	2600      	movs	r6, #0
100068f8:	e043      	b.n	10006982 <process_control_request+0x336>
100068fa:	1c46      	adds	r6, r0, #1
100068fc:	429e      	cmp	r6, r3
100068fe:	db04      	blt.n	1000690a <process_control_request+0x2be>
10006900:	1a1b      	subs	r3, r3, r0
10006902:	015b      	lsls	r3, r3, #5
10006904:	4e32      	ldr	r6, [pc, #200]	@ (100069d0 <process_control_request+0x384>)
10006906:	199e      	adds	r6, r3, r6
10006908:	e7e5      	b.n	100068d6 <process_control_request+0x28a>
1000690a:	2600      	movs	r6, #0
1000690c:	e7e3      	b.n	100068d6 <process_control_request+0x28a>
1000690e:	7863      	ldrb	r3, [r4, #1]
10006910:	2b01      	cmp	r3, #1
10006912:	d010      	beq.n	10006936 <process_control_request+0x2ea>
10006914:	2b03      	cmp	r3, #3
10006916:	d00e      	beq.n	10006936 <process_control_request+0x2ea>
10006918:	2b00      	cmp	r3, #0
1000691a:	d147      	bne.n	100069ac <process_control_request+0x360>
1000691c:	0028      	movs	r0, r5
1000691e:	f7ff fe87 	bl	10006630 <usbd_edpt_stalled>
10006922:	466b      	mov	r3, sp
10006924:	1d9a      	adds	r2, r3, #6
10006926:	8010      	strh	r0, [r2, #0]
10006928:	2302      	movs	r3, #2
1000692a:	0021      	movs	r1, r4
1000692c:	0028      	movs	r0, r5
1000692e:	f000 f98d 	bl	10006c4c <tud_control_xfer>
10006932:	2601      	movs	r6, #1
10006934:	e025      	b.n	10006982 <process_control_request+0x336>
10006936:	78a0      	ldrb	r0, [r4, #2]
10006938:	78e2      	ldrb	r2, [r4, #3]
1000693a:	0212      	lsls	r2, r2, #8
1000693c:	4302      	orrs	r2, r0
1000693e:	d104      	bne.n	1000694a <process_control_request+0x2fe>
10006940:	2b01      	cmp	r3, #1
10006942:	d019      	beq.n	10006978 <process_control_request+0x32c>
10006944:	0028      	movs	r0, r5
10006946:	f7ff fe3f 	bl	100065c8 <usbd_edpt_stall>
1000694a:	2e00      	cmp	r6, #0
1000694c:	d030      	beq.n	100069b0 <process_control_request+0x364>
1000694e:	0022      	movs	r2, r4
10006950:	0031      	movs	r1, r6
10006952:	0028      	movs	r0, r5
10006954:	f7ff fb5e 	bl	10006014 <invoke_class_control>
10006958:	2000      	movs	r0, #0
1000695a:	f000 f9cd 	bl	10006cf8 <usbd_control_set_complete_callback>
1000695e:	4b19      	ldr	r3, [pc, #100]	@ (100069c4 <process_control_request+0x378>)
10006960:	2235      	movs	r2, #53	@ 0x35
10006962:	5c9b      	ldrb	r3, [r3, r2]
10006964:	07db      	lsls	r3, r3, #31
10006966:	0fde      	lsrs	r6, r3, #31
10006968:	2b00      	cmp	r3, #0
1000696a:	d10a      	bne.n	10006982 <process_control_request+0x336>
1000696c:	0021      	movs	r1, r4
1000696e:	0028      	movs	r0, r5
10006970:	f000 f958 	bl	10006c24 <tud_control_status>
10006974:	2601      	movs	r6, #1
10006976:	e004      	b.n	10006982 <process_control_request+0x336>
10006978:	0028      	movs	r0, r5
1000697a:	f7ff fe3f 	bl	100065fc <usbd_edpt_clear_stall>
1000697e:	e7e4      	b.n	1000694a <process_control_request+0x2fe>
10006980:	2600      	movs	r6, #0
10006982:	0030      	movs	r0, r6
10006984:	b002      	add	sp, #8
10006986:	bc80      	pop	{r7}
10006988:	46b8      	mov	r8, r7
1000698a:	bdf0      	pop	{r4, r5, r6, r7, pc}
1000698c:	2600      	movs	r6, #0
1000698e:	e7f8      	b.n	10006982 <process_control_request+0x336>
10006990:	2600      	movs	r6, #0
10006992:	e7f6      	b.n	10006982 <process_control_request+0x336>
10006994:	2600      	movs	r6, #0
10006996:	e7f4      	b.n	10006982 <process_control_request+0x336>
10006998:	2600      	movs	r6, #0
1000699a:	e7f2      	b.n	10006982 <process_control_request+0x336>
1000699c:	2600      	movs	r6, #0
1000699e:	e7f0      	b.n	10006982 <process_control_request+0x336>
100069a0:	2600      	movs	r6, #0
100069a2:	e7ee      	b.n	10006982 <process_control_request+0x336>
100069a4:	2600      	movs	r6, #0
100069a6:	e7ec      	b.n	10006982 <process_control_request+0x336>
100069a8:	2600      	movs	r6, #0
100069aa:	e7ea      	b.n	10006982 <process_control_request+0x336>
100069ac:	2600      	movs	r6, #0
100069ae:	e7e8      	b.n	10006982 <process_control_request+0x336>
100069b0:	2601      	movs	r6, #1
100069b2:	e7e6      	b.n	10006982 <process_control_request+0x336>
100069b4:	10009c84 	.word	0x10009c84
100069b8:	10009d3c 	.word	0x10009d3c
100069bc:	100095c8 	.word	0x100095c8
100069c0:	10005571 	.word	0x10005571
100069c4:	200011e4 	.word	0x200011e4
100069c8:	20001d92 	.word	0x20001d92
100069cc:	20001034 	.word	0x20001034
100069d0:	10009d88 	.word	0x10009d88
100069d4:	00000395 	.word	0x00000395

100069d8 <tud_task_ext>:
100069d8:	b530      	push	{r4, r5, lr}
100069da:	b085      	sub	sp, #20
100069dc:	f7ff fc8a 	bl	100062f4 <tud_inited>
100069e0:	2800      	cmp	r0, #0
100069e2:	d108      	bne.n	100069f6 <tud_task_ext+0x1e>
100069e4:	b005      	add	sp, #20
100069e6:	bd30      	pop	{r4, r5, pc}
100069e8:	ac01      	add	r4, sp, #4
100069ea:	7820      	ldrb	r0, [r4, #0]
100069ec:	f7ff fb0c 	bl	10006008 <usbd_reset>
100069f0:	7922      	ldrb	r2, [r4, #4]
100069f2:	4b63      	ldr	r3, [pc, #396]	@ (10006b80 <tud_task_ext+0x1a8>)
100069f4:	709a      	strb	r2, [r3, #2]
100069f6:	4b63      	ldr	r3, [pc, #396]	@ (10006b84 <tud_task_ext+0x1ac>)
100069f8:	681c      	ldr	r4, [r3, #0]
100069fa:	6962      	ldr	r2, [r4, #20]
100069fc:	f3ef 8110 	mrs	r1, PRIMASK
10006a00:	b672      	cpsid	i
10006a02:	6813      	ldr	r3, [r2, #0]
10006a04:	2b00      	cmp	r3, #0
10006a06:	d0fc      	beq.n	10006a02 <tud_task_ext+0x2a>
10006a08:	f3bf 8f5f 	dmb	sy
10006a0c:	61a1      	str	r1, [r4, #24]
10006a0e:	a901      	add	r1, sp, #4
10006a10:	0020      	movs	r0, r4
10006a12:	f001 fb65 	bl	100080e0 <tu_fifo_read>
10006a16:	6962      	ldr	r2, [r4, #20]
10006a18:	69a3      	ldr	r3, [r4, #24]
10006a1a:	f3bf 8f5f 	dmb	sy
10006a1e:	2100      	movs	r1, #0
10006a20:	6011      	str	r1, [r2, #0]
10006a22:	f383 8810 	msr	PRIMASK, r3
10006a26:	2800      	cmp	r0, #0
10006a28:	d0dc      	beq.n	100069e4 <tud_task_ext+0xc>
10006a2a:	ab01      	add	r3, sp, #4
10006a2c:	785b      	ldrb	r3, [r3, #1]
10006a2e:	2b08      	cmp	r3, #8
10006a30:	d8e1      	bhi.n	100069f6 <tud_task_ext+0x1e>
10006a32:	009b      	lsls	r3, r3, #2
10006a34:	4a54      	ldr	r2, [pc, #336]	@ (10006b88 <tud_task_ext+0x1b0>)
10006a36:	58d3      	ldr	r3, [r2, r3]
10006a38:	469f      	mov	pc, r3
10006a3a:	ab01      	add	r3, sp, #4
10006a3c:	7818      	ldrb	r0, [r3, #0]
10006a3e:	f7ff fae3 	bl	10006008 <usbd_reset>
10006a42:	f7ff fc44 	bl	100062ce <tud_umount_cb>
10006a46:	e7d6      	b.n	100069f6 <tud_task_ext+0x1e>
10006a48:	4b50      	ldr	r3, [pc, #320]	@ (10006b8c <tud_task_ext+0x1b4>)
10006a4a:	781b      	ldrb	r3, [r3, #0]
10006a4c:	2b00      	cmp	r3, #0
10006a4e:	d02d      	beq.n	10006aac <tud_task_ext+0xd4>
10006a50:	4a4e      	ldr	r2, [pc, #312]	@ (10006b8c <tud_task_ext+0x1b4>)
10006a52:	7813      	ldrb	r3, [r2, #0]
10006a54:	3b01      	subs	r3, #1
10006a56:	b2db      	uxtb	r3, r3
10006a58:	7013      	strb	r3, [r2, #0]
10006a5a:	7813      	ldrb	r3, [r2, #0]
10006a5c:	2b00      	cmp	r3, #0
10006a5e:	d1ca      	bne.n	100069f6 <tud_task_ext+0x1e>
10006a60:	4b47      	ldr	r3, [pc, #284]	@ (10006b80 <tud_task_ext+0x1a8>)
10006a62:	781a      	ldrb	r2, [r3, #0]
10006a64:	2401      	movs	r4, #1
10006a66:	2101      	movs	r1, #1
10006a68:	430a      	orrs	r2, r1
10006a6a:	701a      	strb	r2, [r3, #0]
10006a6c:	2234      	movs	r2, #52	@ 0x34
10006a6e:	5c99      	ldrb	r1, [r3, r2]
10006a70:	43a1      	bics	r1, r4
10006a72:	5499      	strb	r1, [r3, r2]
10006a74:	5c99      	ldrb	r1, [r3, r2]
10006a76:	2004      	movs	r0, #4
10006a78:	4381      	bics	r1, r0
10006a7a:	5499      	strb	r1, [r3, r2]
10006a7c:	3201      	adds	r2, #1
10006a7e:	5c99      	ldrb	r1, [r3, r2]
10006a80:	43a1      	bics	r1, r4
10006a82:	5499      	strb	r1, [r3, r2]
10006a84:	5c99      	ldrb	r1, [r3, r2]
10006a86:	4381      	bics	r1, r0
10006a88:	5499      	strb	r1, [r3, r2]
10006a8a:	ab01      	add	r3, sp, #4
10006a8c:	7818      	ldrb	r0, [r3, #0]
10006a8e:	a902      	add	r1, sp, #8
10006a90:	f7ff fddc 	bl	1000664c <process_control_request>
10006a94:	2800      	cmp	r0, #0
10006a96:	d1ae      	bne.n	100069f6 <tud_task_ext+0x1e>
10006a98:	ac01      	add	r4, sp, #4
10006a9a:	7820      	ldrb	r0, [r4, #0]
10006a9c:	2100      	movs	r1, #0
10006a9e:	f7ff f9df 	bl	10005e60 <dcd_edpt_stall>
10006aa2:	7820      	ldrb	r0, [r4, #0]
10006aa4:	2180      	movs	r1, #128	@ 0x80
10006aa6:	f7ff f9db 	bl	10005e60 <dcd_edpt_stall>
10006aaa:	e7a4      	b.n	100069f6 <tud_task_ext+0x1e>
10006aac:	4938      	ldr	r1, [pc, #224]	@ (10006b90 <tud_task_ext+0x1b8>)
10006aae:	4839      	ldr	r0, [pc, #228]	@ (10006b94 <tud_task_ext+0x1bc>)
10006ab0:	4a39      	ldr	r2, [pc, #228]	@ (10006b98 <tud_task_ext+0x1c0>)
10006ab2:	f7fe fbdb 	bl	1000526c <__wrap_printf>
10006ab6:	e795      	b.n	100069e4 <tud_task_ext+0xc>
10006ab8:	ab01      	add	r3, sp, #4
10006aba:	7919      	ldrb	r1, [r3, #4]
10006abc:	227f      	movs	r2, #127	@ 0x7f
10006abe:	400a      	ands	r2, r1
10006ac0:	09cc      	lsrs	r4, r1, #7
10006ac2:	4b2f      	ldr	r3, [pc, #188]	@ (10006b80 <tud_task_ext+0x1a8>)
10006ac4:	0050      	lsls	r0, r2, #1
10006ac6:	181b      	adds	r3, r3, r0
10006ac8:	191b      	adds	r3, r3, r4
10006aca:	3330      	adds	r3, #48	@ 0x30
10006acc:	7918      	ldrb	r0, [r3, #4]
10006ace:	2501      	movs	r5, #1
10006ad0:	43a8      	bics	r0, r5
10006ad2:	7118      	strb	r0, [r3, #4]
10006ad4:	7918      	ldrb	r0, [r3, #4]
10006ad6:	3503      	adds	r5, #3
10006ad8:	43a8      	bics	r0, r5
10006ada:	7118      	strb	r0, [r3, #4]
10006adc:	2a00      	cmp	r2, #0
10006ade:	d015      	beq.n	10006b0c <tud_task_ext+0x134>
10006ae0:	4b27      	ldr	r3, [pc, #156]	@ (10006b80 <tud_task_ext+0x1a8>)
10006ae2:	0052      	lsls	r2, r2, #1
10006ae4:	189b      	adds	r3, r3, r2
10006ae6:	191b      	adds	r3, r3, r4
10006ae8:	7d1b      	ldrb	r3, [r3, #20]
10006aea:	4a2c      	ldr	r2, [pc, #176]	@ (10006b9c <tud_task_ext+0x1c4>)
10006aec:	7812      	ldrb	r2, [r2, #0]
10006aee:	4293      	cmp	r3, r2
10006af0:	d213      	bcs.n	10006b1a <tud_task_ext+0x142>
10006af2:	4a2b      	ldr	r2, [pc, #172]	@ (10006ba0 <tud_task_ext+0x1c8>)
10006af4:	6812      	ldr	r2, [r2, #0]
10006af6:	015b      	lsls	r3, r3, #5
10006af8:	18d3      	adds	r3, r2, r3
10006afa:	2b00      	cmp	r3, #0
10006afc:	d015      	beq.n	10006b2a <tud_task_ext+0x152>
10006afe:	699c      	ldr	r4, [r3, #24]
10006b00:	a801      	add	r0, sp, #4
10006b02:	7942      	ldrb	r2, [r0, #5]
10006b04:	9b03      	ldr	r3, [sp, #12]
10006b06:	7800      	ldrb	r0, [r0, #0]
10006b08:	47a0      	blx	r4
10006b0a:	e774      	b.n	100069f6 <tud_task_ext+0x1e>
10006b0c:	a801      	add	r0, sp, #4
10006b0e:	7942      	ldrb	r2, [r0, #5]
10006b10:	9b03      	ldr	r3, [sp, #12]
10006b12:	7800      	ldrb	r0, [r0, #0]
10006b14:	f000 f904 	bl	10006d20 <usbd_control_xfer_cb>
10006b18:	e76d      	b.n	100069f6 <tud_task_ext+0x1e>
10006b1a:	1c50      	adds	r0, r2, #1
10006b1c:	4298      	cmp	r0, r3
10006b1e:	db04      	blt.n	10006b2a <tud_task_ext+0x152>
10006b20:	1a9b      	subs	r3, r3, r2
10006b22:	015b      	lsls	r3, r3, #5
10006b24:	4a1f      	ldr	r2, [pc, #124]	@ (10006ba4 <tud_task_ext+0x1cc>)
10006b26:	189b      	adds	r3, r3, r2
10006b28:	e7e9      	b.n	10006afe <tud_task_ext+0x126>
10006b2a:	22a4      	movs	r2, #164	@ 0xa4
10006b2c:	4918      	ldr	r1, [pc, #96]	@ (10006b90 <tud_task_ext+0x1b8>)
10006b2e:	4819      	ldr	r0, [pc, #100]	@ (10006b94 <tud_task_ext+0x1bc>)
10006b30:	0092      	lsls	r2, r2, #2
10006b32:	f7fe fb9b 	bl	1000526c <__wrap_printf>
10006b36:	e755      	b.n	100069e4 <tud_task_ext+0xc>
10006b38:	4b11      	ldr	r3, [pc, #68]	@ (10006b80 <tud_task_ext+0x1a8>)
10006b3a:	781b      	ldrb	r3, [r3, #0]
10006b3c:	07db      	lsls	r3, r3, #31
10006b3e:	d400      	bmi.n	10006b42 <tud_task_ext+0x16a>
10006b40:	e759      	b.n	100069f6 <tud_task_ext+0x1e>
10006b42:	4b0f      	ldr	r3, [pc, #60]	@ (10006b80 <tud_task_ext+0x1a8>)
10006b44:	7818      	ldrb	r0, [r3, #0]
10006b46:	0700      	lsls	r0, r0, #28
10006b48:	0fc0      	lsrs	r0, r0, #31
10006b4a:	f7ff fbc1 	bl	100062d0 <tud_suspend_cb>
10006b4e:	e752      	b.n	100069f6 <tud_task_ext+0x1e>
10006b50:	4b0b      	ldr	r3, [pc, #44]	@ (10006b80 <tud_task_ext+0x1a8>)
10006b52:	781b      	ldrb	r3, [r3, #0]
10006b54:	07db      	lsls	r3, r3, #31
10006b56:	d400      	bmi.n	10006b5a <tud_task_ext+0x182>
10006b58:	e74d      	b.n	100069f6 <tud_task_ext+0x1e>
10006b5a:	f7ff fbba 	bl	100062d2 <tud_resume_cb>
10006b5e:	e74a      	b.n	100069f6 <tud_task_ext+0x1e>
10006b60:	9b02      	ldr	r3, [sp, #8]
10006b62:	2b00      	cmp	r3, #0
10006b64:	d100      	bne.n	10006b68 <tud_task_ext+0x190>
10006b66:	e746      	b.n	100069f6 <tud_task_ext+0x1e>
10006b68:	9803      	ldr	r0, [sp, #12]
10006b6a:	4798      	blx	r3
10006b6c:	e743      	b.n	100069f6 <tud_task_ext+0x1e>
10006b6e:	4b04      	ldr	r3, [pc, #16]	@ (10006b80 <tud_task_ext+0x1a8>)
10006b70:	78db      	ldrb	r3, [r3, #3]
10006b72:	07db      	lsls	r3, r3, #31
10006b74:	d400      	bmi.n	10006b78 <tud_task_ext+0x1a0>
10006b76:	e73e      	b.n	100069f6 <tud_task_ext+0x1e>
10006b78:	9802      	ldr	r0, [sp, #8]
10006b7a:	f7ff fb32 	bl	100061e2 <tud_sof_cb>
10006b7e:	e73a      	b.n	100069f6 <tud_task_ext+0x1e>
10006b80:	200011e4 	.word	0x200011e4
10006b84:	2000123c 	.word	0x2000123c
10006b88:	10009cac 	.word	0x10009cac
10006b8c:	20001d94 	.word	0x20001d94
10006b90:	10009d68 	.word	0x10009d68
10006b94:	100095c8 	.word	0x100095c8
10006b98:	00000265 	.word	0x00000265
10006b9c:	20001d92 	.word	0x20001d92
10006ba0:	20001034 	.word	0x20001034
10006ba4:	10009d88 	.word	0x10009d88

10006ba8 <status_stage_xact>:
10006ba8:	b510      	push	{r4, lr}
10006baa:	2300      	movs	r3, #0
10006bac:	56cb      	ldrsb	r3, [r1, r3]
10006bae:	2b00      	cmp	r3, #0
10006bb0:	db05      	blt.n	10006bbe <status_stage_xact+0x16>
10006bb2:	2180      	movs	r1, #128	@ 0x80
10006bb4:	2300      	movs	r3, #0
10006bb6:	2200      	movs	r2, #0
10006bb8:	f7ff fcc2 	bl	10006540 <usbd_edpt_xfer>
10006bbc:	bd10      	pop	{r4, pc}
10006bbe:	2100      	movs	r1, #0
10006bc0:	e7f8      	b.n	10006bb4 <status_stage_xact+0xc>
	...

10006bc4 <data_stage_xact>:
10006bc4:	b5f8      	push	{r3, r4, r5, r6, r7, lr}
10006bc6:	0005      	movs	r5, r0
10006bc8:	4b14      	ldr	r3, [pc, #80]	@ (10006c1c <data_stage_xact+0x58>)
10006bca:	899f      	ldrh	r7, [r3, #12]
10006bcc:	89de      	ldrh	r6, [r3, #14]
10006bce:	1bbb      	subs	r3, r7, r6
10006bd0:	b29b      	uxth	r3, r3
10006bd2:	1c1c      	adds	r4, r3, #0
10006bd4:	2b40      	cmp	r3, #64	@ 0x40
10006bd6:	d900      	bls.n	10006bda <data_stage_xact+0x16>
10006bd8:	2440      	movs	r4, #64	@ 0x40
10006bda:	b2a4      	uxth	r4, r4
10006bdc:	4b0f      	ldr	r3, [pc, #60]	@ (10006c1c <data_stage_xact+0x58>)
10006bde:	781b      	ldrb	r3, [r3, #0]
10006be0:	b25b      	sxtb	r3, r3
10006be2:	2b00      	cmp	r3, #0
10006be4:	db08      	blt.n	10006bf8 <data_stage_xact+0x34>
10006be6:	2100      	movs	r1, #0
10006be8:	42b7      	cmp	r7, r6
10006bea:	d013      	beq.n	10006c14 <data_stage_xact+0x50>
10006bec:	4a0c      	ldr	r2, [pc, #48]	@ (10006c20 <data_stage_xact+0x5c>)
10006bee:	0023      	movs	r3, r4
10006bf0:	0028      	movs	r0, r5
10006bf2:	f7ff fca5 	bl	10006540 <usbd_edpt_xfer>
10006bf6:	bdf8      	pop	{r3, r4, r5, r6, r7, pc}
10006bf8:	42b7      	cmp	r7, r6
10006bfa:	d009      	beq.n	10006c10 <data_stage_xact+0x4c>
10006bfc:	4b07      	ldr	r3, [pc, #28]	@ (10006c1c <data_stage_xact+0x58>)
10006bfe:	6899      	ldr	r1, [r3, #8]
10006c00:	2c40      	cmp	r4, #64	@ 0x40
10006c02:	d809      	bhi.n	10006c18 <data_stage_xact+0x54>
10006c04:	4806      	ldr	r0, [pc, #24]	@ (10006c20 <data_stage_xact+0x5c>)
10006c06:	0022      	movs	r2, r4
10006c08:	f7fd f8d8 	bl	10003dbc <__wrap___aeabi_memcpy>
10006c0c:	2180      	movs	r1, #128	@ 0x80
10006c0e:	e7eb      	b.n	10006be8 <data_stage_xact+0x24>
10006c10:	2180      	movs	r1, #128	@ 0x80
10006c12:	e7e9      	b.n	10006be8 <data_stage_xact+0x24>
10006c14:	2200      	movs	r2, #0
10006c16:	e7ea      	b.n	10006bee <data_stage_xact+0x2a>
10006c18:	2000      	movs	r0, #0
10006c1a:	e7ec      	b.n	10006bf6 <data_stage_xact+0x32>
10006c1c:	200011c4 	.word	0x200011c4
10006c20:	20001184 	.word	0x20001184

10006c24 <tud_control_status>:
10006c24:	b570      	push	{r4, r5, r6, lr}
10006c26:	0006      	movs	r6, r0
10006c28:	000d      	movs	r5, r1
10006c2a:	4c07      	ldr	r4, [pc, #28]	@ (10006c48 <tud_control_status+0x24>)
10006c2c:	2208      	movs	r2, #8
10006c2e:	0020      	movs	r0, r4
10006c30:	f7fd f8c4 	bl	10003dbc <__wrap___aeabi_memcpy>
10006c34:	2300      	movs	r3, #0
10006c36:	60a3      	str	r3, [r4, #8]
10006c38:	81e3      	strh	r3, [r4, #14]
10006c3a:	81a3      	strh	r3, [r4, #12]
10006c3c:	0029      	movs	r1, r5
10006c3e:	0030      	movs	r0, r6
10006c40:	f7ff ffb2 	bl	10006ba8 <status_stage_xact>
10006c44:	bd70      	pop	{r4, r5, r6, pc}
10006c46:	46c0      	nop			@ (mov r8, r8)
10006c48:	200011c4 	.word	0x200011c4

10006c4c <tud_control_xfer>:
10006c4c:	b5f0      	push	{r4, r5, r6, r7, lr}
10006c4e:	46c6      	mov	lr, r8
10006c50:	b500      	push	{lr}
10006c52:	4680      	mov	r8, r0
10006c54:	000c      	movs	r4, r1
10006c56:	0016      	movs	r6, r2
10006c58:	001d      	movs	r5, r3
10006c5a:	4b1f      	ldr	r3, [pc, #124]	@ (10006cd8 <tud_control_xfer+0x8c>)
10006c5c:	2208      	movs	r2, #8
10006c5e:	001f      	movs	r7, r3
10006c60:	0018      	movs	r0, r3
10006c62:	f7fd f8ab 	bl	10003dbc <__wrap___aeabi_memcpy>
10006c66:	60be      	str	r6, [r7, #8]
10006c68:	2300      	movs	r3, #0
10006c6a:	81fb      	strh	r3, [r7, #14]
10006c6c:	79a3      	ldrb	r3, [r4, #6]
10006c6e:	79e1      	ldrb	r1, [r4, #7]
10006c70:	0209      	lsls	r1, r1, #8
10006c72:	4319      	orrs	r1, r3
10006c74:	1c0b      	adds	r3, r1, #0
10006c76:	42a9      	cmp	r1, r5
10006c78:	d900      	bls.n	10006c7c <tud_control_xfer+0x30>
10006c7a:	1c2b      	adds	r3, r5, #0
10006c7c:	b299      	uxth	r1, r3
10006c7e:	4a16      	ldr	r2, [pc, #88]	@ (10006cd8 <tud_control_xfer+0x8c>)
10006c80:	8193      	strh	r3, [r2, #12]
10006c82:	79a2      	ldrb	r2, [r4, #6]
10006c84:	79e3      	ldrb	r3, [r4, #7]
10006c86:	021b      	lsls	r3, r3, #8
10006c88:	4313      	orrs	r3, r2
10006c8a:	d019      	beq.n	10006cc0 <tud_control_xfer+0x74>
10006c8c:	2900      	cmp	r1, #0
10006c8e:	d001      	beq.n	10006c94 <tud_control_xfer+0x48>
10006c90:	2e00      	cmp	r6, #0
10006c92:	d008      	beq.n	10006ca6 <tud_control_xfer+0x5a>
10006c94:	4640      	mov	r0, r8
10006c96:	f7ff ff95 	bl	10006bc4 <data_stage_xact>
10006c9a:	1e04      	subs	r4, r0, #0
10006c9c:	d00a      	beq.n	10006cb4 <tud_control_xfer+0x68>
10006c9e:	0020      	movs	r0, r4
10006ca0:	bc80      	pop	{r7}
10006ca2:	46b8      	mov	r8, r7
10006ca4:	bdf0      	pop	{r4, r5, r6, r7, pc}
10006ca6:	490d      	ldr	r1, [pc, #52]	@ (10006cdc <tud_control_xfer+0x90>)
10006ca8:	480d      	ldr	r0, [pc, #52]	@ (10006ce0 <tud_control_xfer+0x94>)
10006caa:	2272      	movs	r2, #114	@ 0x72
10006cac:	f7fe fade 	bl	1000526c <__wrap_printf>
10006cb0:	2400      	movs	r4, #0
10006cb2:	e7f4      	b.n	10006c9e <tud_control_xfer+0x52>
10006cb4:	4909      	ldr	r1, [pc, #36]	@ (10006cdc <tud_control_xfer+0x90>)
10006cb6:	480a      	ldr	r0, [pc, #40]	@ (10006ce0 <tud_control_xfer+0x94>)
10006cb8:	2274      	movs	r2, #116	@ 0x74
10006cba:	f7fe fad7 	bl	1000526c <__wrap_printf>
10006cbe:	e7ee      	b.n	10006c9e <tud_control_xfer+0x52>
10006cc0:	0021      	movs	r1, r4
10006cc2:	4640      	mov	r0, r8
10006cc4:	f7ff ff70 	bl	10006ba8 <status_stage_xact>
10006cc8:	1e04      	subs	r4, r0, #0
10006cca:	d1e8      	bne.n	10006c9e <tud_control_xfer+0x52>
10006ccc:	4903      	ldr	r1, [pc, #12]	@ (10006cdc <tud_control_xfer+0x90>)
10006cce:	4804      	ldr	r0, [pc, #16]	@ (10006ce0 <tud_control_xfer+0x94>)
10006cd0:	2276      	movs	r2, #118	@ 0x76
10006cd2:	f7fe facb 	bl	1000526c <__wrap_printf>
10006cd6:	e7e2      	b.n	10006c9e <tud_control_xfer+0x52>
10006cd8:	200011c4 	.word	0x200011c4
10006cdc:	10009de0 	.word	0x10009de0
10006ce0:	100095c8 	.word	0x100095c8

10006ce4 <usbd_control_reset>:
10006ce4:	b510      	push	{r4, lr}
10006ce6:	4803      	ldr	r0, [pc, #12]	@ (10006cf4 <usbd_control_reset+0x10>)
10006ce8:	2214      	movs	r2, #20
10006cea:	2100      	movs	r1, #0
10006cec:	f7fd f860 	bl	10003db0 <__wrap_memset>
10006cf0:	bd10      	pop	{r4, pc}
10006cf2:	46c0      	nop			@ (mov r8, r8)
10006cf4:	200011c4 	.word	0x200011c4

10006cf8 <usbd_control_set_complete_callback>:
10006cf8:	4b01      	ldr	r3, [pc, #4]	@ (10006d00 <usbd_control_set_complete_callback+0x8>)
10006cfa:	6118      	str	r0, [r3, #16]
10006cfc:	4770      	bx	lr
10006cfe:	46c0      	nop			@ (mov r8, r8)
10006d00:	200011c4 	.word	0x200011c4

10006d04 <usbd_control_set_request>:
10006d04:	b510      	push	{r4, lr}
10006d06:	0001      	movs	r1, r0
10006d08:	4c04      	ldr	r4, [pc, #16]	@ (10006d1c <usbd_control_set_request+0x18>)
10006d0a:	2208      	movs	r2, #8
10006d0c:	0020      	movs	r0, r4
10006d0e:	f7fd f855 	bl	10003dbc <__wrap___aeabi_memcpy>
10006d12:	2300      	movs	r3, #0
10006d14:	60a3      	str	r3, [r4, #8]
10006d16:	81e3      	strh	r3, [r4, #14]
10006d18:	81a3      	strh	r3, [r4, #12]
10006d1a:	bd10      	pop	{r4, pc}
10006d1c:	200011c4 	.word	0x200011c4

10006d20 <usbd_control_xfer_cb>:
10006d20:	b570      	push	{r4, r5, r6, lr}
10006d22:	0005      	movs	r5, r0
10006d24:	001c      	movs	r4, r3
10006d26:	09c9      	lsrs	r1, r1, #7
10006d28:	4b31      	ldr	r3, [pc, #196]	@ (10006df0 <usbd_control_xfer_cb+0xd0>)
10006d2a:	781b      	ldrb	r3, [r3, #0]
10006d2c:	09db      	lsrs	r3, r3, #7
10006d2e:	428b      	cmp	r3, r1
10006d30:	d016      	beq.n	10006d60 <usbd_control_xfer_cb+0x40>
10006d32:	2c00      	cmp	r4, #0
10006d34:	d007      	beq.n	10006d46 <usbd_control_xfer_cb+0x26>
10006d36:	492f      	ldr	r1, [pc, #188]	@ (10006df4 <usbd_control_xfer_cb+0xd4>)
10006d38:	482f      	ldr	r0, [pc, #188]	@ (10006df8 <usbd_control_xfer_cb+0xd8>)
10006d3a:	229d      	movs	r2, #157	@ 0x9d
10006d3c:	f7fe fa96 	bl	1000526c <__wrap_printf>
10006d40:	2400      	movs	r4, #0
10006d42:	0020      	movs	r0, r4
10006d44:	bd70      	pop	{r4, r5, r6, pc}
10006d46:	4c2a      	ldr	r4, [pc, #168]	@ (10006df0 <usbd_control_xfer_cb+0xd0>)
10006d48:	0021      	movs	r1, r4
10006d4a:	f7ff f84b 	bl	10005de4 <dcd_edpt0_status_complete>
10006d4e:	6923      	ldr	r3, [r4, #16]
10006d50:	2b00      	cmp	r3, #0
10006d52:	d003      	beq.n	10006d5c <usbd_control_xfer_cb+0x3c>
10006d54:	4a26      	ldr	r2, [pc, #152]	@ (10006df0 <usbd_control_xfer_cb+0xd0>)
10006d56:	2103      	movs	r1, #3
10006d58:	0028      	movs	r0, r5
10006d5a:	4798      	blx	r3
10006d5c:	2401      	movs	r4, #1
10006d5e:	e7f0      	b.n	10006d42 <usbd_control_xfer_cb+0x22>
10006d60:	4b23      	ldr	r3, [pc, #140]	@ (10006df0 <usbd_control_xfer_cb+0xd0>)
10006d62:	781b      	ldrb	r3, [r3, #0]
10006d64:	b25b      	sxtb	r3, r3
10006d66:	2b00      	cmp	r3, #0
10006d68:	db07      	blt.n	10006d7a <usbd_control_xfer_cb+0x5a>
10006d6a:	4b21      	ldr	r3, [pc, #132]	@ (10006df0 <usbd_control_xfer_cb+0xd0>)
10006d6c:	6898      	ldr	r0, [r3, #8]
10006d6e:	2800      	cmp	r0, #0
10006d70:	d03c      	beq.n	10006dec <usbd_control_xfer_cb+0xcc>
10006d72:	4922      	ldr	r1, [pc, #136]	@ (10006dfc <usbd_control_xfer_cb+0xdc>)
10006d74:	0022      	movs	r2, r4
10006d76:	f7fd f821 	bl	10003dbc <__wrap___aeabi_memcpy>
10006d7a:	4a1d      	ldr	r2, [pc, #116]	@ (10006df0 <usbd_control_xfer_cb+0xd0>)
10006d7c:	89d3      	ldrh	r3, [r2, #14]
10006d7e:	b2a1      	uxth	r1, r4
10006d80:	185b      	adds	r3, r3, r1
10006d82:	b29b      	uxth	r3, r3
10006d84:	81d3      	strh	r3, [r2, #14]
10006d86:	6891      	ldr	r1, [r2, #8]
10006d88:	1909      	adds	r1, r1, r4
10006d8a:	6091      	str	r1, [r2, #8]
10006d8c:	88d2      	ldrh	r2, [r2, #6]
10006d8e:	4293      	cmp	r3, r2
10006d90:	d001      	beq.n	10006d96 <usbd_control_xfer_cb+0x76>
10006d92:	2c3f      	cmp	r4, #63	@ 0x3f
10006d94:	d81f      	bhi.n	10006dd6 <usbd_control_xfer_cb+0xb6>
10006d96:	4b16      	ldr	r3, [pc, #88]	@ (10006df0 <usbd_control_xfer_cb+0xd0>)
10006d98:	691b      	ldr	r3, [r3, #16]
10006d9a:	2b00      	cmp	r3, #0
10006d9c:	d005      	beq.n	10006daa <usbd_control_xfer_cb+0x8a>
10006d9e:	4a14      	ldr	r2, [pc, #80]	@ (10006df0 <usbd_control_xfer_cb+0xd0>)
10006da0:	2102      	movs	r1, #2
10006da2:	0028      	movs	r0, r5
10006da4:	4798      	blx	r3
10006da6:	2800      	cmp	r0, #0
10006da8:	d00b      	beq.n	10006dc2 <usbd_control_xfer_cb+0xa2>
10006daa:	4911      	ldr	r1, [pc, #68]	@ (10006df0 <usbd_control_xfer_cb+0xd0>)
10006dac:	0028      	movs	r0, r5
10006dae:	f7ff fefb 	bl	10006ba8 <status_stage_xact>
10006db2:	1e04      	subs	r4, r0, #0
10006db4:	d1c5      	bne.n	10006d42 <usbd_control_xfer_cb+0x22>
10006db6:	490f      	ldr	r1, [pc, #60]	@ (10006df4 <usbd_control_xfer_cb+0xd4>)
10006db8:	480f      	ldr	r0, [pc, #60]	@ (10006df8 <usbd_control_xfer_cb+0xd8>)
10006dba:	22c5      	movs	r2, #197	@ 0xc5
10006dbc:	f7fe fa56 	bl	1000526c <__wrap_printf>
10006dc0:	e7bf      	b.n	10006d42 <usbd_control_xfer_cb+0x22>
10006dc2:	2100      	movs	r1, #0
10006dc4:	0028      	movs	r0, r5
10006dc6:	f7ff f84b 	bl	10005e60 <dcd_edpt_stall>
10006dca:	2180      	movs	r1, #128	@ 0x80
10006dcc:	0028      	movs	r0, r5
10006dce:	f7ff f847 	bl	10005e60 <dcd_edpt_stall>
10006dd2:	2401      	movs	r4, #1
10006dd4:	e7b5      	b.n	10006d42 <usbd_control_xfer_cb+0x22>
10006dd6:	0028      	movs	r0, r5
10006dd8:	f7ff fef4 	bl	10006bc4 <data_stage_xact>
10006ddc:	1e04      	subs	r4, r0, #0
10006dde:	d1b0      	bne.n	10006d42 <usbd_control_xfer_cb+0x22>
10006de0:	4904      	ldr	r1, [pc, #16]	@ (10006df4 <usbd_control_xfer_cb+0xd4>)
10006de2:	4805      	ldr	r0, [pc, #20]	@ (10006df8 <usbd_control_xfer_cb+0xd8>)
10006de4:	22cd      	movs	r2, #205	@ 0xcd
10006de6:	f7fe fa41 	bl	1000526c <__wrap_printf>
10006dea:	e7aa      	b.n	10006d42 <usbd_control_xfer_cb+0x22>
10006dec:	2400      	movs	r4, #0
10006dee:	e7a8      	b.n	10006d42 <usbd_control_xfer_cb+0x22>
10006df0:	200011c4 	.word	0x200011c4
10006df4:	10009dc8 	.word	0x10009dc8
10006df8:	100095c8 	.word	0x100095c8
10006dfc:	20001184 	.word	0x20001184

10006e00 <_prep_out_transaction>:
10006e00:	b570      	push	{r4, r5, r6, lr}
10006e02:	0004      	movs	r4, r0
10006e04:	f7ff fa66 	bl	100062d4 <tud_mounted>
10006e08:	2800      	cmp	r0, #0
10006e0a:	d10b      	bne.n	10006e24 <_prep_out_transaction+0x24>
10006e0c:	2000      	movs	r0, #0
10006e0e:	2800      	cmp	r0, #0
10006e10:	d007      	beq.n	10006e22 <_prep_out_transaction+0x22>
10006e12:	4b21      	ldr	r3, [pc, #132]	@ (10006e98 <_prep_out_transaction+0x98>)
10006e14:	22c8      	movs	r2, #200	@ 0xc8
10006e16:	4362      	muls	r2, r4
10006e18:	189b      	adds	r3, r3, r2
10006e1a:	78db      	ldrb	r3, [r3, #3]
10006e1c:	2b00      	cmp	r3, #0
10006e1e:	d109      	bne.n	10006e34 <_prep_out_transaction+0x34>
10006e20:	2000      	movs	r0, #0
10006e22:	bd70      	pop	{r4, r5, r6, pc}
10006e24:	f7ff fa5e 	bl	100062e4 <tud_suspended>
10006e28:	2800      	cmp	r0, #0
10006e2a:	d101      	bne.n	10006e30 <_prep_out_transaction+0x30>
10006e2c:	3001      	adds	r0, #1
10006e2e:	e7ee      	b.n	10006e0e <_prep_out_transaction+0xe>
10006e30:	2000      	movs	r0, #0
10006e32:	e7ec      	b.n	10006e0e <_prep_out_transaction+0xe>
10006e34:	0015      	movs	r5, r2
10006e36:	3510      	adds	r5, #16
10006e38:	4b17      	ldr	r3, [pc, #92]	@ (10006e98 <_prep_out_transaction+0x98>)
10006e3a:	18ed      	adds	r5, r5, r3
10006e3c:	0028      	movs	r0, r5
10006e3e:	f001 f939 	bl	100080b4 <tu_fifo_remaining>
10006e42:	283f      	cmp	r0, #63	@ 0x3f
10006e44:	d801      	bhi.n	10006e4a <_prep_out_transaction+0x4a>
10006e46:	2000      	movs	r0, #0
10006e48:	e7eb      	b.n	10006e22 <_prep_out_transaction+0x22>
10006e4a:	4b13      	ldr	r3, [pc, #76]	@ (10006e98 <_prep_out_transaction+0x98>)
10006e4c:	22c8      	movs	r2, #200	@ 0xc8
10006e4e:	4362      	muls	r2, r4
10006e50:	189b      	adds	r3, r3, r2
10006e52:	78d9      	ldrb	r1, [r3, #3]
10006e54:	2000      	movs	r0, #0
10006e56:	f7ff fb4b 	bl	100064f0 <usbd_edpt_claim>
10006e5a:	2800      	cmp	r0, #0
10006e5c:	d0e1      	beq.n	10006e22 <_prep_out_transaction+0x22>
10006e5e:	0028      	movs	r0, r5
10006e60:	f001 f928 	bl	100080b4 <tu_fifo_remaining>
10006e64:	283f      	cmp	r0, #63	@ 0x3f
10006e66:	d90c      	bls.n	10006e82 <_prep_out_transaction+0x82>
10006e68:	01e2      	lsls	r2, r4, #7
10006e6a:	4b0c      	ldr	r3, [pc, #48]	@ (10006e9c <_prep_out_transaction+0x9c>)
10006e6c:	18d2      	adds	r2, r2, r3
10006e6e:	4b0a      	ldr	r3, [pc, #40]	@ (10006e98 <_prep_out_transaction+0x98>)
10006e70:	21c8      	movs	r1, #200	@ 0xc8
10006e72:	4361      	muls	r1, r4
10006e74:	185b      	adds	r3, r3, r1
10006e76:	78d9      	ldrb	r1, [r3, #3]
10006e78:	2340      	movs	r3, #64	@ 0x40
10006e7a:	2000      	movs	r0, #0
10006e7c:	f7ff fb60 	bl	10006540 <usbd_edpt_xfer>
10006e80:	e7cf      	b.n	10006e22 <_prep_out_transaction+0x22>
10006e82:	4b05      	ldr	r3, [pc, #20]	@ (10006e98 <_prep_out_transaction+0x98>)
10006e84:	22c8      	movs	r2, #200	@ 0xc8
10006e86:	4362      	muls	r2, r4
10006e88:	189b      	adds	r3, r3, r2
10006e8a:	78d9      	ldrb	r1, [r3, #3]
10006e8c:	2000      	movs	r0, #0
10006e8e:	f7ff fb43 	bl	10006518 <usbd_edpt_release>
10006e92:	2000      	movs	r0, #0
10006e94:	e7c5      	b.n	10006e22 <_prep_out_transaction+0x22>
10006e96:	46c0      	nop			@ (mov r8, r8)
10006e98:	200010bc 	.word	0x200010bc
10006e9c:	20001038 	.word	0x20001038

10006ea0 <tud_cdc_n_connected>:
10006ea0:	b510      	push	{r4, lr}
10006ea2:	0004      	movs	r4, r0
10006ea4:	f7ff fa16 	bl	100062d4 <tud_mounted>
10006ea8:	2800      	cmp	r0, #0
10006eaa:	d101      	bne.n	10006eb0 <tud_cdc_n_connected+0x10>
10006eac:	2000      	movs	r0, #0
10006eae:	bd10      	pop	{r4, pc}
10006eb0:	f7ff fa18 	bl	100062e4 <tud_suspended>
10006eb4:	2800      	cmp	r0, #0
10006eb6:	d108      	bne.n	10006eca <tud_cdc_n_connected+0x2a>
10006eb8:	4b06      	ldr	r3, [pc, #24]	@ (10006ed4 <tud_cdc_n_connected+0x34>)
10006eba:	22c8      	movs	r2, #200	@ 0xc8
10006ebc:	4362      	muls	r2, r4
10006ebe:	189b      	adds	r3, r3, r2
10006ec0:	791b      	ldrb	r3, [r3, #4]
10006ec2:	07db      	lsls	r3, r3, #31
10006ec4:	d503      	bpl.n	10006ece <tud_cdc_n_connected+0x2e>
10006ec6:	3001      	adds	r0, #1
10006ec8:	e7f1      	b.n	10006eae <tud_cdc_n_connected+0xe>
10006eca:	2000      	movs	r0, #0
10006ecc:	e7ef      	b.n	10006eae <tud_cdc_n_connected+0xe>
10006ece:	2000      	movs	r0, #0
10006ed0:	e7ed      	b.n	10006eae <tud_cdc_n_connected+0xe>
10006ed2:	46c0      	nop			@ (mov r8, r8)
10006ed4:	200010bc 	.word	0x200010bc

10006ed8 <tud_cdc_n_available>:
10006ed8:	b510      	push	{r4, lr}
10006eda:	23c8      	movs	r3, #200	@ 0xc8
10006edc:	4343      	muls	r3, r0
10006ede:	3310      	adds	r3, #16
10006ee0:	4802      	ldr	r0, [pc, #8]	@ (10006eec <tud_cdc_n_available+0x14>)
10006ee2:	1818      	adds	r0, r3, r0
10006ee4:	f001 f8b6 	bl	10008054 <tu_fifo_count>
10006ee8:	bd10      	pop	{r4, pc}
10006eea:	46c0      	nop			@ (mov r8, r8)
10006eec:	200010bc 	.word	0x200010bc

10006ef0 <tud_cdc_n_read>:
10006ef0:	b570      	push	{r4, r5, r6, lr}
10006ef2:	0004      	movs	r4, r0
10006ef4:	20c8      	movs	r0, #200	@ 0xc8
10006ef6:	4360      	muls	r0, r4
10006ef8:	0003      	movs	r3, r0
10006efa:	3310      	adds	r3, #16
10006efc:	4807      	ldr	r0, [pc, #28]	@ (10006f1c <tud_cdc_n_read+0x2c>)
10006efe:	1818      	adds	r0, r3, r0
10006f00:	4b07      	ldr	r3, [pc, #28]	@ (10006f20 <tud_cdc_n_read+0x30>)
10006f02:	429a      	cmp	r2, r3
10006f04:	d808      	bhi.n	10006f18 <tud_cdc_n_read+0x28>
10006f06:	b292      	uxth	r2, r2
10006f08:	f001 f90b 	bl	10008122 <tu_fifo_read_n>
10006f0c:	0005      	movs	r5, r0
10006f0e:	0020      	movs	r0, r4
10006f10:	f7ff ff76 	bl	10006e00 <_prep_out_transaction>
10006f14:	0028      	movs	r0, r5
10006f16:	bd70      	pop	{r4, r5, r6, pc}
10006f18:	4a02      	ldr	r2, [pc, #8]	@ (10006f24 <tud_cdc_n_read+0x34>)
10006f1a:	e7f5      	b.n	10006f08 <tud_cdc_n_read+0x18>
10006f1c:	200010bc 	.word	0x200010bc
10006f20:	0000fffe 	.word	0x0000fffe
10006f24:	0000ffff 	.word	0x0000ffff

10006f28 <tud_cdc_n_write_flush>:
10006f28:	b570      	push	{r4, r5, r6, lr}
10006f2a:	0005      	movs	r5, r0
10006f2c:	f7ff f9d2 	bl	100062d4 <tud_mounted>
10006f30:	2800      	cmp	r0, #0
10006f32:	d104      	bne.n	10006f3e <tud_cdc_n_write_flush+0x16>
10006f34:	2300      	movs	r3, #0
10006f36:	2b00      	cmp	r3, #0
10006f38:	d109      	bne.n	10006f4e <tud_cdc_n_write_flush+0x26>
10006f3a:	2000      	movs	r0, #0
10006f3c:	bd70      	pop	{r4, r5, r6, pc}
10006f3e:	f7ff f9d1 	bl	100062e4 <tud_suspended>
10006f42:	2800      	cmp	r0, #0
10006f44:	d101      	bne.n	10006f4a <tud_cdc_n_write_flush+0x22>
10006f46:	2301      	movs	r3, #1
10006f48:	e7f5      	b.n	10006f36 <tud_cdc_n_write_flush+0xe>
10006f4a:	2300      	movs	r3, #0
10006f4c:	e7f3      	b.n	10006f36 <tud_cdc_n_write_flush+0xe>
10006f4e:	24c8      	movs	r4, #200	@ 0xc8
10006f50:	436c      	muls	r4, r5
10006f52:	3420      	adds	r4, #32
10006f54:	4b1f      	ldr	r3, [pc, #124]	@ (10006fd4 <tud_cdc_n_write_flush+0xac>)
10006f56:	18e4      	adds	r4, r4, r3
10006f58:	3404      	adds	r4, #4
10006f5a:	0020      	movs	r0, r4
10006f5c:	f001 f87a 	bl	10008054 <tu_fifo_count>
10006f60:	2800      	cmp	r0, #0
10006f62:	d101      	bne.n	10006f68 <tud_cdc_n_write_flush+0x40>
10006f64:	2000      	movs	r0, #0
10006f66:	e7e9      	b.n	10006f3c <tud_cdc_n_write_flush+0x14>
10006f68:	4b1a      	ldr	r3, [pc, #104]	@ (10006fd4 <tud_cdc_n_write_flush+0xac>)
10006f6a:	22c8      	movs	r2, #200	@ 0xc8
10006f6c:	436a      	muls	r2, r5
10006f6e:	189b      	adds	r3, r3, r2
10006f70:	7899      	ldrb	r1, [r3, #2]
10006f72:	2000      	movs	r0, #0
10006f74:	f7ff fabc 	bl	100064f0 <usbd_edpt_claim>
10006f78:	2800      	cmp	r0, #0
10006f7a:	d101      	bne.n	10006f80 <tud_cdc_n_write_flush+0x58>
10006f7c:	2000      	movs	r0, #0
10006f7e:	e7dd      	b.n	10006f3c <tud_cdc_n_write_flush+0x14>
10006f80:	01ee      	lsls	r6, r5, #7
10006f82:	3640      	adds	r6, #64	@ 0x40
10006f84:	4b14      	ldr	r3, [pc, #80]	@ (10006fd8 <tud_cdc_n_write_flush+0xb0>)
10006f86:	18f6      	adds	r6, r6, r3
10006f88:	2240      	movs	r2, #64	@ 0x40
10006f8a:	0031      	movs	r1, r6
10006f8c:	0020      	movs	r0, r4
10006f8e:	f001 f8c8 	bl	10008122 <tu_fifo_read_n>
10006f92:	1e04      	subs	r4, r0, #0
10006f94:	d014      	beq.n	10006fc0 <tud_cdc_n_write_flush+0x98>
10006f96:	4b0f      	ldr	r3, [pc, #60]	@ (10006fd4 <tud_cdc_n_write_flush+0xac>)
10006f98:	22c8      	movs	r2, #200	@ 0xc8
10006f9a:	436a      	muls	r2, r5
10006f9c:	189b      	adds	r3, r3, r2
10006f9e:	7899      	ldrb	r1, [r3, #2]
10006fa0:	0003      	movs	r3, r0
10006fa2:	0032      	movs	r2, r6
10006fa4:	2000      	movs	r0, #0
10006fa6:	f7ff facb 	bl	10006540 <usbd_edpt_xfer>
10006faa:	2800      	cmp	r0, #0
10006fac:	d001      	beq.n	10006fb2 <tud_cdc_n_write_flush+0x8a>
10006fae:	0020      	movs	r0, r4
10006fb0:	e7c4      	b.n	10006f3c <tud_cdc_n_write_flush+0x14>
10006fb2:	490a      	ldr	r1, [pc, #40]	@ (10006fdc <tud_cdc_n_write_flush+0xb4>)
10006fb4:	480a      	ldr	r0, [pc, #40]	@ (10006fe0 <tud_cdc_n_write_flush+0xb8>)
10006fb6:	22d5      	movs	r2, #213	@ 0xd5
10006fb8:	f7fe f958 	bl	1000526c <__wrap_printf>
10006fbc:	2000      	movs	r0, #0
10006fbe:	e7bd      	b.n	10006f3c <tud_cdc_n_write_flush+0x14>
10006fc0:	4b04      	ldr	r3, [pc, #16]	@ (10006fd4 <tud_cdc_n_write_flush+0xac>)
10006fc2:	22c8      	movs	r2, #200	@ 0xc8
10006fc4:	436a      	muls	r2, r5
10006fc6:	189b      	adds	r3, r3, r2
10006fc8:	7899      	ldrb	r1, [r3, #2]
10006fca:	2000      	movs	r0, #0
10006fcc:	f7ff faa4 	bl	10006518 <usbd_edpt_release>
10006fd0:	2000      	movs	r0, #0
10006fd2:	e7b3      	b.n	10006f3c <tud_cdc_n_write_flush+0x14>
10006fd4:	200010bc 	.word	0x200010bc
10006fd8:	20001038 	.word	0x20001038
10006fdc:	10009e10 	.word	0x10009e10
10006fe0:	100095c8 	.word	0x100095c8

10006fe4 <tud_cdc_n_write>:
10006fe4:	b570      	push	{r4, r5, r6, lr}
10006fe6:	0005      	movs	r5, r0
10006fe8:	24c8      	movs	r4, #200	@ 0xc8
10006fea:	4344      	muls	r4, r0
10006fec:	3420      	adds	r4, #32
10006fee:	4b0c      	ldr	r3, [pc, #48]	@ (10007020 <tud_cdc_n_write+0x3c>)
10006ff0:	18e4      	adds	r4, r4, r3
10006ff2:	3404      	adds	r4, #4
10006ff4:	4b0b      	ldr	r3, [pc, #44]	@ (10007024 <tud_cdc_n_write+0x40>)
10006ff6:	429a      	cmp	r2, r3
10006ff8:	d80b      	bhi.n	10007012 <tud_cdc_n_write+0x2e>
10006ffa:	b292      	uxth	r2, r2
10006ffc:	0020      	movs	r0, r4
10006ffe:	f001 f8c7 	bl	10008190 <tu_fifo_write_n>
10007002:	0006      	movs	r6, r0
10007004:	0020      	movs	r0, r4
10007006:	f001 f825 	bl	10008054 <tu_fifo_count>
1000700a:	283f      	cmp	r0, #63	@ 0x3f
1000700c:	d803      	bhi.n	10007016 <tud_cdc_n_write+0x32>
1000700e:	0030      	movs	r0, r6
10007010:	bd70      	pop	{r4, r5, r6, pc}
10007012:	4a05      	ldr	r2, [pc, #20]	@ (10007028 <tud_cdc_n_write+0x44>)
10007014:	e7f2      	b.n	10006ffc <tud_cdc_n_write+0x18>
10007016:	0028      	movs	r0, r5
10007018:	f7ff ff86 	bl	10006f28 <tud_cdc_n_write_flush>
1000701c:	e7f7      	b.n	1000700e <tud_cdc_n_write+0x2a>
1000701e:	46c0      	nop			@ (mov r8, r8)
10007020:	200010bc 	.word	0x200010bc
10007024:	0000fffe 	.word	0x0000fffe
10007028:	0000ffff 	.word	0x0000ffff

1000702c <tud_cdc_n_write_available>:
1000702c:	b510      	push	{r4, lr}
1000702e:	23c8      	movs	r3, #200	@ 0xc8
10007030:	4358      	muls	r0, r3
10007032:	3020      	adds	r0, #32
10007034:	4b02      	ldr	r3, [pc, #8]	@ (10007040 <tud_cdc_n_write_available+0x14>)
10007036:	18c0      	adds	r0, r0, r3
10007038:	3004      	adds	r0, #4
1000703a:	f001 f83b 	bl	100080b4 <tu_fifo_remaining>
1000703e:	bd10      	pop	{r4, pc}
10007040:	200010bc 	.word	0x200010bc

10007044 <cdcd_init>:
10007044:	b5f0      	push	{r4, r5, r6, r7, lr}
10007046:	46ce      	mov	lr, r9
10007048:	4647      	mov	r7, r8
1000704a:	b580      	push	{r7, lr}
1000704c:	b083      	sub	sp, #12
1000704e:	4826      	ldr	r0, [pc, #152]	@ (100070e8 <cdcd_init+0xa4>)
10007050:	22c8      	movs	r2, #200	@ 0xc8
10007052:	2100      	movs	r1, #0
10007054:	f7fc feac 	bl	10003db0 <__wrap_memset>
10007058:	4b24      	ldr	r3, [pc, #144]	@ (100070ec <cdcd_init+0xa8>)
1000705a:	2200      	movs	r2, #0
1000705c:	701a      	strb	r2, [r3, #0]
1000705e:	2700      	movs	r7, #0
10007060:	2f00      	cmp	r7, #0
10007062:	d004      	beq.n	1000706e <cdcd_init+0x2a>
10007064:	b003      	add	sp, #12
10007066:	bcc0      	pop	{r6, r7}
10007068:	46b9      	mov	r9, r7
1000706a:	46b0      	mov	r8, r6
1000706c:	bdf0      	pop	{r4, r5, r6, r7, pc}
1000706e:	4e1e      	ldr	r6, [pc, #120]	@ (100070e8 <cdcd_init+0xa4>)
10007070:	24c8      	movs	r4, #200	@ 0xc8
10007072:	437c      	muls	r4, r7
10007074:	1935      	adds	r5, r6, r4
10007076:	23ff      	movs	r3, #255	@ 0xff
10007078:	716b      	strb	r3, [r5, #5]
1000707a:	23e1      	movs	r3, #225	@ 0xe1
1000707c:	025b      	lsls	r3, r3, #9
1000707e:	60ab      	str	r3, [r5, #8]
10007080:	2300      	movs	r3, #0
10007082:	4698      	mov	r8, r3
10007084:	732b      	strb	r3, [r5, #12]
10007086:	736b      	strb	r3, [r5, #13]
10007088:	3308      	adds	r3, #8
1000708a:	73ab      	strb	r3, [r5, #14]
1000708c:	0021      	movs	r1, r4
1000708e:	3138      	adds	r1, #56	@ 0x38
10007090:	1989      	adds	r1, r1, r6
10007092:	0020      	movs	r0, r4
10007094:	3010      	adds	r0, #16
10007096:	1980      	adds	r0, r0, r6
10007098:	4643      	mov	r3, r8
1000709a:	9300      	str	r3, [sp, #0]
1000709c:	3301      	adds	r3, #1
1000709e:	2240      	movs	r2, #64	@ 0x40
100070a0:	f000 ff9a 	bl	10007fd8 <tu_fifo_config>
100070a4:	0021      	movs	r1, r4
100070a6:	3178      	adds	r1, #120	@ 0x78
100070a8:	1989      	adds	r1, r1, r6
100070aa:	0020      	movs	r0, r4
100070ac:	3020      	adds	r0, #32
100070ae:	1980      	adds	r0, r0, r6
100070b0:	3004      	adds	r0, #4
100070b2:	2301      	movs	r3, #1
100070b4:	9300      	str	r3, [sp, #0]
100070b6:	2240      	movs	r2, #64	@ 0x40
100070b8:	f000 ff8e 	bl	10007fd8 <tu_fifo_config>
100070bc:	0023      	movs	r3, r4
100070be:	33b8      	adds	r3, #184	@ 0xb8
100070c0:	4699      	mov	r9, r3
100070c2:	44b1      	add	r9, r6
100070c4:	4648      	mov	r0, r9
100070c6:	f7fa f901 	bl	100012cc <mutex_init>
100070ca:	34c0      	adds	r4, #192	@ 0xc0
100070cc:	19a4      	adds	r4, r4, r6
100070ce:	0020      	movs	r0, r4
100070d0:	f7fa f8fc 	bl	100012cc <mutex_init>
100070d4:	4643      	mov	r3, r8
100070d6:	61eb      	str	r3, [r5, #28]
100070d8:	464b      	mov	r3, r9
100070da:	622b      	str	r3, [r5, #32]
100070dc:	632c      	str	r4, [r5, #48]	@ 0x30
100070de:	4643      	mov	r3, r8
100070e0:	636b      	str	r3, [r5, #52]	@ 0x34
100070e2:	3701      	adds	r7, #1
100070e4:	b2ff      	uxtb	r7, r7
100070e6:	e7bb      	b.n	10007060 <cdcd_init+0x1c>
100070e8:	200010bc 	.word	0x200010bc
100070ec:	200010b8 	.word	0x200010b8

100070f0 <cdcd_deinit>:
100070f0:	b510      	push	{r4, lr}
100070f2:	2300      	movs	r3, #0
100070f4:	2b00      	cmp	r3, #0
100070f6:	d001      	beq.n	100070fc <cdcd_deinit+0xc>
100070f8:	2001      	movs	r0, #1
100070fa:	bd10      	pop	{r4, pc}
100070fc:	0019      	movs	r1, r3
100070fe:	4a0d      	ldr	r2, [pc, #52]	@ (10007134 <cdcd_deinit+0x44>)
10007100:	20c8      	movs	r0, #200	@ 0xc8
10007102:	4358      	muls	r0, r3
10007104:	1812      	adds	r2, r2, r0
10007106:	6a10      	ldr	r0, [r2, #32]
10007108:	6b14      	ldr	r4, [r2, #48]	@ 0x30
1000710a:	2800      	cmp	r0, #0
1000710c:	d006      	beq.n	1000711c <cdcd_deinit+0x2c>
1000710e:	4a09      	ldr	r2, [pc, #36]	@ (10007134 <cdcd_deinit+0x44>)
10007110:	20c8      	movs	r0, #200	@ 0xc8
10007112:	4358      	muls	r0, r3
10007114:	1812      	adds	r2, r2, r0
10007116:	2000      	movs	r0, #0
10007118:	61d0      	str	r0, [r2, #28]
1000711a:	6210      	str	r0, [r2, #32]
1000711c:	2c00      	cmp	r4, #0
1000711e:	d006      	beq.n	1000712e <cdcd_deinit+0x3e>
10007120:	4a04      	ldr	r2, [pc, #16]	@ (10007134 <cdcd_deinit+0x44>)
10007122:	20c8      	movs	r0, #200	@ 0xc8
10007124:	4341      	muls	r1, r0
10007126:	1852      	adds	r2, r2, r1
10007128:	2100      	movs	r1, #0
1000712a:	6311      	str	r1, [r2, #48]	@ 0x30
1000712c:	6351      	str	r1, [r2, #52]	@ 0x34
1000712e:	3301      	adds	r3, #1
10007130:	b2db      	uxtb	r3, r3
10007132:	e7df      	b.n	100070f4 <cdcd_deinit+0x4>
10007134:	200010bc 	.word	0x200010bc

10007138 <cdcd_reset>:
10007138:	b570      	push	{r4, r5, r6, lr}
1000713a:	2400      	movs	r4, #0
1000713c:	2c00      	cmp	r4, #0
1000713e:	d000      	beq.n	10007142 <cdcd_reset+0xa>
10007140:	bd70      	pop	{r4, r5, r6, pc}
10007142:	0025      	movs	r5, r4
10007144:	20c8      	movs	r0, #200	@ 0xc8
10007146:	4360      	muls	r0, r4
10007148:	4b15      	ldr	r3, [pc, #84]	@ (100071a0 <cdcd_reset+0x68>)
1000714a:	18c0      	adds	r0, r0, r3
1000714c:	2205      	movs	r2, #5
1000714e:	2100      	movs	r1, #0
10007150:	f7fc fe2e 	bl	10003db0 <__wrap_memset>
10007154:	4b13      	ldr	r3, [pc, #76]	@ (100071a4 <cdcd_reset+0x6c>)
10007156:	781b      	ldrb	r3, [r3, #0]
10007158:	07db      	lsls	r3, r3, #31
1000715a:	d50f      	bpl.n	1000717c <cdcd_reset+0x44>
1000715c:	4b11      	ldr	r3, [pc, #68]	@ (100071a4 <cdcd_reset+0x6c>)
1000715e:	781b      	ldrb	r3, [r3, #0]
10007160:	079b      	lsls	r3, r3, #30
10007162:	d513      	bpl.n	1000718c <cdcd_reset+0x54>
10007164:	20c8      	movs	r0, #200	@ 0xc8
10007166:	4368      	muls	r0, r5
10007168:	3020      	adds	r0, #32
1000716a:	4b0d      	ldr	r3, [pc, #52]	@ (100071a0 <cdcd_reset+0x68>)
1000716c:	18c0      	adds	r0, r0, r3
1000716e:	3004      	adds	r0, #4
10007170:	2101      	movs	r1, #1
10007172:	f001 f831 	bl	100081d8 <tu_fifo_set_overwritable>
10007176:	3401      	adds	r4, #1
10007178:	b2e4      	uxtb	r4, r4
1000717a:	e7df      	b.n	1000713c <cdcd_reset+0x4>
1000717c:	20c8      	movs	r0, #200	@ 0xc8
1000717e:	4360      	muls	r0, r4
10007180:	3010      	adds	r0, #16
10007182:	4b07      	ldr	r3, [pc, #28]	@ (100071a0 <cdcd_reset+0x68>)
10007184:	18c0      	adds	r0, r0, r3
10007186:	f001 f808 	bl	1000819a <tu_fifo_clear>
1000718a:	e7e7      	b.n	1000715c <cdcd_reset+0x24>
1000718c:	20c8      	movs	r0, #200	@ 0xc8
1000718e:	4368      	muls	r0, r5
10007190:	3020      	adds	r0, #32
10007192:	4b03      	ldr	r3, [pc, #12]	@ (100071a0 <cdcd_reset+0x68>)
10007194:	18c0      	adds	r0, r0, r3
10007196:	3004      	adds	r0, #4
10007198:	f000 ffff 	bl	1000819a <tu_fifo_clear>
1000719c:	e7e2      	b.n	10007164 <cdcd_reset+0x2c>
1000719e:	46c0      	nop			@ (mov r8, r8)
100071a0:	200010bc 	.word	0x200010bc
100071a4:	200010b8 	.word	0x200010b8

100071a8 <cdcd_open>:
100071a8:	b5f0      	push	{r4, r5, r6, r7, lr}
100071aa:	b085      	sub	sp, #20
100071ac:	9003      	str	r0, [sp, #12]
100071ae:	794b      	ldrb	r3, [r1, #5]
100071b0:	2b02      	cmp	r3, #2
100071b2:	d163      	bne.n	1000727c <cdcd_open+0xd4>
100071b4:	798b      	ldrb	r3, [r1, #6]
100071b6:	2b02      	cmp	r3, #2
100071b8:	d164      	bne.n	10007284 <cdcd_open+0xdc>
100071ba:	2700      	movs	r7, #0
100071bc:	2f00      	cmp	r7, #0
100071be:	d007      	beq.n	100071d0 <cdcd_open+0x28>
100071c0:	2f00      	cmp	r7, #0
100071c2:	d10f      	bne.n	100071e4 <cdcd_open+0x3c>
100071c4:	788b      	ldrb	r3, [r1, #2]
100071c6:	7033      	strb	r3, [r6, #0]
100071c8:	780c      	ldrb	r4, [r1, #0]
100071ca:	190c      	adds	r4, r1, r4
100071cc:	2509      	movs	r5, #9
100071ce:	e015      	b.n	100071fc <cdcd_open+0x54>
100071d0:	23c8      	movs	r3, #200	@ 0xc8
100071d2:	437b      	muls	r3, r7
100071d4:	4e2c      	ldr	r6, [pc, #176]	@ (10007288 <cdcd_open+0xe0>)
100071d6:	199e      	adds	r6, r3, r6
100071d8:	78b3      	ldrb	r3, [r6, #2]
100071da:	2b00      	cmp	r3, #0
100071dc:	d0f0      	beq.n	100071c0 <cdcd_open+0x18>
100071de:	3701      	adds	r7, #1
100071e0:	b2ff      	uxtb	r7, r7
100071e2:	e7eb      	b.n	100071bc <cdcd_open+0x14>
100071e4:	2242      	movs	r2, #66	@ 0x42
100071e6:	4929      	ldr	r1, [pc, #164]	@ (1000728c <cdcd_open+0xe4>)
100071e8:	4829      	ldr	r0, [pc, #164]	@ (10007290 <cdcd_open+0xe8>)
100071ea:	32ff      	adds	r2, #255	@ 0xff
100071ec:	f7fe f83e 	bl	1000526c <__wrap_printf>
100071f0:	2500      	movs	r5, #0
100071f2:	e044      	b.n	1000727e <cdcd_open+0xd6>
100071f4:	7823      	ldrb	r3, [r4, #0]
100071f6:	195d      	adds	r5, r3, r5
100071f8:	b2ad      	uxth	r5, r5
100071fa:	18e4      	adds	r4, r4, r3
100071fc:	7863      	ldrb	r3, [r4, #1]
100071fe:	2b24      	cmp	r3, #36	@ 0x24
10007200:	d101      	bne.n	10007206 <cdcd_open+0x5e>
10007202:	4295      	cmp	r5, r2
10007204:	d9f6      	bls.n	100071f4 <cdcd_open+0x4c>
10007206:	2b05      	cmp	r3, #5
10007208:	d009      	beq.n	1000721e <cdcd_open+0x76>
1000720a:	7863      	ldrb	r3, [r4, #1]
1000720c:	2b04      	cmp	r3, #4
1000720e:	d102      	bne.n	10007216 <cdcd_open+0x6e>
10007210:	7963      	ldrb	r3, [r4, #5]
10007212:	2b0a      	cmp	r3, #10
10007214:	d018      	beq.n	10007248 <cdcd_open+0xa0>
10007216:	0038      	movs	r0, r7
10007218:	f7ff fdf2 	bl	10006e00 <_prep_out_transaction>
1000721c:	e02f      	b.n	1000727e <cdcd_open+0xd6>
1000721e:	0021      	movs	r1, r4
10007220:	9803      	ldr	r0, [sp, #12]
10007222:	f7ff f8f1 	bl	10006408 <usbd_edpt_open>
10007226:	2800      	cmp	r0, #0
10007228:	d006      	beq.n	10007238 <cdcd_open+0x90>
1000722a:	78a3      	ldrb	r3, [r4, #2]
1000722c:	7073      	strb	r3, [r6, #1]
1000722e:	7823      	ldrb	r3, [r4, #0]
10007230:	195d      	adds	r5, r3, r5
10007232:	b2ad      	uxth	r5, r5
10007234:	18e4      	adds	r4, r4, r3
10007236:	e7e8      	b.n	1000720a <cdcd_open+0x62>
10007238:	2254      	movs	r2, #84	@ 0x54
1000723a:	4914      	ldr	r1, [pc, #80]	@ (1000728c <cdcd_open+0xe4>)
1000723c:	4814      	ldr	r0, [pc, #80]	@ (10007290 <cdcd_open+0xe8>)
1000723e:	32ff      	adds	r2, #255	@ 0xff
10007240:	f7fe f814 	bl	1000526c <__wrap_printf>
10007244:	2500      	movs	r5, #0
10007246:	e01a      	b.n	1000727e <cdcd_open+0xd6>
10007248:	7821      	ldrb	r1, [r4, #0]
1000724a:	194d      	adds	r5, r1, r5
1000724c:	b2ad      	uxth	r5, r5
1000724e:	1861      	adds	r1, r4, r1
10007250:	1cb3      	adds	r3, r6, #2
10007252:	9301      	str	r3, [sp, #4]
10007254:	1cf3      	adds	r3, r6, #3
10007256:	9300      	str	r3, [sp, #0]
10007258:	2302      	movs	r3, #2
1000725a:	2202      	movs	r2, #2
1000725c:	9803      	ldr	r0, [sp, #12]
1000725e:	f7ff f903 	bl	10006468 <usbd_open_edpt_pair>
10007262:	2800      	cmp	r0, #0
10007264:	d002      	beq.n	1000726c <cdcd_open+0xc4>
10007266:	350e      	adds	r5, #14
10007268:	b2ad      	uxth	r5, r5
1000726a:	e7d4      	b.n	10007216 <cdcd_open+0x6e>
1000726c:	22b1      	movs	r2, #177	@ 0xb1
1000726e:	4907      	ldr	r1, [pc, #28]	@ (1000728c <cdcd_open+0xe4>)
10007270:	4807      	ldr	r0, [pc, #28]	@ (10007290 <cdcd_open+0xe8>)
10007272:	0052      	lsls	r2, r2, #1
10007274:	f7fd fffa 	bl	1000526c <__wrap_printf>
10007278:	2500      	movs	r5, #0
1000727a:	e000      	b.n	1000727e <cdcd_open+0xd6>
1000727c:	2500      	movs	r5, #0
1000727e:	0028      	movs	r0, r5
10007280:	b005      	add	sp, #20
10007282:	bdf0      	pop	{r4, r5, r6, r7, pc}
10007284:	2500      	movs	r5, #0
10007286:	e7fa      	b.n	1000727e <cdcd_open+0xd6>
10007288:	200010bc 	.word	0x200010bc
1000728c:	10009e04 	.word	0x10009e04
10007290:	100095c8 	.word	0x100095c8

10007294 <cdcd_control_xfer_cb>:
10007294:	b5f8      	push	{r3, r4, r5, r6, r7, lr}
10007296:	0014      	movs	r4, r2
10007298:	7812      	ldrb	r2, [r2, #0]
1000729a:	2360      	movs	r3, #96	@ 0x60
1000729c:	4013      	ands	r3, r2
1000729e:	2b20      	cmp	r3, #32
100072a0:	d000      	beq.n	100072a4 <cdcd_control_xfer_cb+0x10>
100072a2:	e084      	b.n	100073ae <cdcd_control_xfer_cb+0x11a>
100072a4:	2500      	movs	r5, #0
100072a6:	2d00      	cmp	r5, #0
100072a8:	d00e      	beq.n	100072c8 <cdcd_control_xfer_cb+0x34>
100072aa:	2d00      	cmp	r5, #0
100072ac:	d000      	beq.n	100072b0 <cdcd_control_xfer_cb+0x1c>
100072ae:	e080      	b.n	100073b2 <cdcd_control_xfer_cb+0x11e>
100072b0:	7863      	ldrb	r3, [r4, #1]
100072b2:	2b22      	cmp	r3, #34	@ 0x22
100072b4:	d042      	beq.n	1000733c <cdcd_control_xfer_cb+0xa8>
100072b6:	d817      	bhi.n	100072e8 <cdcd_control_xfer_cb+0x54>
100072b8:	2b20      	cmp	r3, #32
100072ba:	d01f      	beq.n	100072fc <cdcd_control_xfer_cb+0x68>
100072bc:	2b21      	cmp	r3, #33	@ 0x21
100072be:	d111      	bne.n	100072e4 <cdcd_control_xfer_cb+0x50>
100072c0:	2901      	cmp	r1, #1
100072c2:	d033      	beq.n	1000732c <cdcd_control_xfer_cb+0x98>
100072c4:	2001      	movs	r0, #1
100072c6:	e073      	b.n	100073b0 <cdcd_control_xfer_cb+0x11c>
100072c8:	23c8      	movs	r3, #200	@ 0xc8
100072ca:	436b      	muls	r3, r5
100072cc:	4a3d      	ldr	r2, [pc, #244]	@ (100073c4 <cdcd_control_xfer_cb+0x130>)
100072ce:	189e      	adds	r6, r3, r2
100072d0:	5cd2      	ldrb	r2, [r2, r3]
100072d2:	7927      	ldrb	r7, [r4, #4]
100072d4:	7963      	ldrb	r3, [r4, #5]
100072d6:	021b      	lsls	r3, r3, #8
100072d8:	433b      	orrs	r3, r7
100072da:	429a      	cmp	r2, r3
100072dc:	d0e5      	beq.n	100072aa <cdcd_control_xfer_cb+0x16>
100072de:	3501      	adds	r5, #1
100072e0:	b2ed      	uxtb	r5, r5
100072e2:	e7e0      	b.n	100072a6 <cdcd_control_xfer_cb+0x12>
100072e4:	2000      	movs	r0, #0
100072e6:	e063      	b.n	100073b0 <cdcd_control_xfer_cb+0x11c>
100072e8:	2b23      	cmp	r3, #35	@ 0x23
100072ea:	d105      	bne.n	100072f8 <cdcd_control_xfer_cb+0x64>
100072ec:	2901      	cmp	r1, #1
100072ee:	d04d      	beq.n	1000738c <cdcd_control_xfer_cb+0xf8>
100072f0:	2903      	cmp	r1, #3
100072f2:	d050      	beq.n	10007396 <cdcd_control_xfer_cb+0x102>
100072f4:	2001      	movs	r0, #1
100072f6:	e05b      	b.n	100073b0 <cdcd_control_xfer_cb+0x11c>
100072f8:	2000      	movs	r0, #0
100072fa:	e059      	b.n	100073b0 <cdcd_control_xfer_cb+0x11c>
100072fc:	2901      	cmp	r1, #1
100072fe:	d003      	beq.n	10007308 <cdcd_control_xfer_cb+0x74>
10007300:	2903      	cmp	r1, #3
10007302:	d009      	beq.n	10007318 <cdcd_control_xfer_cb+0x84>
10007304:	2001      	movs	r0, #1
10007306:	e053      	b.n	100073b0 <cdcd_control_xfer_cb+0x11c>
10007308:	0032      	movs	r2, r6
1000730a:	3208      	adds	r2, #8
1000730c:	2307      	movs	r3, #7
1000730e:	0021      	movs	r1, r4
10007310:	f7ff fc9c 	bl	10006c4c <tud_control_xfer>
10007314:	2001      	movs	r0, #1
10007316:	e04b      	b.n	100073b0 <cdcd_control_xfer_cb+0x11c>
10007318:	4b2b      	ldr	r3, [pc, #172]	@ (100073c8 <cdcd_control_xfer_cb+0x134>)
1000731a:	2b00      	cmp	r3, #0
1000731c:	d04b      	beq.n	100073b6 <cdcd_control_xfer_cb+0x122>
1000731e:	0031      	movs	r1, r6
10007320:	3108      	adds	r1, #8
10007322:	0028      	movs	r0, r5
10007324:	f7fe f946 	bl	100055b4 <tud_cdc_line_coding_cb>
10007328:	2001      	movs	r0, #1
1000732a:	e041      	b.n	100073b0 <cdcd_control_xfer_cb+0x11c>
1000732c:	0032      	movs	r2, r6
1000732e:	3208      	adds	r2, #8
10007330:	2307      	movs	r3, #7
10007332:	0021      	movs	r1, r4
10007334:	f7ff fc8a 	bl	10006c4c <tud_control_xfer>
10007338:	2001      	movs	r0, #1
1000733a:	e039      	b.n	100073b0 <cdcd_control_xfer_cb+0x11c>
1000733c:	2901      	cmp	r1, #1
1000733e:	d003      	beq.n	10007348 <cdcd_control_xfer_cb+0xb4>
10007340:	2903      	cmp	r1, #3
10007342:	d006      	beq.n	10007352 <cdcd_control_xfer_cb+0xbe>
10007344:	2001      	movs	r0, #1
10007346:	e033      	b.n	100073b0 <cdcd_control_xfer_cb+0x11c>
10007348:	0021      	movs	r1, r4
1000734a:	f7ff fc6b 	bl	10006c24 <tud_control_status>
1000734e:	2001      	movs	r0, #1
10007350:	e02e      	b.n	100073b0 <cdcd_control_xfer_cb+0x11c>
10007352:	78a2      	ldrb	r2, [r4, #2]
10007354:	78e3      	ldrb	r3, [r4, #3]
10007356:	021b      	lsls	r3, r3, #8
10007358:	4313      	orrs	r3, r2
1000735a:	2401      	movs	r4, #1
1000735c:	0021      	movs	r1, r4
1000735e:	4019      	ands	r1, r3
10007360:	000c      	movs	r4, r1
10007362:	085a      	lsrs	r2, r3, #1
10007364:	2701      	movs	r7, #1
10007366:	4017      	ands	r7, r2
10007368:	7133      	strb	r3, [r6, #4]
1000736a:	424b      	negs	r3, r1
1000736c:	4159      	adcs	r1, r3
1000736e:	b2c9      	uxtb	r1, r1
10007370:	0030      	movs	r0, r6
10007372:	3024      	adds	r0, #36	@ 0x24
10007374:	f000 ff30 	bl	100081d8 <tu_fifo_set_overwritable>
10007378:	4b14      	ldr	r3, [pc, #80]	@ (100073cc <cdcd_control_xfer_cb+0x138>)
1000737a:	2b00      	cmp	r3, #0
1000737c:	d01d      	beq.n	100073ba <cdcd_control_xfer_cb+0x126>
1000737e:	003a      	movs	r2, r7
10007380:	0021      	movs	r1, r4
10007382:	0028      	movs	r0, r5
10007384:	e000      	b.n	10007388 <cdcd_control_xfer_cb+0xf4>
10007386:	bf00      	nop
10007388:	2001      	movs	r0, #1
1000738a:	e011      	b.n	100073b0 <cdcd_control_xfer_cb+0x11c>
1000738c:	0021      	movs	r1, r4
1000738e:	f7ff fc49 	bl	10006c24 <tud_control_status>
10007392:	2001      	movs	r0, #1
10007394:	e00c      	b.n	100073b0 <cdcd_control_xfer_cb+0x11c>
10007396:	4b0e      	ldr	r3, [pc, #56]	@ (100073d0 <cdcd_control_xfer_cb+0x13c>)
10007398:	2b00      	cmp	r3, #0
1000739a:	d010      	beq.n	100073be <cdcd_control_xfer_cb+0x12a>
1000739c:	78a3      	ldrb	r3, [r4, #2]
1000739e:	78e1      	ldrb	r1, [r4, #3]
100073a0:	0209      	lsls	r1, r1, #8
100073a2:	4319      	orrs	r1, r3
100073a4:	0028      	movs	r0, r5
100073a6:	e000      	b.n	100073aa <cdcd_control_xfer_cb+0x116>
100073a8:	bf00      	nop
100073aa:	2001      	movs	r0, #1
100073ac:	e000      	b.n	100073b0 <cdcd_control_xfer_cb+0x11c>
100073ae:	2000      	movs	r0, #0
100073b0:	bdf8      	pop	{r3, r4, r5, r6, r7, pc}
100073b2:	2000      	movs	r0, #0
100073b4:	e7fc      	b.n	100073b0 <cdcd_control_xfer_cb+0x11c>
100073b6:	2001      	movs	r0, #1
100073b8:	e7fa      	b.n	100073b0 <cdcd_control_xfer_cb+0x11c>
100073ba:	2001      	movs	r0, #1
100073bc:	e7f8      	b.n	100073b0 <cdcd_control_xfer_cb+0x11c>
100073be:	2001      	movs	r0, #1
100073c0:	e7f6      	b.n	100073b0 <cdcd_control_xfer_cb+0x11c>
100073c2:	46c0      	nop			@ (mov r8, r8)
100073c4:	200010bc 	.word	0x200010bc
100073c8:	100055b5 	.word	0x100055b5
	...

100073d4 <cdcd_xfer_cb>:
100073d4:	b5f0      	push	{r4, r5, r6, r7, lr}
100073d6:	46d6      	mov	lr, sl
100073d8:	4647      	mov	r7, r8
100073da:	b580      	push	{r7, lr}
100073dc:	b083      	sub	sp, #12
100073de:	9001      	str	r0, [sp, #4]
100073e0:	000f      	movs	r7, r1
100073e2:	9300      	str	r3, [sp, #0]
100073e4:	2400      	movs	r4, #0
100073e6:	2c00      	cmp	r4, #0
100073e8:	d00f      	beq.n	1000740a <cdcd_xfer_cb+0x36>
100073ea:	2c00      	cmp	r4, #0
100073ec:	d11a      	bne.n	10007424 <cdcd_xfer_cb+0x50>
100073ee:	46a0      	mov	r8, r4
100073f0:	78eb      	ldrb	r3, [r5, #3]
100073f2:	42bb      	cmp	r3, r7
100073f4:	d01e      	beq.n	10007434 <cdcd_xfer_cb+0x60>
100073f6:	78ab      	ldrb	r3, [r5, #2]
100073f8:	42bb      	cmp	r3, r7
100073fa:	d054      	beq.n	100074a6 <cdcd_xfer_cb+0xd2>
100073fc:	2401      	movs	r4, #1
100073fe:	0020      	movs	r0, r4
10007400:	b003      	add	sp, #12
10007402:	bcc0      	pop	{r6, r7}
10007404:	46ba      	mov	sl, r7
10007406:	46b0      	mov	r8, r6
10007408:	bdf0      	pop	{r4, r5, r6, r7, pc}
1000740a:	25c8      	movs	r5, #200	@ 0xc8
1000740c:	4365      	muls	r5, r4
1000740e:	4b3c      	ldr	r3, [pc, #240]	@ (10007500 <cdcd_xfer_cb+0x12c>)
10007410:	18ed      	adds	r5, r5, r3
10007412:	78eb      	ldrb	r3, [r5, #3]
10007414:	42bb      	cmp	r3, r7
10007416:	d0e8      	beq.n	100073ea <cdcd_xfer_cb+0x16>
10007418:	78ab      	ldrb	r3, [r5, #2]
1000741a:	42bb      	cmp	r3, r7
1000741c:	d0e5      	beq.n	100073ea <cdcd_xfer_cb+0x16>
1000741e:	3401      	adds	r4, #1
10007420:	b2e4      	uxtb	r4, r4
10007422:	e7e0      	b.n	100073e6 <cdcd_xfer_cb+0x12>
10007424:	22e6      	movs	r2, #230	@ 0xe6
10007426:	4937      	ldr	r1, [pc, #220]	@ (10007504 <cdcd_xfer_cb+0x130>)
10007428:	4837      	ldr	r0, [pc, #220]	@ (10007508 <cdcd_xfer_cb+0x134>)
1000742a:	0052      	lsls	r2, r2, #1
1000742c:	f7fd ff1e 	bl	1000526c <__wrap_printf>
10007430:	2400      	movs	r4, #0
10007432:	e7e4      	b.n	100073fe <cdcd_xfer_cb+0x2a>
10007434:	2310      	movs	r3, #16
10007436:	469a      	mov	sl, r3
10007438:	44aa      	add	sl, r5
1000743a:	01e1      	lsls	r1, r4, #7
1000743c:	4b33      	ldr	r3, [pc, #204]	@ (1000750c <cdcd_xfer_cb+0x138>)
1000743e:	18c9      	adds	r1, r1, r3
10007440:	466b      	mov	r3, sp
10007442:	881a      	ldrh	r2, [r3, #0]
10007444:	4650      	mov	r0, sl
10007446:	f000 fea3 	bl	10008190 <tu_fifo_write_n>
1000744a:	4b31      	ldr	r3, [pc, #196]	@ (10007510 <cdcd_xfer_cb+0x13c>)
1000744c:	2b00      	cmp	r3, #0
1000744e:	d01a      	beq.n	10007486 <cdcd_xfer_cb+0xb2>
10007450:	796b      	ldrb	r3, [r5, #5]
10007452:	2bff      	cmp	r3, #255	@ 0xff
10007454:	d017      	beq.n	10007486 <cdcd_xfer_cb+0xb2>
10007456:	2600      	movs	r6, #0
10007458:	e000      	b.n	1000745c <cdcd_xfer_cb+0x88>
1000745a:	3601      	adds	r6, #1
1000745c:	9b00      	ldr	r3, [sp, #0]
1000745e:	429e      	cmp	r6, r3
10007460:	d211      	bcs.n	10007486 <cdcd_xfer_cb+0xb2>
10007462:	796a      	ldrb	r2, [r5, #5]
10007464:	4b29      	ldr	r3, [pc, #164]	@ (1000750c <cdcd_xfer_cb+0x138>)
10007466:	4641      	mov	r1, r8
10007468:	01c9      	lsls	r1, r1, #7
1000746a:	185b      	adds	r3, r3, r1
1000746c:	5d9b      	ldrb	r3, [r3, r6]
1000746e:	429a      	cmp	r2, r3
10007470:	d1f3      	bne.n	1000745a <cdcd_xfer_cb+0x86>
10007472:	4650      	mov	r0, sl
10007474:	f000 fe03 	bl	1000807e <tu_fifo_empty>
10007478:	2800      	cmp	r0, #0
1000747a:	d1ee      	bne.n	1000745a <cdcd_xfer_cb+0x86>
1000747c:	7969      	ldrb	r1, [r5, #5]
1000747e:	0020      	movs	r0, r4
10007480:	e000      	b.n	10007484 <cdcd_xfer_cb+0xb0>
10007482:	bf00      	nop
10007484:	e7e9      	b.n	1000745a <cdcd_xfer_cb+0x86>
10007486:	4b23      	ldr	r3, [pc, #140]	@ (10007514 <cdcd_xfer_cb+0x140>)
10007488:	2b00      	cmp	r3, #0
1000748a:	d004      	beq.n	10007496 <cdcd_xfer_cb+0xc2>
1000748c:	4650      	mov	r0, sl
1000748e:	f000 fdf6 	bl	1000807e <tu_fifo_empty>
10007492:	2800      	cmp	r0, #0
10007494:	d003      	beq.n	1000749e <cdcd_xfer_cb+0xca>
10007496:	0020      	movs	r0, r4
10007498:	f7ff fcb2 	bl	10006e00 <_prep_out_transaction>
1000749c:	e7ab      	b.n	100073f6 <cdcd_xfer_cb+0x22>
1000749e:	0020      	movs	r0, r4
100074a0:	e000      	b.n	100074a4 <cdcd_xfer_cb+0xd0>
100074a2:	bf00      	nop
100074a4:	e7f7      	b.n	10007496 <cdcd_xfer_cb+0xc2>
100074a6:	4b1c      	ldr	r3, [pc, #112]	@ (10007518 <cdcd_xfer_cb+0x144>)
100074a8:	2b00      	cmp	r3, #0
100074aa:	d002      	beq.n	100074b2 <cdcd_xfer_cb+0xde>
100074ac:	0020      	movs	r0, r4
100074ae:	e000      	b.n	100074b2 <cdcd_xfer_cb+0xde>
100074b0:	bf00      	nop
100074b2:	0020      	movs	r0, r4
100074b4:	f7ff fd38 	bl	10006f28 <tud_cdc_n_write_flush>
100074b8:	2800      	cmp	r0, #0
100074ba:	d001      	beq.n	100074c0 <cdcd_xfer_cb+0xec>
100074bc:	2401      	movs	r4, #1
100074be:	e79e      	b.n	100073fe <cdcd_xfer_cb+0x2a>
100074c0:	0028      	movs	r0, r5
100074c2:	3024      	adds	r0, #36	@ 0x24
100074c4:	f000 fdc6 	bl	10008054 <tu_fifo_count>
100074c8:	2800      	cmp	r0, #0
100074ca:	d115      	bne.n	100074f8 <cdcd_xfer_cb+0x124>
100074cc:	9b00      	ldr	r3, [sp, #0]
100074ce:	2b00      	cmp	r3, #0
100074d0:	d014      	beq.n	100074fc <cdcd_xfer_cb+0x128>
100074d2:	069e      	lsls	r6, r3, #26
100074d4:	d001      	beq.n	100074da <cdcd_xfer_cb+0x106>
100074d6:	2401      	movs	r4, #1
100074d8:	e791      	b.n	100073fe <cdcd_xfer_cb+0x2a>
100074da:	78a9      	ldrb	r1, [r5, #2]
100074dc:	9801      	ldr	r0, [sp, #4]
100074de:	f7ff f807 	bl	100064f0 <usbd_edpt_claim>
100074e2:	1e04      	subs	r4, r0, #0
100074e4:	d101      	bne.n	100074ea <cdcd_xfer_cb+0x116>
100074e6:	2401      	movs	r4, #1
100074e8:	e789      	b.n	100073fe <cdcd_xfer_cb+0x2a>
100074ea:	78a9      	ldrb	r1, [r5, #2]
100074ec:	2300      	movs	r3, #0
100074ee:	2200      	movs	r2, #0
100074f0:	9801      	ldr	r0, [sp, #4]
100074f2:	f7ff f825 	bl	10006540 <usbd_edpt_xfer>
100074f6:	e782      	b.n	100073fe <cdcd_xfer_cb+0x2a>
100074f8:	2401      	movs	r4, #1
100074fa:	e780      	b.n	100073fe <cdcd_xfer_cb+0x2a>
100074fc:	2401      	movs	r4, #1
100074fe:	e77e      	b.n	100073fe <cdcd_xfer_cb+0x2a>
10007500:	200010bc 	.word	0x200010bc
10007504:	10009df4 	.word	0x10009df4
10007508:	100095c8 	.word	0x100095c8
1000750c:	20001038 	.word	0x20001038
	...

1000751c <tud_vendor_n_mounted>:
1000751c:	2800      	cmp	r0, #0
1000751e:	d117      	bne.n	10007550 <tud_vendor_n_mounted+0x34>
10007520:	4b0c      	ldr	r3, [pc, #48]	@ (10007554 <tud_vendor_n_mounted+0x38>)
10007522:	2293      	movs	r2, #147	@ 0x93
10007524:	0092      	lsls	r2, r2, #2
10007526:	4342      	muls	r2, r0
10007528:	189b      	adds	r3, r3, r2
1000752a:	332a      	adds	r3, #42	@ 0x2a
1000752c:	33ff      	adds	r3, #255	@ 0xff
1000752e:	781b      	ldrb	r3, [r3, #0]
10007530:	2b00      	cmp	r3, #0
10007532:	d109      	bne.n	10007548 <tud_vendor_n_mounted+0x2c>
10007534:	4b07      	ldr	r3, [pc, #28]	@ (10007554 <tud_vendor_n_mounted+0x38>)
10007536:	2293      	movs	r2, #147	@ 0x93
10007538:	0092      	lsls	r2, r2, #2
1000753a:	4342      	muls	r2, r0
1000753c:	189b      	adds	r3, r3, r2
1000753e:	795b      	ldrb	r3, [r3, #5]
10007540:	2b00      	cmp	r3, #0
10007542:	d003      	beq.n	1000754c <tud_vendor_n_mounted+0x30>
10007544:	3001      	adds	r0, #1
10007546:	e004      	b.n	10007552 <tud_vendor_n_mounted+0x36>
10007548:	2001      	movs	r0, #1
1000754a:	e002      	b.n	10007552 <tud_vendor_n_mounted+0x36>
1000754c:	2000      	movs	r0, #0
1000754e:	e000      	b.n	10007552 <tud_vendor_n_mounted+0x36>
10007550:	2000      	movs	r0, #0
10007552:	4770      	bx	lr
10007554:	20001380 	.word	0x20001380

10007558 <tud_vendor_n_write_flush>:
10007558:	b510      	push	{r4, lr}
1000755a:	2800      	cmp	r0, #0
1000755c:	d001      	beq.n	10007562 <tud_vendor_n_write_flush+0xa>
1000755e:	2000      	movs	r0, #0
10007560:	bd10      	pop	{r4, pc}
10007562:	2193      	movs	r1, #147	@ 0x93
10007564:	0089      	lsls	r1, r1, #2
10007566:	4341      	muls	r1, r0
10007568:	4b02      	ldr	r3, [pc, #8]	@ (10007574 <tud_vendor_n_write_flush+0x1c>)
1000756a:	18c9      	adds	r1, r1, r3
1000756c:	3104      	adds	r1, #4
1000756e:	f000 fb03 	bl	10007b78 <tu_edpt_stream_write_xfer>
10007572:	e7f5      	b.n	10007560 <tud_vendor_n_write_flush+0x8>
10007574:	20001380 	.word	0x20001380

10007578 <vendord_init>:
10007578:	b5f0      	push	{r4, r5, r6, r7, lr}
1000757a:	46d6      	mov	lr, sl
1000757c:	464f      	mov	r7, r9
1000757e:	4646      	mov	r6, r8
10007580:	b5c0      	push	{r6, r7, lr}
10007582:	b084      	sub	sp, #16
10007584:	4821      	ldr	r0, [pc, #132]	@ (1000760c <vendord_init+0x94>)
10007586:	2293      	movs	r2, #147	@ 0x93
10007588:	0092      	lsls	r2, r2, #2
1000758a:	2100      	movs	r1, #0
1000758c:	f7fc fc10 	bl	10003db0 <__wrap_memset>
10007590:	2500      	movs	r5, #0
10007592:	2d00      	cmp	r5, #0
10007594:	d005      	beq.n	100075a2 <vendord_init+0x2a>
10007596:	b004      	add	sp, #16
10007598:	bce0      	pop	{r5, r6, r7}
1000759a:	46ba      	mov	sl, r7
1000759c:	46b1      	mov	r9, r6
1000759e:	46a8      	mov	r8, r5
100075a0:	bdf0      	pop	{r4, r5, r6, r7, pc}
100075a2:	2493      	movs	r4, #147	@ 0x93
100075a4:	00a4      	lsls	r4, r4, #2
100075a6:	436c      	muls	r4, r5
100075a8:	0023      	movs	r3, r4
100075aa:	3349      	adds	r3, #73	@ 0x49
100075ac:	33ff      	adds	r3, #255	@ 0xff
100075ae:	4a17      	ldr	r2, [pc, #92]	@ (1000760c <vendord_init+0x94>)
100075b0:	4691      	mov	r9, r2
100075b2:	444b      	add	r3, r9
100075b4:	3304      	adds	r3, #4
100075b6:	01ee      	lsls	r6, r5, #7
100075b8:	4a15      	ldr	r2, [pc, #84]	@ (10007610 <vendord_init+0x98>)
100075ba:	4692      	mov	sl, r2
100075bc:	18b2      	adds	r2, r6, r2
100075be:	0020      	movs	r0, r4
100075c0:	3029      	adds	r0, #41	@ 0x29
100075c2:	30ff      	adds	r0, #255	@ 0xff
100075c4:	4448      	add	r0, r9
100075c6:	2140      	movs	r1, #64	@ 0x40
100075c8:	4688      	mov	r8, r1
100075ca:	9103      	str	r1, [sp, #12]
100075cc:	9202      	str	r2, [sp, #8]
100075ce:	2780      	movs	r7, #128	@ 0x80
100075d0:	007f      	lsls	r7, r7, #1
100075d2:	9701      	str	r7, [sp, #4]
100075d4:	9300      	str	r3, [sp, #0]
100075d6:	2300      	movs	r3, #0
100075d8:	2200      	movs	r2, #0
100075da:	2100      	movs	r1, #0
100075dc:	f000 fa59 	bl	10007a92 <tu_edpt_stream_init>
100075e0:	0023      	movs	r3, r4
100075e2:	3320      	adds	r3, #32
100075e4:	444b      	add	r3, r9
100075e6:	3308      	adds	r3, #8
100075e8:	3640      	adds	r6, #64	@ 0x40
100075ea:	4456      	add	r6, sl
100075ec:	0020      	movs	r0, r4
100075ee:	4448      	add	r0, r9
100075f0:	3004      	adds	r0, #4
100075f2:	4642      	mov	r2, r8
100075f4:	9203      	str	r2, [sp, #12]
100075f6:	9602      	str	r6, [sp, #8]
100075f8:	9701      	str	r7, [sp, #4]
100075fa:	9300      	str	r3, [sp, #0]
100075fc:	2300      	movs	r3, #0
100075fe:	3a3f      	subs	r2, #63	@ 0x3f
10007600:	2100      	movs	r1, #0
10007602:	f000 fa46 	bl	10007a92 <tu_edpt_stream_init>
10007606:	3501      	adds	r5, #1
10007608:	b2ed      	uxtb	r5, r5
1000760a:	e7c2      	b.n	10007592 <vendord_init+0x1a>
1000760c:	20001380 	.word	0x20001380
10007610:	20001300 	.word	0x20001300

10007614 <vendord_deinit>:
10007614:	b570      	push	{r4, r5, r6, lr}
10007616:	2500      	movs	r5, #0
10007618:	2d00      	cmp	r5, #0
1000761a:	d001      	beq.n	10007620 <vendord_deinit+0xc>
1000761c:	2001      	movs	r0, #1
1000761e:	bd70      	pop	{r4, r5, r6, pc}
10007620:	2493      	movs	r4, #147	@ 0x93
10007622:	00a4      	lsls	r4, r4, #2
10007624:	436c      	muls	r4, r5
10007626:	0020      	movs	r0, r4
10007628:	3029      	adds	r0, #41	@ 0x29
1000762a:	30ff      	adds	r0, #255	@ 0xff
1000762c:	4e05      	ldr	r6, [pc, #20]	@ (10007644 <vendord_deinit+0x30>)
1000762e:	1980      	adds	r0, r0, r6
10007630:	f000 fa60 	bl	10007af4 <tu_edpt_stream_deinit>
10007634:	19a0      	adds	r0, r4, r6
10007636:	3004      	adds	r0, #4
10007638:	f000 fa5c 	bl	10007af4 <tu_edpt_stream_deinit>
1000763c:	3501      	adds	r5, #1
1000763e:	b2ed      	uxtb	r5, r5
10007640:	e7ea      	b.n	10007618 <vendord_deinit+0x4>
10007642:	46c0      	nop			@ (mov r8, r8)
10007644:	20001380 	.word	0x20001380

10007648 <vendord_reset>:
10007648:	b5f0      	push	{r4, r5, r6, r7, lr}
1000764a:	46c6      	mov	lr, r8
1000764c:	b500      	push	{lr}
1000764e:	2500      	movs	r5, #0
10007650:	2d00      	cmp	r5, #0
10007652:	d002      	beq.n	1000765a <vendord_reset+0x12>
10007654:	bc80      	pop	{r7}
10007656:	46b8      	mov	r8, r7
10007658:	bdf0      	pop	{r4, r5, r6, r7, pc}
1000765a:	2493      	movs	r4, #147	@ 0x93
1000765c:	00a4      	lsls	r4, r4, #2
1000765e:	436c      	muls	r4, r5
10007660:	4b0c      	ldr	r3, [pc, #48]	@ (10007694 <vendord_reset+0x4c>)
10007662:	4698      	mov	r8, r3
10007664:	18e6      	adds	r6, r4, r3
10007666:	2700      	movs	r7, #0
10007668:	7037      	strb	r7, [r6, #0]
1000766a:	0020      	movs	r0, r4
1000766c:	3031      	adds	r0, #49	@ 0x31
1000766e:	30ff      	adds	r0, #255	@ 0xff
10007670:	4440      	add	r0, r8
10007672:	f000 fd92 	bl	1000819a <tu_fifo_clear>
10007676:	3408      	adds	r4, #8
10007678:	0020      	movs	r0, r4
1000767a:	4440      	add	r0, r8
1000767c:	3004      	adds	r0, #4
1000767e:	f000 fd8c 	bl	1000819a <tu_fifo_clear>
10007682:	0033      	movs	r3, r6
10007684:	332a      	adds	r3, #42	@ 0x2a
10007686:	33ff      	adds	r3, #255	@ 0xff
10007688:	701f      	strb	r7, [r3, #0]
1000768a:	7177      	strb	r7, [r6, #5]
1000768c:	3501      	adds	r5, #1
1000768e:	b2ed      	uxtb	r5, r5
10007690:	e7de      	b.n	10007650 <vendord_reset+0x8>
10007692:	46c0      	nop			@ (mov r8, r8)
10007694:	20001380 	.word	0x20001380

10007698 <vendord_open>:
10007698:	b5f0      	push	{r4, r5, r6, r7, lr}
1000769a:	46c6      	mov	lr, r8
1000769c:	b500      	push	{lr}
1000769e:	b082      	sub	sp, #8
100076a0:	9001      	str	r0, [sp, #4]
100076a2:	000f      	movs	r7, r1
100076a4:	794b      	ldrb	r3, [r1, #5]
100076a6:	2bff      	cmp	r3, #255	@ 0xff
100076a8:	d000      	beq.n	100076ac <vendord_open+0x14>
100076aa:	e08c      	b.n	100077c6 <vendord_open+0x12e>
100076ac:	780c      	ldrb	r4, [r1, #0]
100076ae:	190c      	adds	r4, r1, r4
100076b0:	18a5      	adds	r5, r4, r2
100076b2:	2600      	movs	r6, #0
100076b4:	2e00      	cmp	r6, #0
100076b6:	d001      	beq.n	100076bc <vendord_open+0x24>
100076b8:	2000      	movs	r0, #0
100076ba:	e085      	b.n	100077c8 <vendord_open+0x130>
100076bc:	0030      	movs	r0, r6
100076be:	f7ff ff2d 	bl	1000751c <tud_vendor_n_mounted>
100076c2:	2800      	cmp	r0, #0
100076c4:	d002      	beq.n	100076cc <vendord_open+0x34>
100076c6:	3601      	adds	r6, #1
100076c8:	b2f6      	uxtb	r6, r6
100076ca:	e7f3      	b.n	100076b4 <vendord_open+0x1c>
100076cc:	2393      	movs	r3, #147	@ 0x93
100076ce:	009b      	lsls	r3, r3, #2
100076d0:	4373      	muls	r3, r6
100076d2:	4a3f      	ldr	r2, [pc, #252]	@ (100077d0 <vendord_open+0x138>)
100076d4:	4698      	mov	r8, r3
100076d6:	4490      	add	r8, r2
100076d8:	78bb      	ldrb	r3, [r7, #2]
100076da:	4642      	mov	r2, r8
100076dc:	7013      	strb	r3, [r2, #0]
100076de:	e033      	b.n	10007748 <vendord_open+0xb0>
100076e0:	42ac      	cmp	r4, r5
100076e2:	d26d      	bcs.n	100077c0 <vendord_open+0x128>
100076e4:	0021      	movs	r1, r4
100076e6:	9801      	ldr	r0, [sp, #4]
100076e8:	f7fe fe8e 	bl	10006408 <usbd_edpt_open>
100076ec:	2800      	cmp	r0, #0
100076ee:	d036      	beq.n	1000775e <vendord_open+0xc6>
100076f0:	3601      	adds	r6, #1
100076f2:	b2f6      	uxtb	r6, r6
100076f4:	78a3      	ldrb	r3, [r4, #2]
100076f6:	09db      	lsrs	r3, r3, #7
100076f8:	2b01      	cmp	r3, #1
100076fa:	d037      	beq.n	1000776c <vendord_open+0xd4>
100076fc:	4640      	mov	r0, r8
100076fe:	3031      	adds	r0, #49	@ 0x31
10007700:	30ff      	adds	r0, #255	@ 0xff
10007702:	f000 fd4a 	bl	1000819a <tu_fifo_clear>
10007706:	78a1      	ldrb	r1, [r4, #2]
10007708:	2294      	movs	r2, #148	@ 0x94
1000770a:	0052      	lsls	r2, r2, #1
1000770c:	4643      	mov	r3, r8
1000770e:	189b      	adds	r3, r3, r2
10007710:	7059      	strb	r1, [r3, #1]
10007712:	7921      	ldrb	r1, [r4, #4]
10007714:	7963      	ldrb	r3, [r4, #5]
10007716:	021b      	lsls	r3, r3, #8
10007718:	430b      	orrs	r3, r1
1000771a:	055b      	lsls	r3, r3, #21
1000771c:	0d5b      	lsrs	r3, r3, #21
1000771e:	492d      	ldr	r1, [pc, #180]	@ (100077d4 <vendord_open+0x13c>)
10007720:	468c      	mov	ip, r1
10007722:	4463      	add	r3, ip
10007724:	4259      	negs	r1, r3
10007726:	414b      	adcs	r3, r1
10007728:	005b      	lsls	r3, r3, #1
1000772a:	4641      	mov	r1, r8
1000772c:	5c89      	ldrb	r1, [r1, r2]
1000772e:	2002      	movs	r0, #2
10007730:	4381      	bics	r1, r0
10007732:	430b      	orrs	r3, r1
10007734:	4641      	mov	r1, r8
10007736:	548b      	strb	r3, [r1, r2]
10007738:	1889      	adds	r1, r1, r2
1000773a:	9801      	ldr	r0, [sp, #4]
1000773c:	f000 fa5e 	bl	10007bfc <tu_edpt_stream_read_xfer>
10007740:	2800      	cmp	r0, #0
10007742:	d036      	beq.n	100077b2 <vendord_open+0x11a>
10007744:	7823      	ldrb	r3, [r4, #0]
10007746:	18e4      	adds	r4, r4, r3
10007748:	793b      	ldrb	r3, [r7, #4]
1000774a:	42b3      	cmp	r3, r6
1000774c:	d938      	bls.n	100077c0 <vendord_open+0x128>
1000774e:	7863      	ldrb	r3, [r4, #1]
10007750:	2b05      	cmp	r3, #5
10007752:	d0c5      	beq.n	100076e0 <vendord_open+0x48>
10007754:	42ac      	cmp	r4, r5
10007756:	d2c3      	bcs.n	100076e0 <vendord_open+0x48>
10007758:	7823      	ldrb	r3, [r4, #0]
1000775a:	18e4      	adds	r4, r4, r3
1000775c:	e7f7      	b.n	1000774e <vendord_open+0xb6>
1000775e:	491e      	ldr	r1, [pc, #120]	@ (100077d8 <vendord_open+0x140>)
10007760:	481e      	ldr	r0, [pc, #120]	@ (100077dc <vendord_open+0x144>)
10007762:	22e0      	movs	r2, #224	@ 0xe0
10007764:	f7fd fd82 	bl	1000526c <__wrap_printf>
10007768:	2000      	movs	r0, #0
1000776a:	e02d      	b.n	100077c8 <vendord_open+0x130>
1000776c:	4640      	mov	r0, r8
1000776e:	300c      	adds	r0, #12
10007770:	f000 fd13 	bl	1000819a <tu_fifo_clear>
10007774:	78a3      	ldrb	r3, [r4, #2]
10007776:	4642      	mov	r2, r8
10007778:	7153      	strb	r3, [r2, #5]
1000777a:	7922      	ldrb	r2, [r4, #4]
1000777c:	7963      	ldrb	r3, [r4, #5]
1000777e:	021b      	lsls	r3, r3, #8
10007780:	4313      	orrs	r3, r2
10007782:	055b      	lsls	r3, r3, #21
10007784:	0d5b      	lsrs	r3, r3, #21
10007786:	4a13      	ldr	r2, [pc, #76]	@ (100077d4 <vendord_open+0x13c>)
10007788:	4694      	mov	ip, r2
1000778a:	4463      	add	r3, ip
1000778c:	425a      	negs	r2, r3
1000778e:	4153      	adcs	r3, r2
10007790:	005b      	lsls	r3, r3, #1
10007792:	4642      	mov	r2, r8
10007794:	7912      	ldrb	r2, [r2, #4]
10007796:	2102      	movs	r1, #2
10007798:	438a      	bics	r2, r1
1000779a:	4313      	orrs	r3, r2
1000779c:	4642      	mov	r2, r8
1000779e:	7113      	strb	r3, [r2, #4]
100077a0:	4b0b      	ldr	r3, [pc, #44]	@ (100077d0 <vendord_open+0x138>)
100077a2:	1ad3      	subs	r3, r2, r3
100077a4:	109b      	asrs	r3, r3, #2
100077a6:	480e      	ldr	r0, [pc, #56]	@ (100077e0 <vendord_open+0x148>)
100077a8:	4358      	muls	r0, r3
100077aa:	b2c0      	uxtb	r0, r0
100077ac:	f7ff fed4 	bl	10007558 <tud_vendor_n_write_flush>
100077b0:	e7c8      	b.n	10007744 <vendord_open+0xac>
100077b2:	4909      	ldr	r1, [pc, #36]	@ (100077d8 <vendord_open+0x140>)
100077b4:	4809      	ldr	r0, [pc, #36]	@ (100077dc <vendord_open+0x144>)
100077b6:	22e8      	movs	r2, #232	@ 0xe8
100077b8:	f7fd fd58 	bl	1000526c <__wrap_printf>
100077bc:	2000      	movs	r0, #0
100077be:	e003      	b.n	100077c8 <vendord_open+0x130>
100077c0:	1be0      	subs	r0, r4, r7
100077c2:	b280      	uxth	r0, r0
100077c4:	e000      	b.n	100077c8 <vendord_open+0x130>
100077c6:	2000      	movs	r0, #0
100077c8:	b002      	add	sp, #8
100077ca:	bc80      	pop	{r7}
100077cc:	46b8      	mov	r8, r7
100077ce:	bdf0      	pop	{r4, r5, r6, r7, pc}
100077d0:	20001380 	.word	0x20001380
100077d4:	fffffe00 	.word	0xfffffe00
100077d8:	10009e28 	.word	0x10009e28
100077dc:	100095c8 	.word	0x100095c8
100077e0:	08b51d9b 	.word	0x08b51d9b

100077e4 <vendord_xfer_cb>:
100077e4:	b5f0      	push	{r4, r5, r6, r7, lr}
100077e6:	b083      	sub	sp, #12
100077e8:	0006      	movs	r6, r0
100077ea:	001d      	movs	r5, r3
100077ec:	2400      	movs	r4, #0
100077ee:	2c00      	cmp	r4, #0
100077f0:	d00c      	beq.n	1000780c <vendord_xfer_cb+0x28>
100077f2:	2c00      	cmp	r4, #0
100077f4:	d157      	bne.n	100078a6 <vendord_xfer_cb+0xc2>
100077f6:	9401      	str	r4, [sp, #4]
100077f8:	232a      	movs	r3, #42	@ 0x2a
100077fa:	33ff      	adds	r3, #255	@ 0xff
100077fc:	5cfb      	ldrb	r3, [r7, r3]
100077fe:	428b      	cmp	r3, r1
10007800:	d015      	beq.n	1000782e <vendord_xfer_cb+0x4a>
10007802:	797b      	ldrb	r3, [r7, #5]
10007804:	428b      	cmp	r3, r1
10007806:	d036      	beq.n	10007876 <vendord_xfer_cb+0x92>
10007808:	2001      	movs	r0, #1
1000780a:	e04d      	b.n	100078a8 <vendord_xfer_cb+0xc4>
1000780c:	2393      	movs	r3, #147	@ 0x93
1000780e:	009b      	lsls	r3, r3, #2
10007810:	4363      	muls	r3, r4
10007812:	4f26      	ldr	r7, [pc, #152]	@ (100078ac <vendord_xfer_cb+0xc8>)
10007814:	19df      	adds	r7, r3, r7
10007816:	003b      	movs	r3, r7
10007818:	332a      	adds	r3, #42	@ 0x2a
1000781a:	33ff      	adds	r3, #255	@ 0xff
1000781c:	781b      	ldrb	r3, [r3, #0]
1000781e:	428b      	cmp	r3, r1
10007820:	d0e7      	beq.n	100077f2 <vendord_xfer_cb+0xe>
10007822:	797b      	ldrb	r3, [r7, #5]
10007824:	428b      	cmp	r3, r1
10007826:	d0e4      	beq.n	100077f2 <vendord_xfer_cb+0xe>
10007828:	3401      	adds	r4, #1
1000782a:	b2e4      	uxtb	r4, r4
1000782c:	e7df      	b.n	100077ee <vendord_xfer_cb+0xa>
1000782e:	003b      	movs	r3, r7
10007830:	3331      	adds	r3, #49	@ 0x31
10007832:	33ff      	adds	r3, #255	@ 0xff
10007834:	889b      	ldrh	r3, [r3, #4]
10007836:	2b00      	cmp	r3, #0
10007838:	d112      	bne.n	10007860 <vendord_xfer_cb+0x7c>
1000783a:	4b1d      	ldr	r3, [pc, #116]	@ (100078b0 <vendord_xfer_cb+0xcc>)
1000783c:	2b00      	cmp	r3, #0
1000783e:	d007      	beq.n	10007850 <vendord_xfer_cb+0x6c>
10007840:	9b01      	ldr	r3, [sp, #4]
10007842:	01d9      	lsls	r1, r3, #7
10007844:	4b1b      	ldr	r3, [pc, #108]	@ (100078b4 <vendord_xfer_cb+0xd0>)
10007846:	18c9      	adds	r1, r1, r3
10007848:	b2aa      	uxth	r2, r5
1000784a:	0020      	movs	r0, r4
1000784c:	e000      	b.n	10007850 <vendord_xfer_cb+0x6c>
1000784e:	bf00      	nop
10007850:	0039      	movs	r1, r7
10007852:	3129      	adds	r1, #41	@ 0x29
10007854:	31ff      	adds	r1, #255	@ 0xff
10007856:	0030      	movs	r0, r6
10007858:	f000 f9d0 	bl	10007bfc <tu_edpt_stream_read_xfer>
1000785c:	2001      	movs	r0, #1
1000785e:	e023      	b.n	100078a8 <vendord_xfer_cb+0xc4>
10007860:	003b      	movs	r3, r7
10007862:	3329      	adds	r3, #41	@ 0x29
10007864:	33ff      	adds	r3, #255	@ 0xff
10007866:	6859      	ldr	r1, [r3, #4]
10007868:	b2aa      	uxth	r2, r5
1000786a:	0038      	movs	r0, r7
1000786c:	3031      	adds	r0, #49	@ 0x31
1000786e:	30ff      	adds	r0, #255	@ 0xff
10007870:	f000 fc8e 	bl	10008190 <tu_fifo_write_n>
10007874:	e7e1      	b.n	1000783a <vendord_xfer_cb+0x56>
10007876:	4b10      	ldr	r3, [pc, #64]	@ (100078b8 <vendord_xfer_cb+0xd4>)
10007878:	2b00      	cmp	r3, #0
1000787a:	d004      	beq.n	10007886 <vendord_xfer_cb+0xa2>
1000787c:	0429      	lsls	r1, r5, #16
1000787e:	0c09      	lsrs	r1, r1, #16
10007880:	0020      	movs	r0, r4
10007882:	e000      	b.n	10007886 <vendord_xfer_cb+0xa2>
10007884:	bf00      	nop
10007886:	1d3c      	adds	r4, r7, #4
10007888:	0021      	movs	r1, r4
1000788a:	0030      	movs	r0, r6
1000788c:	f000 f974 	bl	10007b78 <tu_edpt_stream_write_xfer>
10007890:	2800      	cmp	r0, #0
10007892:	d001      	beq.n	10007898 <vendord_xfer_cb+0xb4>
10007894:	2001      	movs	r0, #1
10007896:	e007      	b.n	100078a8 <vendord_xfer_cb+0xc4>
10007898:	002a      	movs	r2, r5
1000789a:	0021      	movs	r1, r4
1000789c:	0030      	movs	r0, r6
1000789e:	f000 f92b 	bl	10007af8 <tu_edpt_stream_write_zlp_if_needed>
100078a2:	2001      	movs	r0, #1
100078a4:	e000      	b.n	100078a8 <vendord_xfer_cb+0xc4>
100078a6:	2000      	movs	r0, #0
100078a8:	b003      	add	sp, #12
100078aa:	bdf0      	pop	{r4, r5, r6, r7, pc}
100078ac:	20001380 	.word	0x20001380
100078b0:	00000000 	.word	0x00000000
100078b4:	20001300 	.word	0x20001300
100078b8:	00000000 	.word	0x00000000

100078bc <tusb_rhport_init>:
100078bc:	b510      	push	{r4, lr}
100078be:	b082      	sub	sp, #8
100078c0:	2900      	cmp	r1, #0
100078c2:	d00a      	beq.n	100078da <tusb_rhport_init+0x1e>
100078c4:	2801      	cmp	r0, #1
100078c6:	d81d      	bhi.n	10007904 <tusb_rhport_init+0x48>
100078c8:	780b      	ldrb	r3, [r1, #0]
100078ca:	2b00      	cmp	r3, #0
100078cc:	d01a      	beq.n	10007904 <tusb_rhport_init+0x48>
100078ce:	4a17      	ldr	r2, [pc, #92]	@ (1000792c <tusb_rhport_init+0x70>)
100078d0:	5413      	strb	r3, [r2, r0]
100078d2:	2b01      	cmp	r3, #1
100078d4:	d01f      	beq.n	10007916 <tusb_rhport_init+0x5a>
100078d6:	2401      	movs	r4, #1
100078d8:	e01a      	b.n	10007910 <tusb_rhport_init+0x54>
100078da:	2301      	movs	r3, #1
100078dc:	466a      	mov	r2, sp
100078de:	7113      	strb	r3, [r2, #4]
100078e0:	2300      	movs	r3, #0
100078e2:	7153      	strb	r3, [r2, #5]
100078e4:	a901      	add	r1, sp, #4
100078e6:	2000      	movs	r0, #0
100078e8:	f7fe fd0e 	bl	10006308 <tud_rhport_init>
100078ec:	1e04      	subs	r4, r0, #0
100078ee:	d003      	beq.n	100078f8 <tusb_rhport_init+0x3c>
100078f0:	4b0e      	ldr	r3, [pc, #56]	@ (1000792c <tusb_rhport_init+0x70>)
100078f2:	2201      	movs	r2, #1
100078f4:	701a      	strb	r2, [r3, #0]
100078f6:	e00b      	b.n	10007910 <tusb_rhport_init+0x54>
100078f8:	490d      	ldr	r1, [pc, #52]	@ (10007930 <tusb_rhport_init+0x74>)
100078fa:	480e      	ldr	r0, [pc, #56]	@ (10007934 <tusb_rhport_init+0x78>)
100078fc:	2247      	movs	r2, #71	@ 0x47
100078fe:	f7fd fcb5 	bl	1000526c <__wrap_printf>
10007902:	e005      	b.n	10007910 <tusb_rhport_init+0x54>
10007904:	490a      	ldr	r1, [pc, #40]	@ (10007930 <tusb_rhport_init+0x74>)
10007906:	480b      	ldr	r0, [pc, #44]	@ (10007934 <tusb_rhport_init+0x78>)
10007908:	225a      	movs	r2, #90	@ 0x5a
1000790a:	f7fd fcaf 	bl	1000526c <__wrap_printf>
1000790e:	2400      	movs	r4, #0
10007910:	0020      	movs	r0, r4
10007912:	b002      	add	sp, #8
10007914:	bd10      	pop	{r4, pc}
10007916:	f7fe fcf7 	bl	10006308 <tud_rhport_init>
1000791a:	1e04      	subs	r4, r0, #0
1000791c:	d1f8      	bne.n	10007910 <tusb_rhport_init+0x54>
1000791e:	4904      	ldr	r1, [pc, #16]	@ (10007930 <tusb_rhport_init+0x74>)
10007920:	4804      	ldr	r0, [pc, #16]	@ (10007934 <tusb_rhport_init+0x78>)
10007922:	225f      	movs	r2, #95	@ 0x5f
10007924:	f7fd fca2 	bl	1000526c <__wrap_printf>
10007928:	e7f2      	b.n	10007910 <tusb_rhport_init+0x54>
1000792a:	46c0      	nop			@ (mov r8, r8)
1000792c:	200011d8 	.word	0x200011d8
10007930:	10009ea8 	.word	0x10009ea8
10007934:	100095c8 	.word	0x100095c8

10007938 <tu_edpt_claim>:
10007938:	b570      	push	{r4, r5, r6, lr}
1000793a:	0004      	movs	r4, r0
1000793c:	000d      	movs	r5, r1
1000793e:	7803      	ldrb	r3, [r0, #0]
10007940:	07db      	lsls	r3, r3, #31
10007942:	0fd8      	lsrs	r0, r3, #31
10007944:	2b00      	cmp	r3, #0
10007946:	d11d      	bne.n	10007984 <tu_edpt_claim+0x4c>
10007948:	7823      	ldrb	r3, [r4, #0]
1000794a:	075b      	lsls	r3, r3, #29
1000794c:	0fde      	lsrs	r6, r3, #31
1000794e:	2b00      	cmp	r3, #0
10007950:	db19      	blt.n	10007986 <tu_edpt_claim+0x4e>
10007952:	2101      	movs	r1, #1
10007954:	4249      	negs	r1, r1
10007956:	0028      	movs	r0, r5
10007958:	f000 ff2e 	bl	100087b8 <__mutex_enter_timeout_ms_veneer>
1000795c:	7823      	ldrb	r3, [r4, #0]
1000795e:	07db      	lsls	r3, r3, #31
10007960:	0fda      	lsrs	r2, r3, #31
10007962:	2b00      	cmp	r3, #0
10007964:	d107      	bne.n	10007976 <tu_edpt_claim+0x3e>
10007966:	7823      	ldrb	r3, [r4, #0]
10007968:	075b      	lsls	r3, r3, #29
1000796a:	d409      	bmi.n	10007980 <tu_edpt_claim+0x48>
1000796c:	7823      	ldrb	r3, [r4, #0]
1000796e:	2204      	movs	r2, #4
10007970:	4313      	orrs	r3, r2
10007972:	7023      	strb	r3, [r4, #0]
10007974:	2601      	movs	r6, #1
10007976:	0028      	movs	r0, r5
10007978:	f000 feee 	bl	10008758 <__mutex_exit_veneer>
1000797c:	0030      	movs	r0, r6
1000797e:	e002      	b.n	10007986 <tu_edpt_claim+0x4e>
10007980:	0016      	movs	r6, r2
10007982:	e7f8      	b.n	10007976 <tu_edpt_claim+0x3e>
10007984:	2000      	movs	r0, #0
10007986:	bd70      	pop	{r4, r5, r6, pc}

10007988 <tu_edpt_release>:
10007988:	b570      	push	{r4, r5, r6, lr}
1000798a:	0006      	movs	r6, r0
1000798c:	000c      	movs	r4, r1
1000798e:	2101      	movs	r1, #1
10007990:	4249      	negs	r1, r1
10007992:	0020      	movs	r0, r4
10007994:	f000 ff10 	bl	100087b8 <__mutex_enter_timeout_ms_veneer>
10007998:	7833      	ldrb	r3, [r6, #0]
1000799a:	075b      	lsls	r3, r3, #29
1000799c:	0fdd      	lsrs	r5, r3, #31
1000799e:	2b00      	cmp	r3, #0
100079a0:	db04      	blt.n	100079ac <tu_edpt_release+0x24>
100079a2:	0020      	movs	r0, r4
100079a4:	f000 fed8 	bl	10008758 <__mutex_exit_veneer>
100079a8:	0028      	movs	r0, r5
100079aa:	bd70      	pop	{r4, r5, r6, pc}
100079ac:	7833      	ldrb	r3, [r6, #0]
100079ae:	07db      	lsls	r3, r3, #31
100079b0:	d404      	bmi.n	100079bc <tu_edpt_release+0x34>
100079b2:	7833      	ldrb	r3, [r6, #0]
100079b4:	2204      	movs	r2, #4
100079b6:	4393      	bics	r3, r2
100079b8:	7033      	strb	r3, [r6, #0]
100079ba:	e7f2      	b.n	100079a2 <tu_edpt_release+0x1a>
100079bc:	2500      	movs	r5, #0
100079be:	e7f0      	b.n	100079a2 <tu_edpt_release+0x1a>

100079c0 <tu_edpt_validate>:
100079c0:	b510      	push	{r4, lr}
100079c2:	7902      	ldrb	r2, [r0, #4]
100079c4:	7943      	ldrb	r3, [r0, #5]
100079c6:	021b      	lsls	r3, r3, #8
100079c8:	4313      	orrs	r3, r2
100079ca:	055b      	lsls	r3, r3, #21
100079cc:	0d5b      	lsrs	r3, r3, #21
100079ce:	78c2      	ldrb	r2, [r0, #3]
100079d0:	0792      	lsls	r2, r2, #30
100079d2:	0f92      	lsrs	r2, r2, #30
100079d4:	2a02      	cmp	r2, #2
100079d6:	d014      	beq.n	10007a02 <tu_edpt_validate+0x42>
100079d8:	2a03      	cmp	r2, #3
100079da:	d02d      	beq.n	10007a38 <tu_edpt_validate+0x78>
100079dc:	2a01      	cmp	r2, #1
100079de:	d13c      	bne.n	10007a5a <tu_edpt_validate+0x9a>
100079e0:	2902      	cmp	r1, #2
100079e2:	d004      	beq.n	100079ee <tu_edpt_validate+0x2e>
100079e4:	4a1e      	ldr	r2, [pc, #120]	@ (10007a60 <tu_edpt_validate+0xa0>)
100079e6:	429a      	cmp	r2, r3
100079e8:	d304      	bcc.n	100079f4 <tu_edpt_validate+0x34>
100079ea:	2001      	movs	r0, #1
100079ec:	e036      	b.n	10007a5c <tu_edpt_validate+0x9c>
100079ee:	2280      	movs	r2, #128	@ 0x80
100079f0:	00d2      	lsls	r2, r2, #3
100079f2:	e7f8      	b.n	100079e6 <tu_edpt_validate+0x26>
100079f4:	491b      	ldr	r1, [pc, #108]	@ (10007a64 <tu_edpt_validate+0xa4>)
100079f6:	481c      	ldr	r0, [pc, #112]	@ (10007a68 <tu_edpt_validate+0xa8>)
100079f8:	22d1      	movs	r2, #209	@ 0xd1
100079fa:	f7fd fc37 	bl	1000526c <__wrap_printf>
100079fe:	2000      	movs	r0, #0
10007a00:	e02c      	b.n	10007a5c <tu_edpt_validate+0x9c>
10007a02:	2902      	cmp	r1, #2
10007a04:	d003      	beq.n	10007a0e <tu_edpt_validate+0x4e>
10007a06:	2b40      	cmp	r3, #64	@ 0x40
10007a08:	d80f      	bhi.n	10007a2a <tu_edpt_validate+0x6a>
10007a0a:	2001      	movs	r0, #1
10007a0c:	e026      	b.n	10007a5c <tu_edpt_validate+0x9c>
10007a0e:	2280      	movs	r2, #128	@ 0x80
10007a10:	0092      	lsls	r2, r2, #2
10007a12:	4293      	cmp	r3, r2
10007a14:	d101      	bne.n	10007a1a <tu_edpt_validate+0x5a>
10007a16:	2001      	movs	r0, #1
10007a18:	e020      	b.n	10007a5c <tu_edpt_validate+0x9c>
10007a1a:	4912      	ldr	r1, [pc, #72]	@ (10007a64 <tu_edpt_validate+0xa4>)
10007a1c:	4812      	ldr	r0, [pc, #72]	@ (10007a68 <tu_edpt_validate+0xa8>)
10007a1e:	3a29      	subs	r2, #41	@ 0x29
10007a20:	3aff      	subs	r2, #255	@ 0xff
10007a22:	f7fd fc23 	bl	1000526c <__wrap_printf>
10007a26:	2000      	movs	r0, #0
10007a28:	e018      	b.n	10007a5c <tu_edpt_validate+0x9c>
10007a2a:	490e      	ldr	r1, [pc, #56]	@ (10007a64 <tu_edpt_validate+0xa4>)
10007a2c:	480e      	ldr	r0, [pc, #56]	@ (10007a68 <tu_edpt_validate+0xa8>)
10007a2e:	22db      	movs	r2, #219	@ 0xdb
10007a30:	f7fd fc1c 	bl	1000526c <__wrap_printf>
10007a34:	2000      	movs	r0, #0
10007a36:	e011      	b.n	10007a5c <tu_edpt_validate+0x9c>
10007a38:	2902      	cmp	r1, #2
10007a3a:	d004      	beq.n	10007a46 <tu_edpt_validate+0x86>
10007a3c:	2240      	movs	r2, #64	@ 0x40
10007a3e:	429a      	cmp	r2, r3
10007a40:	d304      	bcc.n	10007a4c <tu_edpt_validate+0x8c>
10007a42:	2001      	movs	r0, #1
10007a44:	e00a      	b.n	10007a5c <tu_edpt_validate+0x9c>
10007a46:	2280      	movs	r2, #128	@ 0x80
10007a48:	00d2      	lsls	r2, r2, #3
10007a4a:	e7f8      	b.n	10007a3e <tu_edpt_validate+0x7e>
10007a4c:	4905      	ldr	r1, [pc, #20]	@ (10007a64 <tu_edpt_validate+0xa4>)
10007a4e:	4806      	ldr	r0, [pc, #24]	@ (10007a68 <tu_edpt_validate+0xa8>)
10007a50:	22e1      	movs	r2, #225	@ 0xe1
10007a52:	f7fd fc0b 	bl	1000526c <__wrap_printf>
10007a56:	2000      	movs	r0, #0
10007a58:	e000      	b.n	10007a5c <tu_edpt_validate+0x9c>
10007a5a:	2000      	movs	r0, #0
10007a5c:	bd10      	pop	{r4, pc}
10007a5e:	46c0      	nop			@ (mov r8, r8)
10007a60:	000003ff 	.word	0x000003ff
10007a64:	10009e94 	.word	0x10009e94
10007a68:	100095c8 	.word	0x100095c8

10007a6c <tu_edpt_bind_driver>:
10007a6c:	b530      	push	{r4, r5, lr}
10007a6e:	188a      	adds	r2, r1, r2
10007a70:	e001      	b.n	10007a76 <tu_edpt_bind_driver+0xa>
10007a72:	780c      	ldrb	r4, [r1, #0]
10007a74:	1909      	adds	r1, r1, r4
10007a76:	4291      	cmp	r1, r2
10007a78:	d20a      	bcs.n	10007a90 <tu_edpt_bind_driver+0x24>
10007a7a:	784c      	ldrb	r4, [r1, #1]
10007a7c:	2c05      	cmp	r4, #5
10007a7e:	d1f8      	bne.n	10007a72 <tu_edpt_bind_driver+0x6>
10007a80:	788d      	ldrb	r5, [r1, #2]
10007a82:	347a      	adds	r4, #122	@ 0x7a
10007a84:	402c      	ands	r4, r5
10007a86:	0064      	lsls	r4, r4, #1
10007a88:	1904      	adds	r4, r0, r4
10007a8a:	09ed      	lsrs	r5, r5, #7
10007a8c:	5563      	strb	r3, [r4, r5]
10007a8e:	e7f0      	b.n	10007a72 <tu_edpt_bind_driver+0x6>
10007a90:	bd30      	pop	{r4, r5, pc}

10007a92 <tu_edpt_stream_init>:
10007a92:	b5f0      	push	{r4, r5, r6, r7, lr}
10007a94:	b085      	sub	sp, #20
10007a96:	0004      	movs	r4, r0
10007a98:	9203      	str	r2, [sp, #12]
10007a9a:	aa0a      	add	r2, sp, #40	@ 0x28
10007a9c:	ca40      	ldmia	r2!, {r6}
10007a9e:	8817      	ldrh	r7, [r2, #0]
10007aa0:	aa0d      	add	r2, sp, #52	@ 0x34
10007aa2:	8815      	ldrh	r5, [r2, #0]
10007aa4:	2201      	movs	r2, #1
10007aa6:	400a      	ands	r2, r1
10007aa8:	7801      	ldrb	r1, [r0, #0]
10007aaa:	2001      	movs	r0, #1
10007aac:	4381      	bics	r1, r0
10007aae:	4311      	orrs	r1, r2
10007ab0:	7021      	strb	r1, [r4, #0]
10007ab2:	0020      	movs	r0, r4
10007ab4:	3008      	adds	r0, #8
10007ab6:	9300      	str	r3, [sp, #0]
10007ab8:	2301      	movs	r3, #1
10007aba:	003a      	movs	r2, r7
10007abc:	0031      	movs	r1, r6
10007abe:	f000 fa8b 	bl	10007fd8 <tu_fifo_config>
10007ac2:	2e00      	cmp	r6, #0
10007ac4:	d001      	beq.n	10007aca <tu_edpt_stream_init+0x38>
10007ac6:	2f00      	cmp	r7, #0
10007ac8:	d105      	bne.n	10007ad6 <tu_edpt_stream_init+0x44>
10007aca:	9b0c      	ldr	r3, [sp, #48]	@ 0x30
10007acc:	6063      	str	r3, [r4, #4]
10007ace:	8065      	strh	r5, [r4, #2]
10007ad0:	2001      	movs	r0, #1
10007ad2:	b005      	add	sp, #20
10007ad4:	bdf0      	pop	{r4, r5, r6, r7, pc}
10007ad6:	0026      	movs	r6, r4
10007ad8:	361c      	adds	r6, #28
10007ada:	0030      	movs	r0, r6
10007adc:	f7f9 fbf6 	bl	100012cc <mutex_init>
10007ae0:	9b03      	ldr	r3, [sp, #12]
10007ae2:	2b00      	cmp	r3, #0
10007ae4:	d004      	beq.n	10007af0 <tu_edpt_stream_init+0x5e>
10007ae6:	0033      	movs	r3, r6
10007ae8:	2600      	movs	r6, #0
10007aea:	6163      	str	r3, [r4, #20]
10007aec:	61a6      	str	r6, [r4, #24]
10007aee:	e7ec      	b.n	10007aca <tu_edpt_stream_init+0x38>
10007af0:	2300      	movs	r3, #0
10007af2:	e7fa      	b.n	10007aea <tu_edpt_stream_init+0x58>

10007af4 <tu_edpt_stream_deinit>:
10007af4:	2001      	movs	r0, #1
10007af6:	4770      	bx	lr

10007af8 <tu_edpt_stream_write_zlp_if_needed>:
10007af8:	b5f8      	push	{r3, r4, r5, r6, r7, lr}
10007afa:	0006      	movs	r6, r0
10007afc:	000c      	movs	r4, r1
10007afe:	0015      	movs	r5, r2
10007b00:	780b      	ldrb	r3, [r1, #0]
10007b02:	079b      	lsls	r3, r3, #30
10007b04:	d511      	bpl.n	10007b2a <tu_edpt_stream_write_zlp_if_needed+0x32>
10007b06:	2780      	movs	r7, #128	@ 0x80
10007b08:	00bf      	lsls	r7, r7, #2
10007b0a:	0020      	movs	r0, r4
10007b0c:	3008      	adds	r0, #8
10007b0e:	f000 faa1 	bl	10008054 <tu_fifo_count>
10007b12:	2800      	cmp	r0, #0
10007b14:	d125      	bne.n	10007b62 <tu_edpt_stream_write_zlp_if_needed+0x6a>
10007b16:	2d00      	cmp	r5, #0
10007b18:	d025      	beq.n	10007b66 <tu_edpt_stream_write_zlp_if_needed+0x6e>
10007b1a:	3f01      	subs	r7, #1
10007b1c:	423d      	tst	r5, r7
10007b1e:	d124      	bne.n	10007b6a <tu_edpt_stream_write_zlp_if_needed+0x72>
10007b20:	7823      	ldrb	r3, [r4, #0]
10007b22:	07db      	lsls	r3, r3, #31
10007b24:	d503      	bpl.n	10007b2e <tu_edpt_stream_write_zlp_if_needed+0x36>
10007b26:	2000      	movs	r0, #0
10007b28:	e01c      	b.n	10007b64 <tu_edpt_stream_write_zlp_if_needed+0x6c>
10007b2a:	2740      	movs	r7, #64	@ 0x40
10007b2c:	e7ed      	b.n	10007b0a <tu_edpt_stream_write_zlp_if_needed+0x12>
10007b2e:	7861      	ldrb	r1, [r4, #1]
10007b30:	0030      	movs	r0, r6
10007b32:	f7fe fcdd 	bl	100064f0 <usbd_edpt_claim>
10007b36:	2800      	cmp	r0, #0
10007b38:	d0f5      	beq.n	10007b26 <tu_edpt_stream_write_zlp_if_needed+0x2e>
10007b3a:	7823      	ldrb	r3, [r4, #0]
10007b3c:	07db      	lsls	r3, r3, #31
10007b3e:	d507      	bpl.n	10007b50 <tu_edpt_stream_write_zlp_if_needed+0x58>
10007b40:	22b5      	movs	r2, #181	@ 0xb5
10007b42:	490b      	ldr	r1, [pc, #44]	@ (10007b70 <tu_edpt_stream_write_zlp_if_needed+0x78>)
10007b44:	480b      	ldr	r0, [pc, #44]	@ (10007b74 <tu_edpt_stream_write_zlp_if_needed+0x7c>)
10007b46:	0052      	lsls	r2, r2, #1
10007b48:	f7fd fb90 	bl	1000526c <__wrap_printf>
10007b4c:	2000      	movs	r0, #0
10007b4e:	e009      	b.n	10007b64 <tu_edpt_stream_write_zlp_if_needed+0x6c>
10007b50:	7861      	ldrb	r1, [r4, #1]
10007b52:	2300      	movs	r3, #0
10007b54:	2200      	movs	r2, #0
10007b56:	0030      	movs	r0, r6
10007b58:	f7fe fcf2 	bl	10006540 <usbd_edpt_xfer>
10007b5c:	2800      	cmp	r0, #0
10007b5e:	d101      	bne.n	10007b64 <tu_edpt_stream_write_zlp_if_needed+0x6c>
10007b60:	e7ee      	b.n	10007b40 <tu_edpt_stream_write_zlp_if_needed+0x48>
10007b62:	2000      	movs	r0, #0
10007b64:	bdf8      	pop	{r3, r4, r5, r6, r7, pc}
10007b66:	2000      	movs	r0, #0
10007b68:	e7fc      	b.n	10007b64 <tu_edpt_stream_write_zlp_if_needed+0x6c>
10007b6a:	2000      	movs	r0, #0
10007b6c:	e7fa      	b.n	10007b64 <tu_edpt_stream_write_zlp_if_needed+0x6c>
10007b6e:	46c0      	nop			@ (mov r8, r8)
10007b70:	10009e70 	.word	0x10009e70
10007b74:	100095c8 	.word	0x100095c8

10007b78 <tu_edpt_stream_write_xfer>:
10007b78:	b570      	push	{r4, r5, r6, lr}
10007b7a:	0005      	movs	r5, r0
10007b7c:	000c      	movs	r4, r1
10007b7e:	000e      	movs	r6, r1
10007b80:	3608      	adds	r6, #8
10007b82:	0030      	movs	r0, r6
10007b84:	f000 fa66 	bl	10008054 <tu_fifo_count>
10007b88:	2800      	cmp	r0, #0
10007b8a:	d030      	beq.n	10007bee <tu_edpt_stream_write_xfer+0x76>
10007b8c:	7823      	ldrb	r3, [r4, #0]
10007b8e:	07db      	lsls	r3, r3, #31
10007b90:	d501      	bpl.n	10007b96 <tu_edpt_stream_write_xfer+0x1e>
10007b92:	2000      	movs	r0, #0
10007b94:	bd70      	pop	{r4, r5, r6, pc}
10007b96:	7861      	ldrb	r1, [r4, #1]
10007b98:	0028      	movs	r0, r5
10007b9a:	f7fe fca9 	bl	100064f0 <usbd_edpt_claim>
10007b9e:	2800      	cmp	r0, #0
10007ba0:	d0f7      	beq.n	10007b92 <tu_edpt_stream_write_xfer+0x1a>
10007ba2:	6861      	ldr	r1, [r4, #4]
10007ba4:	8862      	ldrh	r2, [r4, #2]
10007ba6:	0030      	movs	r0, r6
10007ba8:	f000 fabb 	bl	10008122 <tu_fifo_read_n>
10007bac:	1e06      	subs	r6, r0, #0
10007bae:	d014      	beq.n	10007bda <tu_edpt_stream_write_xfer+0x62>
10007bb0:	7823      	ldrb	r3, [r4, #0]
10007bb2:	07db      	lsls	r3, r3, #31
10007bb4:	d507      	bpl.n	10007bc6 <tu_edpt_stream_write_xfer+0x4e>
10007bb6:	22bc      	movs	r2, #188	@ 0xbc
10007bb8:	490e      	ldr	r1, [pc, #56]	@ (10007bf4 <tu_edpt_stream_write_xfer+0x7c>)
10007bba:	480f      	ldr	r0, [pc, #60]	@ (10007bf8 <tu_edpt_stream_write_xfer+0x80>)
10007bbc:	0052      	lsls	r2, r2, #1
10007bbe:	f7fd fb55 	bl	1000526c <__wrap_printf>
10007bc2:	2000      	movs	r0, #0
10007bc4:	e7e6      	b.n	10007b94 <tu_edpt_stream_write_xfer+0x1c>
10007bc6:	6862      	ldr	r2, [r4, #4]
10007bc8:	7861      	ldrb	r1, [r4, #1]
10007bca:	0003      	movs	r3, r0
10007bcc:	0028      	movs	r0, r5
10007bce:	f7fe fcb7 	bl	10006540 <usbd_edpt_xfer>
10007bd2:	2800      	cmp	r0, #0
10007bd4:	d0ef      	beq.n	10007bb6 <tu_edpt_stream_write_xfer+0x3e>
10007bd6:	0030      	movs	r0, r6
10007bd8:	e7dc      	b.n	10007b94 <tu_edpt_stream_write_xfer+0x1c>
10007bda:	7823      	ldrb	r3, [r4, #0]
10007bdc:	07db      	lsls	r3, r3, #31
10007bde:	d501      	bpl.n	10007be4 <tu_edpt_stream_write_xfer+0x6c>
10007be0:	2000      	movs	r0, #0
10007be2:	e7d7      	b.n	10007b94 <tu_edpt_stream_write_xfer+0x1c>
10007be4:	7861      	ldrb	r1, [r4, #1]
10007be6:	0028      	movs	r0, r5
10007be8:	f7fe fc96 	bl	10006518 <usbd_edpt_release>
10007bec:	e7f8      	b.n	10007be0 <tu_edpt_stream_write_xfer+0x68>
10007bee:	2000      	movs	r0, #0
10007bf0:	e7d0      	b.n	10007b94 <tu_edpt_stream_write_xfer+0x1c>
10007bf2:	46c0      	nop			@ (mov r8, r8)
10007bf4:	10009e54 	.word	0x10009e54
10007bf8:	100095c8 	.word	0x100095c8

10007bfc <tu_edpt_stream_read_xfer>:
10007bfc:	b5f8      	push	{r3, r4, r5, r6, r7, lr}
10007bfe:	0005      	movs	r5, r0
10007c00:	000c      	movs	r4, r1
10007c02:	898b      	ldrh	r3, [r1, #12]
10007c04:	2b00      	cmp	r3, #0
10007c06:	d122      	bne.n	10007c4e <tu_edpt_stream_read_xfer+0x52>
10007c08:	780b      	ldrb	r3, [r1, #0]
10007c0a:	07db      	lsls	r3, r3, #31
10007c0c:	d501      	bpl.n	10007c12 <tu_edpt_stream_read_xfer+0x16>
10007c0e:	2000      	movs	r0, #0
10007c10:	bdf8      	pop	{r3, r4, r5, r6, r7, pc}
10007c12:	7849      	ldrb	r1, [r1, #1]
10007c14:	f7fe fc6c 	bl	100064f0 <usbd_edpt_claim>
10007c18:	2800      	cmp	r0, #0
10007c1a:	d0f8      	beq.n	10007c0e <tu_edpt_stream_read_xfer+0x12>
10007c1c:	8863      	ldrh	r3, [r4, #2]
10007c1e:	7822      	ldrb	r2, [r4, #0]
10007c20:	07d2      	lsls	r2, r2, #31
10007c22:	d507      	bpl.n	10007c34 <tu_edpt_stream_read_xfer+0x38>
10007c24:	22d9      	movs	r2, #217	@ 0xd9
10007c26:	4930      	ldr	r1, [pc, #192]	@ (10007ce8 <tu_edpt_stream_read_xfer+0xec>)
10007c28:	4830      	ldr	r0, [pc, #192]	@ (10007cec <tu_edpt_stream_read_xfer+0xf0>)
10007c2a:	0052      	lsls	r2, r2, #1
10007c2c:	f7fd fb1e 	bl	1000526c <__wrap_printf>
10007c30:	2000      	movs	r0, #0
10007c32:	e7ed      	b.n	10007c10 <tu_edpt_stream_read_xfer+0x14>
10007c34:	7861      	ldrb	r1, [r4, #1]
10007c36:	2b00      	cmp	r3, #0
10007c38:	d007      	beq.n	10007c4a <tu_edpt_stream_read_xfer+0x4e>
10007c3a:	6862      	ldr	r2, [r4, #4]
10007c3c:	0028      	movs	r0, r5
10007c3e:	f7fe fc7f 	bl	10006540 <usbd_edpt_xfer>
10007c42:	2800      	cmp	r0, #0
10007c44:	d0ee      	beq.n	10007c24 <tu_edpt_stream_read_xfer+0x28>
10007c46:	8860      	ldrh	r0, [r4, #2]
10007c48:	e7e2      	b.n	10007c10 <tu_edpt_stream_read_xfer+0x14>
10007c4a:	2200      	movs	r2, #0
10007c4c:	e7f6      	b.n	10007c3c <tu_edpt_stream_read_xfer+0x40>
10007c4e:	780b      	ldrb	r3, [r1, #0]
10007c50:	079b      	lsls	r3, r3, #30
10007c52:	d50d      	bpl.n	10007c70 <tu_edpt_stream_read_xfer+0x74>
10007c54:	2680      	movs	r6, #128	@ 0x80
10007c56:	00b6      	lsls	r6, r6, #2
10007c58:	0027      	movs	r7, r4
10007c5a:	3708      	adds	r7, #8
10007c5c:	0038      	movs	r0, r7
10007c5e:	f000 fa29 	bl	100080b4 <tu_fifo_remaining>
10007c62:	4286      	cmp	r6, r0
10007c64:	d83e      	bhi.n	10007ce4 <tu_edpt_stream_read_xfer+0xe8>
10007c66:	7823      	ldrb	r3, [r4, #0]
10007c68:	07db      	lsls	r3, r3, #31
10007c6a:	d503      	bpl.n	10007c74 <tu_edpt_stream_read_xfer+0x78>
10007c6c:	2000      	movs	r0, #0
10007c6e:	e7cf      	b.n	10007c10 <tu_edpt_stream_read_xfer+0x14>
10007c70:	2640      	movs	r6, #64	@ 0x40
10007c72:	e7f1      	b.n	10007c58 <tu_edpt_stream_read_xfer+0x5c>
10007c74:	7861      	ldrb	r1, [r4, #1]
10007c76:	0028      	movs	r0, r5
10007c78:	f7fe fc3a 	bl	100064f0 <usbd_edpt_claim>
10007c7c:	2800      	cmp	r0, #0
10007c7e:	d0f5      	beq.n	10007c6c <tu_edpt_stream_read_xfer+0x70>
10007c80:	0038      	movs	r0, r7
10007c82:	f000 fa17 	bl	100080b4 <tu_fifo_remaining>
10007c86:	4286      	cmp	r6, r0
10007c88:	d822      	bhi.n	10007cd0 <tu_edpt_stream_read_xfer+0xd4>
10007c8a:	4276      	negs	r6, r6
10007c8c:	b2b6      	uxth	r6, r6
10007c8e:	8862      	ldrh	r2, [r4, #2]
10007c90:	4030      	ands	r0, r6
10007c92:	1c03      	adds	r3, r0, #0
10007c94:	b280      	uxth	r0, r0
10007c96:	4290      	cmp	r0, r2
10007c98:	d900      	bls.n	10007c9c <tu_edpt_stream_read_xfer+0xa0>
10007c9a:	1c13      	adds	r3, r2, #0
10007c9c:	b29e      	uxth	r6, r3
10007c9e:	7823      	ldrb	r3, [r4, #0]
10007ca0:	07db      	lsls	r3, r3, #31
10007ca2:	d507      	bpl.n	10007cb4 <tu_edpt_stream_read_xfer+0xb8>
10007ca4:	22c8      	movs	r2, #200	@ 0xc8
10007ca6:	4910      	ldr	r1, [pc, #64]	@ (10007ce8 <tu_edpt_stream_read_xfer+0xec>)
10007ca8:	4810      	ldr	r0, [pc, #64]	@ (10007cec <tu_edpt_stream_read_xfer+0xf0>)
10007caa:	32ff      	adds	r2, #255	@ 0xff
10007cac:	f7fd fade 	bl	1000526c <__wrap_printf>
10007cb0:	2000      	movs	r0, #0
10007cb2:	e7ad      	b.n	10007c10 <tu_edpt_stream_read_xfer+0x14>
10007cb4:	7861      	ldrb	r1, [r4, #1]
10007cb6:	2e00      	cmp	r6, #0
10007cb8:	d008      	beq.n	10007ccc <tu_edpt_stream_read_xfer+0xd0>
10007cba:	6862      	ldr	r2, [r4, #4]
10007cbc:	0033      	movs	r3, r6
10007cbe:	0028      	movs	r0, r5
10007cc0:	f7fe fc3e 	bl	10006540 <usbd_edpt_xfer>
10007cc4:	2800      	cmp	r0, #0
10007cc6:	d0ed      	beq.n	10007ca4 <tu_edpt_stream_read_xfer+0xa8>
10007cc8:	0030      	movs	r0, r6
10007cca:	e7a1      	b.n	10007c10 <tu_edpt_stream_read_xfer+0x14>
10007ccc:	2200      	movs	r2, #0
10007cce:	e7f5      	b.n	10007cbc <tu_edpt_stream_read_xfer+0xc0>
10007cd0:	7823      	ldrb	r3, [r4, #0]
10007cd2:	07db      	lsls	r3, r3, #31
10007cd4:	d501      	bpl.n	10007cda <tu_edpt_stream_read_xfer+0xde>
10007cd6:	2000      	movs	r0, #0
10007cd8:	e79a      	b.n	10007c10 <tu_edpt_stream_read_xfer+0x14>
10007cda:	7861      	ldrb	r1, [r4, #1]
10007cdc:	0028      	movs	r0, r5
10007cde:	f7fe fc1b 	bl	10006518 <usbd_edpt_release>
10007ce2:	e7f8      	b.n	10007cd6 <tu_edpt_stream_read_xfer+0xda>
10007ce4:	2000      	movs	r0, #0
10007ce6:	e793      	b.n	10007c10 <tu_edpt_stream_read_xfer+0x14>
10007ce8:	10009e38 	.word	0x10009e38
10007cec:	100095c8 	.word	0x100095c8

10007cf0 <advance_index>:
10007cf0:	0003      	movs	r3, r0
10007cf2:	188a      	adds	r2, r1, r2
10007cf4:	b290      	uxth	r0, r2
10007cf6:	4281      	cmp	r1, r0
10007cf8:	d802      	bhi.n	10007d00 <advance_index+0x10>
10007cfa:	005a      	lsls	r2, r3, #1
10007cfc:	4290      	cmp	r0, r2
10007cfe:	db03      	blt.n	10007d08 <advance_index+0x18>
10007d00:	005b      	lsls	r3, r3, #1
10007d02:	b29b      	uxth	r3, r3
10007d04:	1ac0      	subs	r0, r0, r3
10007d06:	b280      	uxth	r0, r0
10007d08:	4770      	bx	lr

10007d0a <_tu_fifo_peek>:
10007d0a:	b570      	push	{r4, r5, r6, lr}
10007d0c:	0005      	movs	r5, r0
10007d0e:	0008      	movs	r0, r1
10007d10:	88ac      	ldrh	r4, [r5, #4]
10007d12:	429a      	cmp	r2, r3
10007d14:	d30b      	bcc.n	10007d2e <_tu_fifo_peek+0x24>
10007d16:	1ad1      	subs	r1, r2, r3
10007d18:	b289      	uxth	r1, r1
10007d1a:	2900      	cmp	r1, #0
10007d1c:	d01e      	beq.n	10007d5c <_tu_fifo_peek+0x52>
10007d1e:	428c      	cmp	r4, r1
10007d20:	d210      	bcs.n	10007d44 <_tu_fifo_peek+0x3a>
10007d22:	4294      	cmp	r4, r2
10007d24:	d809      	bhi.n	10007d3a <_tu_fifo_peek+0x30>
10007d26:	1b12      	subs	r2, r2, r4
10007d28:	b293      	uxth	r3, r2
10007d2a:	816b      	strh	r3, [r5, #10]
10007d2c:	e00a      	b.n	10007d44 <_tu_fifo_peek+0x3a>
10007d2e:	1ad1      	subs	r1, r2, r3
10007d30:	b289      	uxth	r1, r1
10007d32:	0066      	lsls	r6, r4, #1
10007d34:	1989      	adds	r1, r1, r6
10007d36:	b289      	uxth	r1, r1
10007d38:	e7ef      	b.n	10007d1a <_tu_fifo_peek+0x10>
10007d3a:	18a2      	adds	r2, r4, r2
10007d3c:	b293      	uxth	r3, r2
10007d3e:	e7f4      	b.n	10007d2a <_tu_fifo_peek+0x20>
10007d40:	1b1b      	subs	r3, r3, r4
10007d42:	b29b      	uxth	r3, r3
10007d44:	429c      	cmp	r4, r3
10007d46:	d9fb      	bls.n	10007d40 <_tu_fifo_peek+0x36>
10007d48:	6829      	ldr	r1, [r5, #0]
10007d4a:	88ea      	ldrh	r2, [r5, #6]
10007d4c:	0452      	lsls	r2, r2, #17
10007d4e:	0c52      	lsrs	r2, r2, #17
10007d50:	4353      	muls	r3, r2
10007d52:	18c9      	adds	r1, r1, r3
10007d54:	f7fc f832 	bl	10003dbc <__wrap___aeabi_memcpy>
10007d58:	2001      	movs	r0, #1
10007d5a:	bd70      	pop	{r4, r5, r6, pc}
10007d5c:	2000      	movs	r0, #0
10007d5e:	e7fc      	b.n	10007d5a <_tu_fifo_peek+0x50>

10007d60 <_ff_pull_n>:
10007d60:	b5f8      	push	{r3, r4, r5, r6, r7, lr}
10007d62:	46ce      	mov	lr, r9
10007d64:	4647      	mov	r7, r8
10007d66:	b580      	push	{r7, lr}
10007d68:	0005      	movs	r5, r0
10007d6a:	468c      	mov	ip, r1
10007d6c:	a908      	add	r1, sp, #32
10007d6e:	7809      	ldrb	r1, [r1, #0]
10007d70:	8884      	ldrh	r4, [r0, #4]
10007d72:	1ae0      	subs	r0, r4, r3
10007d74:	b280      	uxth	r0, r0
10007d76:	1b1c      	subs	r4, r3, r4
10007d78:	1914      	adds	r4, r2, r4
10007d7a:	b2a4      	uxth	r4, r4
10007d7c:	88ef      	ldrh	r7, [r5, #6]
10007d7e:	047f      	lsls	r7, r7, #17
10007d80:	0c7e      	lsrs	r6, r7, #17
10007d82:	0007      	movs	r7, r0
10007d84:	4377      	muls	r7, r6
10007d86:	b2bf      	uxth	r7, r7
10007d88:	4374      	muls	r4, r6
10007d8a:	b2a4      	uxth	r4, r4
10007d8c:	46a1      	mov	r9, r4
10007d8e:	682c      	ldr	r4, [r5, #0]
10007d90:	46a0      	mov	r8, r4
10007d92:	4373      	muls	r3, r6
10007d94:	4443      	add	r3, r8
10007d96:	2900      	cmp	r1, #0
10007d98:	d106      	bne.n	10007da8 <_ff_pull_n+0x48>
10007d9a:	4290      	cmp	r0, r2
10007d9c:	d308      	bcc.n	10007db0 <_ff_pull_n+0x50>
10007d9e:	4372      	muls	r2, r6
10007da0:	0019      	movs	r1, r3
10007da2:	4660      	mov	r0, ip
10007da4:	f7fc f80a 	bl	10003dbc <__wrap___aeabi_memcpy>
10007da8:	bcc0      	pop	{r6, r7}
10007daa:	46b9      	mov	r9, r7
10007dac:	46b0      	mov	r8, r6
10007dae:	bdf8      	pop	{r3, r4, r5, r6, r7, pc}
10007db0:	003a      	movs	r2, r7
10007db2:	0019      	movs	r1, r3
10007db4:	4664      	mov	r4, ip
10007db6:	0020      	movs	r0, r4
10007db8:	f7fc f800 	bl	10003dbc <__wrap___aeabi_memcpy>
10007dbc:	6829      	ldr	r1, [r5, #0]
10007dbe:	19e0      	adds	r0, r4, r7
10007dc0:	464a      	mov	r2, r9
10007dc2:	f7fb fffb 	bl	10003dbc <__wrap___aeabi_memcpy>
10007dc6:	e7ef      	b.n	10007da8 <_ff_pull_n+0x48>

10007dc8 <_tu_fifo_peek_n>:
10007dc8:	b5f0      	push	{r4, r5, r6, r7, lr}
10007dca:	46c6      	mov	lr, r8
10007dcc:	b500      	push	{lr}
10007dce:	b082      	sub	sp, #8
10007dd0:	001e      	movs	r6, r3
10007dd2:	ab08      	add	r3, sp, #32
10007dd4:	881b      	ldrh	r3, [r3, #0]
10007dd6:	ac09      	add	r4, sp, #36	@ 0x24
10007dd8:	7827      	ldrb	r7, [r4, #0]
10007dda:	8884      	ldrh	r4, [r0, #4]
10007ddc:	429e      	cmp	r6, r3
10007dde:	d30f      	bcc.n	10007e00 <_tu_fifo_peek_n+0x38>
10007de0:	1af5      	subs	r5, r6, r3
10007de2:	b2ad      	uxth	r5, r5
10007de4:	2d00      	cmp	r5, #0
10007de6:	d01f      	beq.n	10007e28 <_tu_fifo_peek_n+0x60>
10007de8:	42ac      	cmp	r4, r5
10007dea:	d205      	bcs.n	10007df8 <_tu_fifo_peek_n+0x30>
10007dec:	42b4      	cmp	r4, r6
10007dee:	d810      	bhi.n	10007e12 <_tu_fifo_peek_n+0x4a>
10007df0:	1b33      	subs	r3, r6, r4
10007df2:	b29b      	uxth	r3, r3
10007df4:	8143      	strh	r3, [r0, #10]
10007df6:	0025      	movs	r5, r4
10007df8:	4295      	cmp	r5, r2
10007dfa:	d30f      	bcc.n	10007e1c <_tu_fifo_peek_n+0x54>
10007dfc:	0015      	movs	r5, r2
10007dfe:	e00d      	b.n	10007e1c <_tu_fifo_peek_n+0x54>
10007e00:	1af5      	subs	r5, r6, r3
10007e02:	b2ad      	uxth	r5, r5
10007e04:	46a8      	mov	r8, r5
10007e06:	0065      	lsls	r5, r4, #1
10007e08:	46ac      	mov	ip, r5
10007e0a:	4645      	mov	r5, r8
10007e0c:	4465      	add	r5, ip
10007e0e:	b2ad      	uxth	r5, r5
10007e10:	e7e8      	b.n	10007de4 <_tu_fifo_peek_n+0x1c>
10007e12:	19a6      	adds	r6, r4, r6
10007e14:	b2b3      	uxth	r3, r6
10007e16:	e7ed      	b.n	10007df4 <_tu_fifo_peek_n+0x2c>
10007e18:	1b1b      	subs	r3, r3, r4
10007e1a:	b29b      	uxth	r3, r3
10007e1c:	429c      	cmp	r4, r3
10007e1e:	d9fb      	bls.n	10007e18 <_tu_fifo_peek_n+0x50>
10007e20:	9700      	str	r7, [sp, #0]
10007e22:	002a      	movs	r2, r5
10007e24:	f7ff ff9c 	bl	10007d60 <_ff_pull_n>
10007e28:	0028      	movs	r0, r5
10007e2a:	b002      	add	sp, #8
10007e2c:	bc80      	pop	{r7}
10007e2e:	46b8      	mov	r8, r7
10007e30:	bdf0      	pop	{r4, r5, r6, r7, pc}

10007e32 <_tu_fifo_read_n>:
10007e32:	b5f0      	push	{r4, r5, r6, r7, lr}
10007e34:	b083      	sub	sp, #12
10007e36:	0004      	movs	r4, r0
10007e38:	000d      	movs	r5, r1
10007e3a:	0016      	movs	r6, r2
10007e3c:	001f      	movs	r7, r3
10007e3e:	6900      	ldr	r0, [r0, #16]
10007e40:	2800      	cmp	r0, #0
10007e42:	d003      	beq.n	10007e4c <_tu_fifo_read_n+0x1a>
10007e44:	2101      	movs	r1, #1
10007e46:	4249      	negs	r1, r1
10007e48:	f000 fcb6 	bl	100087b8 <__mutex_enter_timeout_ms_veneer>
10007e4c:	8923      	ldrh	r3, [r4, #8]
10007e4e:	b29b      	uxth	r3, r3
10007e50:	8962      	ldrh	r2, [r4, #10]
10007e52:	9701      	str	r7, [sp, #4]
10007e54:	9200      	str	r2, [sp, #0]
10007e56:	0032      	movs	r2, r6
10007e58:	0029      	movs	r1, r5
10007e5a:	0020      	movs	r0, r4
10007e5c:	f7ff ffb4 	bl	10007dc8 <_tu_fifo_peek_n>
10007e60:	0005      	movs	r5, r0
10007e62:	8961      	ldrh	r1, [r4, #10]
10007e64:	b289      	uxth	r1, r1
10007e66:	88a0      	ldrh	r0, [r4, #4]
10007e68:	002a      	movs	r2, r5
10007e6a:	f7ff ff41 	bl	10007cf0 <advance_index>
10007e6e:	8160      	strh	r0, [r4, #10]
10007e70:	6920      	ldr	r0, [r4, #16]
10007e72:	2800      	cmp	r0, #0
10007e74:	d001      	beq.n	10007e7a <_tu_fifo_read_n+0x48>
10007e76:	f000 fc6f 	bl	10008758 <__mutex_exit_veneer>
10007e7a:	0028      	movs	r0, r5
10007e7c:	b003      	add	sp, #12
10007e7e:	bdf0      	pop	{r4, r5, r6, r7, pc}

10007e80 <_ff_push_n>:
10007e80:	b5f8      	push	{r3, r4, r5, r6, r7, lr}
10007e82:	46ce      	mov	lr, r9
10007e84:	4647      	mov	r7, r8
10007e86:	b580      	push	{r7, lr}
10007e88:	0005      	movs	r5, r0
10007e8a:	468c      	mov	ip, r1
10007e8c:	a908      	add	r1, sp, #32
10007e8e:	7808      	ldrb	r0, [r1, #0]
10007e90:	88ac      	ldrh	r4, [r5, #4]
10007e92:	1ae1      	subs	r1, r4, r3
10007e94:	b289      	uxth	r1, r1
10007e96:	1b1c      	subs	r4, r3, r4
10007e98:	1914      	adds	r4, r2, r4
10007e9a:	b2a4      	uxth	r4, r4
10007e9c:	88ef      	ldrh	r7, [r5, #6]
10007e9e:	047f      	lsls	r7, r7, #17
10007ea0:	0c7e      	lsrs	r6, r7, #17
10007ea2:	000f      	movs	r7, r1
10007ea4:	4377      	muls	r7, r6
10007ea6:	b2bf      	uxth	r7, r7
10007ea8:	4374      	muls	r4, r6
10007eaa:	b2a4      	uxth	r4, r4
10007eac:	46a1      	mov	r9, r4
10007eae:	682c      	ldr	r4, [r5, #0]
10007eb0:	46a0      	mov	r8, r4
10007eb2:	4373      	muls	r3, r6
10007eb4:	4443      	add	r3, r8
10007eb6:	2800      	cmp	r0, #0
10007eb8:	d106      	bne.n	10007ec8 <_ff_push_n+0x48>
10007eba:	4291      	cmp	r1, r2
10007ebc:	d308      	bcc.n	10007ed0 <_ff_push_n+0x50>
10007ebe:	4372      	muls	r2, r6
10007ec0:	4661      	mov	r1, ip
10007ec2:	0018      	movs	r0, r3
10007ec4:	f7fb ff7a 	bl	10003dbc <__wrap___aeabi_memcpy>
10007ec8:	bcc0      	pop	{r6, r7}
10007eca:	46b9      	mov	r9, r7
10007ecc:	46b0      	mov	r8, r6
10007ece:	bdf8      	pop	{r3, r4, r5, r6, r7, pc}
10007ed0:	003a      	movs	r2, r7
10007ed2:	4664      	mov	r4, ip
10007ed4:	0021      	movs	r1, r4
10007ed6:	0018      	movs	r0, r3
10007ed8:	f7fb ff70 	bl	10003dbc <__wrap___aeabi_memcpy>
10007edc:	6828      	ldr	r0, [r5, #0]
10007ede:	19e1      	adds	r1, r4, r7
10007ee0:	464a      	mov	r2, r9
10007ee2:	f7fb ff6b 	bl	10003dbc <__wrap___aeabi_memcpy>
10007ee6:	e7ef      	b.n	10007ec8 <_ff_push_n+0x48>

10007ee8 <_tu_fifo_write_n>:
10007ee8:	b5f0      	push	{r4, r5, r6, r7, lr}
10007eea:	b085      	sub	sp, #20
10007eec:	0006      	movs	r6, r0
10007eee:	9103      	str	r1, [sp, #12]
10007ef0:	1e15      	subs	r5, r2, #0
10007ef2:	9302      	str	r3, [sp, #8]
10007ef4:	d100      	bne.n	10007ef8 <_tu_fifo_write_n+0x10>
10007ef6:	e06d      	b.n	10007fd4 <_tu_fifo_write_n+0xec>
10007ef8:	68c0      	ldr	r0, [r0, #12]
10007efa:	2800      	cmp	r0, #0
10007efc:	d003      	beq.n	10007f06 <_tu_fifo_write_n+0x1e>
10007efe:	2101      	movs	r1, #1
10007f00:	4249      	negs	r1, r1
10007f02:	f000 fc59 	bl	100087b8 <__mutex_enter_timeout_ms_veneer>
10007f06:	8934      	ldrh	r4, [r6, #8]
10007f08:	b2a4      	uxth	r4, r4
10007f0a:	8971      	ldrh	r1, [r6, #10]
10007f0c:	b289      	uxth	r1, r1
10007f0e:	79f3      	ldrb	r3, [r6, #7]
10007f10:	09db      	lsrs	r3, r3, #7
10007f12:	d11a      	bne.n	10007f4a <_tu_fifo_write_n+0x62>
10007f14:	88b3      	ldrh	r3, [r6, #4]
10007f16:	428c      	cmp	r4, r1
10007f18:	d30f      	bcc.n	10007f3a <_tu_fifo_write_n+0x52>
10007f1a:	1a61      	subs	r1, r4, r1
10007f1c:	b289      	uxth	r1, r1
10007f1e:	428b      	cmp	r3, r1
10007f20:	d911      	bls.n	10007f46 <_tu_fifo_write_n+0x5e>
10007f22:	1a5b      	subs	r3, r3, r1
10007f24:	b29b      	uxth	r3, r3
10007f26:	1c2f      	adds	r7, r5, #0
10007f28:	429d      	cmp	r5, r3
10007f2a:	d900      	bls.n	10007f2e <_tu_fifo_write_n+0x46>
10007f2c:	1c1f      	adds	r7, r3, #0
10007f2e:	b2bf      	uxth	r7, r7
10007f30:	2f00      	cmp	r7, #0
10007f32:	d047      	beq.n	10007fc4 <_tu_fifo_write_n+0xdc>
10007f34:	88b2      	ldrh	r2, [r6, #4]
10007f36:	0023      	movs	r3, r4
10007f38:	e035      	b.n	10007fa6 <_tu_fifo_write_n+0xbe>
10007f3a:	1a61      	subs	r1, r4, r1
10007f3c:	b289      	uxth	r1, r1
10007f3e:	005a      	lsls	r2, r3, #1
10007f40:	1889      	adds	r1, r1, r2
10007f42:	b289      	uxth	r1, r1
10007f44:	e7eb      	b.n	10007f1e <_tu_fifo_write_n+0x36>
10007f46:	2300      	movs	r3, #0
10007f48:	e7ed      	b.n	10007f26 <_tu_fifo_write_n+0x3e>
10007f4a:	88b7      	ldrh	r7, [r6, #4]
10007f4c:	42af      	cmp	r7, r5
10007f4e:	d80e      	bhi.n	10007f6e <_tu_fifo_write_n+0x86>
10007f50:	9b02      	ldr	r3, [sp, #8]
10007f52:	2b00      	cmp	r3, #0
10007f54:	d121      	bne.n	10007f9a <_tu_fifo_write_n+0xb2>
10007f56:	1bed      	subs	r5, r5, r7
10007f58:	88f3      	ldrh	r3, [r6, #6]
10007f5a:	045b      	lsls	r3, r3, #17
10007f5c:	0c5b      	lsrs	r3, r3, #17
10007f5e:	436b      	muls	r3, r5
10007f60:	9a03      	ldr	r2, [sp, #12]
10007f62:	4694      	mov	ip, r2
10007f64:	449c      	add	ip, r3
10007f66:	4663      	mov	r3, ip
10007f68:	9303      	str	r3, [sp, #12]
10007f6a:	000c      	movs	r4, r1
10007f6c:	e7e0      	b.n	10007f30 <_tu_fifo_write_n+0x48>
10007f6e:	428c      	cmp	r4, r1
10007f70:	d30d      	bcc.n	10007f8e <_tu_fifo_write_n+0xa6>
10007f72:	1a63      	subs	r3, r4, r1
10007f74:	b29b      	uxth	r3, r3
10007f76:	195b      	adds	r3, r3, r5
10007f78:	007a      	lsls	r2, r7, #1
10007f7a:	4293      	cmp	r3, r2
10007f7c:	db0f      	blt.n	10007f9e <_tu_fifo_write_n+0xb6>
10007f7e:	1b7a      	subs	r2, r7, r5
10007f80:	b292      	uxth	r2, r2
10007f82:	0038      	movs	r0, r7
10007f84:	f7ff feb4 	bl	10007cf0 <advance_index>
10007f88:	0004      	movs	r4, r0
10007f8a:	002f      	movs	r7, r5
10007f8c:	e7d0      	b.n	10007f30 <_tu_fifo_write_n+0x48>
10007f8e:	1a63      	subs	r3, r4, r1
10007f90:	b29b      	uxth	r3, r3
10007f92:	007a      	lsls	r2, r7, #1
10007f94:	189b      	adds	r3, r3, r2
10007f96:	b29b      	uxth	r3, r3
10007f98:	e7ed      	b.n	10007f76 <_tu_fifo_write_n+0x8e>
10007f9a:	000c      	movs	r4, r1
10007f9c:	e7c8      	b.n	10007f30 <_tu_fifo_write_n+0x48>
10007f9e:	002f      	movs	r7, r5
10007fa0:	e7c6      	b.n	10007f30 <_tu_fifo_write_n+0x48>
10007fa2:	1a9b      	subs	r3, r3, r2
10007fa4:	b29b      	uxth	r3, r3
10007fa6:	429a      	cmp	r2, r3
10007fa8:	d9fb      	bls.n	10007fa2 <_tu_fifo_write_n+0xba>
10007faa:	9a02      	ldr	r2, [sp, #8]
10007fac:	9200      	str	r2, [sp, #0]
10007fae:	003a      	movs	r2, r7
10007fb0:	9903      	ldr	r1, [sp, #12]
10007fb2:	0030      	movs	r0, r6
10007fb4:	f7ff ff64 	bl	10007e80 <_ff_push_n>
10007fb8:	88b0      	ldrh	r0, [r6, #4]
10007fba:	003a      	movs	r2, r7
10007fbc:	0021      	movs	r1, r4
10007fbe:	f7ff fe97 	bl	10007cf0 <advance_index>
10007fc2:	8130      	strh	r0, [r6, #8]
10007fc4:	68f0      	ldr	r0, [r6, #12]
10007fc6:	2800      	cmp	r0, #0
10007fc8:	d001      	beq.n	10007fce <_tu_fifo_write_n+0xe6>
10007fca:	f000 fbc5 	bl	10008758 <__mutex_exit_veneer>
10007fce:	0038      	movs	r0, r7
10007fd0:	b005      	add	sp, #20
10007fd2:	bdf0      	pop	{r4, r5, r6, r7, pc}
10007fd4:	0017      	movs	r7, r2
10007fd6:	e7fa      	b.n	10007fce <_tu_fifo_write_n+0xe6>

10007fd8 <tu_fifo_config>:
10007fd8:	b5f0      	push	{r4, r5, r6, r7, lr}
10007fda:	b083      	sub	sp, #12
10007fdc:	0004      	movs	r4, r0
10007fde:	9101      	str	r1, [sp, #4]
10007fe0:	0016      	movs	r6, r2
10007fe2:	001d      	movs	r5, r3
10007fe4:	ab08      	add	r3, sp, #32
10007fe6:	781f      	ldrb	r7, [r3, #0]
10007fe8:	2380      	movs	r3, #128	@ 0x80
10007fea:	021b      	lsls	r3, r3, #8
10007fec:	429a      	cmp	r2, r3
10007fee:	d82d      	bhi.n	1000804c <tu_fifo_config+0x74>
10007ff0:	68c0      	ldr	r0, [r0, #12]
10007ff2:	2800      	cmp	r0, #0
10007ff4:	d003      	beq.n	10007ffe <tu_fifo_config+0x26>
10007ff6:	2101      	movs	r1, #1
10007ff8:	4249      	negs	r1, r1
10007ffa:	f000 fbdd 	bl	100087b8 <__mutex_enter_timeout_ms_veneer>
10007ffe:	6920      	ldr	r0, [r4, #16]
10008000:	2800      	cmp	r0, #0
10008002:	d003      	beq.n	1000800c <tu_fifo_config+0x34>
10008004:	2101      	movs	r1, #1
10008006:	4249      	negs	r1, r1
10008008:	f000 fbd6 	bl	100087b8 <__mutex_enter_timeout_ms_veneer>
1000800c:	9b01      	ldr	r3, [sp, #4]
1000800e:	6023      	str	r3, [r4, #0]
10008010:	80a6      	strh	r6, [r4, #4]
10008012:	046d      	lsls	r5, r5, #17
10008014:	0c6b      	lsrs	r3, r5, #17
10008016:	88e5      	ldrh	r5, [r4, #6]
10008018:	0bed      	lsrs	r5, r5, #15
1000801a:	03ed      	lsls	r5, r5, #15
1000801c:	431d      	orrs	r5, r3
1000801e:	80e5      	strh	r5, [r4, #6]
10008020:	01fb      	lsls	r3, r7, #7
10008022:	79e2      	ldrb	r2, [r4, #7]
10008024:	277f      	movs	r7, #127	@ 0x7f
10008026:	4017      	ands	r7, r2
10008028:	431f      	orrs	r7, r3
1000802a:	71e7      	strb	r7, [r4, #7]
1000802c:	2300      	movs	r3, #0
1000802e:	8163      	strh	r3, [r4, #10]
10008030:	8123      	strh	r3, [r4, #8]
10008032:	68e0      	ldr	r0, [r4, #12]
10008034:	2800      	cmp	r0, #0
10008036:	d001      	beq.n	1000803c <tu_fifo_config+0x64>
10008038:	f000 fb8e 	bl	10008758 <__mutex_exit_veneer>
1000803c:	6920      	ldr	r0, [r4, #16]
1000803e:	2800      	cmp	r0, #0
10008040:	d006      	beq.n	10008050 <tu_fifo_config+0x78>
10008042:	f000 fb89 	bl	10008758 <__mutex_exit_veneer>
10008046:	2001      	movs	r0, #1
10008048:	b003      	add	sp, #12
1000804a:	bdf0      	pop	{r4, r5, r6, r7, pc}
1000804c:	2000      	movs	r0, #0
1000804e:	e7fb      	b.n	10008048 <tu_fifo_config+0x70>
10008050:	2001      	movs	r0, #1
10008052:	e7f9      	b.n	10008048 <tu_fifo_config+0x70>

10008054 <tu_fifo_count>:
10008054:	8881      	ldrh	r1, [r0, #4]
10008056:	8903      	ldrh	r3, [r0, #8]
10008058:	b29b      	uxth	r3, r3
1000805a:	8942      	ldrh	r2, [r0, #10]
1000805c:	b292      	uxth	r2, r2
1000805e:	4293      	cmp	r3, r2
10008060:	d307      	bcc.n	10008072 <tu_fifo_count+0x1e>
10008062:	1a9b      	subs	r3, r3, r2
10008064:	b29b      	uxth	r3, r3
10008066:	1c08      	adds	r0, r1, #0
10008068:	4299      	cmp	r1, r3
1000806a:	d900      	bls.n	1000806e <tu_fifo_count+0x1a>
1000806c:	1c18      	adds	r0, r3, #0
1000806e:	b280      	uxth	r0, r0
10008070:	4770      	bx	lr
10008072:	1a9b      	subs	r3, r3, r2
10008074:	b29b      	uxth	r3, r3
10008076:	004a      	lsls	r2, r1, #1
10008078:	189b      	adds	r3, r3, r2
1000807a:	b29b      	uxth	r3, r3
1000807c:	e7f3      	b.n	10008066 <tu_fifo_count+0x12>

1000807e <tu_fifo_empty>:
1000807e:	8903      	ldrh	r3, [r0, #8]
10008080:	8940      	ldrh	r0, [r0, #10]
10008082:	1a18      	subs	r0, r3, r0
10008084:	4243      	negs	r3, r0
10008086:	4158      	adcs	r0, r3
10008088:	b2c0      	uxtb	r0, r0
1000808a:	4770      	bx	lr

1000808c <tu_fifo_full>:
1000808c:	8881      	ldrh	r1, [r0, #4]
1000808e:	8903      	ldrh	r3, [r0, #8]
10008090:	b29b      	uxth	r3, r3
10008092:	8942      	ldrh	r2, [r0, #10]
10008094:	b292      	uxth	r2, r2
10008096:	4293      	cmp	r3, r2
10008098:	d306      	bcc.n	100080a8 <tu_fifo_full+0x1c>
1000809a:	1a9b      	subs	r3, r3, r2
1000809c:	b29b      	uxth	r3, r3
1000809e:	2000      	movs	r0, #0
100080a0:	428b      	cmp	r3, r1
100080a2:	4140      	adcs	r0, r0
100080a4:	b2c0      	uxtb	r0, r0
100080a6:	4770      	bx	lr
100080a8:	1a9b      	subs	r3, r3, r2
100080aa:	b29b      	uxth	r3, r3
100080ac:	004a      	lsls	r2, r1, #1
100080ae:	189b      	adds	r3, r3, r2
100080b0:	b29b      	uxth	r3, r3
100080b2:	e7f4      	b.n	1000809e <tu_fifo_full+0x12>

100080b4 <tu_fifo_remaining>:
100080b4:	8882      	ldrh	r2, [r0, #4]
100080b6:	8903      	ldrh	r3, [r0, #8]
100080b8:	b29b      	uxth	r3, r3
100080ba:	8941      	ldrh	r1, [r0, #10]
100080bc:	b289      	uxth	r1, r1
100080be:	428b      	cmp	r3, r1
100080c0:	d306      	bcc.n	100080d0 <tu_fifo_remaining+0x1c>
100080c2:	1a5b      	subs	r3, r3, r1
100080c4:	b29b      	uxth	r3, r3
100080c6:	429a      	cmp	r2, r3
100080c8:	d908      	bls.n	100080dc <tu_fifo_remaining+0x28>
100080ca:	1ad0      	subs	r0, r2, r3
100080cc:	b280      	uxth	r0, r0
100080ce:	4770      	bx	lr
100080d0:	1a5b      	subs	r3, r3, r1
100080d2:	b29b      	uxth	r3, r3
100080d4:	0051      	lsls	r1, r2, #1
100080d6:	185b      	adds	r3, r3, r1
100080d8:	b29b      	uxth	r3, r3
100080da:	e7f4      	b.n	100080c6 <tu_fifo_remaining+0x12>
100080dc:	2000      	movs	r0, #0
100080de:	e7f6      	b.n	100080ce <tu_fifo_remaining+0x1a>

100080e0 <tu_fifo_read>:
100080e0:	b570      	push	{r4, r5, r6, lr}
100080e2:	0004      	movs	r4, r0
100080e4:	000d      	movs	r5, r1
100080e6:	6900      	ldr	r0, [r0, #16]
100080e8:	2800      	cmp	r0, #0
100080ea:	d003      	beq.n	100080f4 <tu_fifo_read+0x14>
100080ec:	2101      	movs	r1, #1
100080ee:	4249      	negs	r1, r1
100080f0:	f000 fb62 	bl	100087b8 <__mutex_enter_timeout_ms_veneer>
100080f4:	8922      	ldrh	r2, [r4, #8]
100080f6:	b292      	uxth	r2, r2
100080f8:	8963      	ldrh	r3, [r4, #10]
100080fa:	b29b      	uxth	r3, r3
100080fc:	0029      	movs	r1, r5
100080fe:	0020      	movs	r0, r4
10008100:	f7ff fe03 	bl	10007d0a <_tu_fifo_peek>
10008104:	0005      	movs	r5, r0
10008106:	8961      	ldrh	r1, [r4, #10]
10008108:	b289      	uxth	r1, r1
1000810a:	88a0      	ldrh	r0, [r4, #4]
1000810c:	002a      	movs	r2, r5
1000810e:	f7ff fdef 	bl	10007cf0 <advance_index>
10008112:	8160      	strh	r0, [r4, #10]
10008114:	6920      	ldr	r0, [r4, #16]
10008116:	2800      	cmp	r0, #0
10008118:	d001      	beq.n	1000811e <tu_fifo_read+0x3e>
1000811a:	f000 fb1d 	bl	10008758 <__mutex_exit_veneer>
1000811e:	0028      	movs	r0, r5
10008120:	bd70      	pop	{r4, r5, r6, pc}

10008122 <tu_fifo_read_n>:
10008122:	b510      	push	{r4, lr}
10008124:	2300      	movs	r3, #0
10008126:	f7ff fe84 	bl	10007e32 <_tu_fifo_read_n>
1000812a:	bd10      	pop	{r4, pc}

1000812c <tu_fifo_write>:
1000812c:	b5f8      	push	{r3, r4, r5, r6, r7, lr}
1000812e:	0004      	movs	r4, r0
10008130:	000e      	movs	r6, r1
10008132:	68c0      	ldr	r0, [r0, #12]
10008134:	2800      	cmp	r0, #0
10008136:	d003      	beq.n	10008140 <tu_fifo_write+0x14>
10008138:	2101      	movs	r1, #1
1000813a:	4249      	negs	r1, r1
1000813c:	f000 fb3c 	bl	100087b8 <__mutex_enter_timeout_ms_veneer>
10008140:	8925      	ldrh	r5, [r4, #8]
10008142:	b2ad      	uxth	r5, r5
10008144:	0020      	movs	r0, r4
10008146:	f7ff ffa1 	bl	1000808c <tu_fifo_full>
1000814a:	2800      	cmp	r0, #0
1000814c:	d002      	beq.n	10008154 <tu_fifo_write+0x28>
1000814e:	79e7      	ldrb	r7, [r4, #7]
10008150:	09ff      	lsrs	r7, r7, #7
10008152:	d016      	beq.n	10008182 <tu_fifo_write+0x56>
10008154:	88a2      	ldrh	r2, [r4, #4]
10008156:	002b      	movs	r3, r5
10008158:	e001      	b.n	1000815e <tu_fifo_write+0x32>
1000815a:	1a9b      	subs	r3, r3, r2
1000815c:	b29b      	uxth	r3, r3
1000815e:	429a      	cmp	r2, r3
10008160:	d9fb      	bls.n	1000815a <tu_fifo_write+0x2e>
10008162:	6820      	ldr	r0, [r4, #0]
10008164:	88e2      	ldrh	r2, [r4, #6]
10008166:	0452      	lsls	r2, r2, #17
10008168:	0c52      	lsrs	r2, r2, #17
1000816a:	4353      	muls	r3, r2
1000816c:	18c0      	adds	r0, r0, r3
1000816e:	0031      	movs	r1, r6
10008170:	f7fb fe24 	bl	10003dbc <__wrap___aeabi_memcpy>
10008174:	88a0      	ldrh	r0, [r4, #4]
10008176:	2201      	movs	r2, #1
10008178:	0029      	movs	r1, r5
1000817a:	f7ff fdb9 	bl	10007cf0 <advance_index>
1000817e:	8120      	strh	r0, [r4, #8]
10008180:	2701      	movs	r7, #1
10008182:	68e0      	ldr	r0, [r4, #12]
10008184:	2800      	cmp	r0, #0
10008186:	d001      	beq.n	1000818c <tu_fifo_write+0x60>
10008188:	f000 fae6 	bl	10008758 <__mutex_exit_veneer>
1000818c:	0038      	movs	r0, r7
1000818e:	bdf8      	pop	{r3, r4, r5, r6, r7, pc}

10008190 <tu_fifo_write_n>:
10008190:	b510      	push	{r4, lr}
10008192:	2300      	movs	r3, #0
10008194:	f7ff fea8 	bl	10007ee8 <_tu_fifo_write_n>
10008198:	bd10      	pop	{r4, pc}

1000819a <tu_fifo_clear>:
1000819a:	b510      	push	{r4, lr}
1000819c:	0004      	movs	r4, r0
1000819e:	68c0      	ldr	r0, [r0, #12]
100081a0:	2800      	cmp	r0, #0
100081a2:	d003      	beq.n	100081ac <tu_fifo_clear+0x12>
100081a4:	2101      	movs	r1, #1
100081a6:	4249      	negs	r1, r1
100081a8:	f000 fb06 	bl	100087b8 <__mutex_enter_timeout_ms_veneer>
100081ac:	6920      	ldr	r0, [r4, #16]
100081ae:	2800      	cmp	r0, #0
100081b0:	d003      	beq.n	100081ba <tu_fifo_clear+0x20>
100081b2:	2101      	movs	r1, #1
100081b4:	4249      	negs	r1, r1
100081b6:	f000 faff 	bl	100087b8 <__mutex_enter_timeout_ms_veneer>
100081ba:	2300      	movs	r3, #0
100081bc:	8163      	strh	r3, [r4, #10]
100081be:	8123      	strh	r3, [r4, #8]
100081c0:	68e0      	ldr	r0, [r4, #12]
100081c2:	2800      	cmp	r0, #0
100081c4:	d001      	beq.n	100081ca <tu_fifo_clear+0x30>
100081c6:	f000 fac7 	bl	10008758 <__mutex_exit_veneer>
100081ca:	6920      	ldr	r0, [r4, #16]
100081cc:	2800      	cmp	r0, #0
100081ce:	d001      	beq.n	100081d4 <tu_fifo_clear+0x3a>
100081d0:	f000 fac2 	bl	10008758 <__mutex_exit_veneer>
100081d4:	2001      	movs	r0, #1
100081d6:	bd10      	pop	{r4, pc}

100081d8 <tu_fifo_set_overwritable>:
100081d8:	b570      	push	{r4, r5, r6, lr}
100081da:	0004      	movs	r4, r0
100081dc:	000d      	movs	r5, r1
100081de:	68c0      	ldr	r0, [r0, #12]
100081e0:	2800      	cmp	r0, #0
100081e2:	d003      	beq.n	100081ec <tu_fifo_set_overwritable+0x14>
100081e4:	2101      	movs	r1, #1
100081e6:	4249      	negs	r1, r1
100081e8:	f000 fae6 	bl	100087b8 <__mutex_enter_timeout_ms_veneer>
100081ec:	6920      	ldr	r0, [r4, #16]
100081ee:	2800      	cmp	r0, #0
100081f0:	d003      	beq.n	100081fa <tu_fifo_set_overwritable+0x22>
100081f2:	2101      	movs	r1, #1
100081f4:	4249      	negs	r1, r1
100081f6:	f000 fadf 	bl	100087b8 <__mutex_enter_timeout_ms_veneer>
100081fa:	01ed      	lsls	r5, r5, #7
100081fc:	79e3      	ldrb	r3, [r4, #7]
100081fe:	217f      	movs	r1, #127	@ 0x7f
10008200:	4019      	ands	r1, r3
10008202:	4329      	orrs	r1, r5
10008204:	71e1      	strb	r1, [r4, #7]
10008206:	68e0      	ldr	r0, [r4, #12]
10008208:	2800      	cmp	r0, #0
1000820a:	d001      	beq.n	10008210 <tu_fifo_set_overwritable+0x38>
1000820c:	f000 faa4 	bl	10008758 <__mutex_exit_veneer>
10008210:	6920      	ldr	r0, [r4, #16]
10008212:	2800      	cmp	r0, #0
10008214:	d001      	beq.n	1000821a <tu_fifo_set_overwritable+0x42>
10008216:	f000 fa9f 	bl	10008758 <__mutex_exit_veneer>
1000821a:	2001      	movs	r0, #1
1000821c:	bd70      	pop	{r4, r5, r6, pc}
	...

10008220 <i2c_unreset>:
10008220:	4b07      	ldr	r3, [pc, #28]	@ (10008240 <i2c_unreset+0x20>)
10008222:	4283      	cmp	r3, r0
10008224:	d00a      	beq.n	1000823c <i2c_unreset+0x1c>
10008226:	2304      	movs	r3, #4
10008228:	2201      	movs	r2, #1
1000822a:	409a      	lsls	r2, r3
1000822c:	4b05      	ldr	r3, [pc, #20]	@ (10008244 <i2c_unreset+0x24>)
1000822e:	601a      	str	r2, [r3, #0]
10008230:	4b05      	ldr	r3, [pc, #20]	@ (10008248 <i2c_unreset+0x28>)
10008232:	681b      	ldr	r3, [r3, #0]
10008234:	0011      	movs	r1, r2
10008236:	4399      	bics	r1, r3
10008238:	d1fa      	bne.n	10008230 <i2c_unreset+0x10>
1000823a:	4770      	bx	lr
1000823c:	2303      	movs	r3, #3
1000823e:	e7f3      	b.n	10008228 <i2c_unreset+0x8>
10008240:	20000ce8 	.word	0x20000ce8
10008244:	4000f000 	.word	0x4000f000
10008248:	4000c008 	.word	0x4000c008

1000824c <i2c_write_blocking_internal>:
1000824c:	b5f0      	push	{r4, r5, r6, r7, lr}
1000824e:	46de      	mov	lr, fp
10008250:	4657      	mov	r7, sl
10008252:	464e      	mov	r6, r9
10008254:	4645      	mov	r5, r8
10008256:	b5e0      	push	{r5, r6, r7, lr}
10008258:	b087      	sub	sp, #28
1000825a:	0007      	movs	r7, r0
1000825c:	4693      	mov	fp, r2
1000825e:	0018      	movs	r0, r3
10008260:	9303      	str	r3, [sp, #12]
10008262:	ab10      	add	r3, sp, #64	@ 0x40
10008264:	781a      	ldrb	r2, [r3, #0]
10008266:	9205      	str	r2, [sp, #20]
10008268:	9d11      	ldr	r5, [sp, #68]	@ 0x44
1000826a:	9a12      	ldr	r2, [sp, #72]	@ 0x48
1000826c:	4690      	mov	r8, r2
1000826e:	683b      	ldr	r3, [r7, #0]
10008270:	2200      	movs	r2, #0
10008272:	66da      	str	r2, [r3, #108]	@ 0x6c
10008274:	683b      	ldr	r3, [r7, #0]
10008276:	6059      	str	r1, [r3, #4]
10008278:	683b      	ldr	r3, [r7, #0]
1000827a:	3201      	adds	r2, #1
1000827c:	66da      	str	r2, [r3, #108]	@ 0x6c
1000827e:	9002      	str	r0, [sp, #8]
10008280:	2300      	movs	r3, #0
10008282:	4699      	mov	r9, r3
10008284:	9304      	str	r3, [sp, #16]
10008286:	2600      	movs	r6, #0
10008288:	2400      	movs	r4, #0
1000828a:	e02d      	b.n	100082e8 <i2c_write_blocking_internal+0x9c>
1000828c:	793b      	ldrb	r3, [r7, #4]
1000828e:	2b00      	cmp	r3, #0
10008290:	d039      	beq.n	10008306 <i2c_write_blocking_internal+0xba>
10008292:	2301      	movs	r3, #1
10008294:	e037      	b.n	10008306 <i2c_write_blocking_internal+0xba>
10008296:	9a05      	ldr	r2, [sp, #20]
10008298:	2a00      	cmp	r2, #0
1000829a:	d001      	beq.n	100082a0 <i2c_write_blocking_internal+0x54>
1000829c:	2200      	movs	r2, #0
1000829e:	e036      	b.n	1000830e <i2c_write_blocking_internal+0xc2>
100082a0:	2201      	movs	r2, #1
100082a2:	e034      	b.n	1000830e <i2c_write_blocking_internal+0xc2>
100082a4:	2100      	movs	r1, #0
100082a6:	4640      	mov	r0, r8
100082a8:	47a8      	blx	r5
100082aa:	0006      	movs	r6, r0
100082ac:	4304      	orrs	r4, r0
100082ae:	b2e4      	uxtb	r4, r4
100082b0:	2e00      	cmp	r6, #0
100082b2:	d106      	bne.n	100082c2 <i2c_write_blocking_internal+0x76>
100082b4:	683b      	ldr	r3, [r7, #0]
100082b6:	6b5b      	ldr	r3, [r3, #52]	@ 0x34
100082b8:	06db      	lsls	r3, r3, #27
100082ba:	d402      	bmi.n	100082c2 <i2c_write_blocking_internal+0x76>
100082bc:	2d00      	cmp	r5, #0
100082be:	d1f1      	bne.n	100082a4 <i2c_write_blocking_internal+0x58>
100082c0:	e7f6      	b.n	100082b0 <i2c_write_blocking_internal+0x64>
100082c2:	2e00      	cmp	r6, #0
100082c4:	d109      	bne.n	100082da <i2c_write_blocking_internal+0x8e>
100082c6:	683b      	ldr	r3, [r7, #0]
100082c8:	2280      	movs	r2, #128	@ 0x80
100082ca:	589a      	ldr	r2, [r3, r2]
100082cc:	9204      	str	r2, [sp, #16]
100082ce:	2a00      	cmp	r2, #0
100082d0:	d128      	bne.n	10008324 <i2c_write_blocking_internal+0xd8>
100082d2:	2c00      	cmp	r4, #0
100082d4:	d139      	bne.n	1000834a <i2c_write_blocking_internal+0xfe>
100082d6:	45ca      	cmp	sl, r9
100082d8:	d027      	beq.n	1000832a <i2c_write_blocking_internal+0xde>
100082da:	2c00      	cmp	r4, #0
100082dc:	d13d      	bne.n	1000835a <i2c_write_blocking_internal+0x10e>
100082de:	2301      	movs	r3, #1
100082e0:	469c      	mov	ip, r3
100082e2:	44e1      	add	r9, ip
100082e4:	9b01      	ldr	r3, [sp, #4]
100082e6:	469b      	mov	fp, r3
100082e8:	9b02      	ldr	r3, [sp, #8]
100082ea:	4599      	cmp	r9, r3
100082ec:	da35      	bge.n	1000835a <i2c_write_blocking_internal+0x10e>
100082ee:	9b03      	ldr	r3, [sp, #12]
100082f0:	3b01      	subs	r3, #1
100082f2:	469a      	mov	sl, r3
100082f4:	2d00      	cmp	r5, #0
100082f6:	d002      	beq.n	100082fe <i2c_write_blocking_internal+0xb2>
100082f8:	2101      	movs	r1, #1
100082fa:	4640      	mov	r0, r8
100082fc:	47a8      	blx	r5
100082fe:	464b      	mov	r3, r9
10008300:	2b00      	cmp	r3, #0
10008302:	d0c3      	beq.n	1000828c <i2c_write_blocking_internal+0x40>
10008304:	2300      	movs	r3, #0
10008306:	029b      	lsls	r3, r3, #10
10008308:	45ca      	cmp	sl, r9
1000830a:	d0c4      	beq.n	10008296 <i2c_write_blocking_internal+0x4a>
1000830c:	2200      	movs	r2, #0
1000830e:	0252      	lsls	r2, r2, #9
10008310:	4313      	orrs	r3, r2
10008312:	465a      	mov	r2, fp
10008314:	3201      	adds	r2, #1
10008316:	9201      	str	r2, [sp, #4]
10008318:	465a      	mov	r2, fp
1000831a:	7811      	ldrb	r1, [r2, #0]
1000831c:	683a      	ldr	r2, [r7, #0]
1000831e:	430b      	orrs	r3, r1
10008320:	6113      	str	r3, [r2, #16]
10008322:	e7cb      	b.n	100082bc <i2c_write_blocking_internal+0x70>
10008324:	6d5b      	ldr	r3, [r3, #84]	@ 0x54
10008326:	2401      	movs	r4, #1
10008328:	e00f      	b.n	1000834a <i2c_write_blocking_internal+0xfe>
1000832a:	9b05      	ldr	r3, [sp, #20]
1000832c:	2b00      	cmp	r3, #0
1000832e:	d1d4      	bne.n	100082da <i2c_write_blocking_internal+0x8e>
10008330:	e00b      	b.n	1000834a <i2c_write_blocking_internal+0xfe>
10008332:	2100      	movs	r1, #0
10008334:	4640      	mov	r0, r8
10008336:	47a8      	blx	r5
10008338:	0006      	movs	r6, r0
1000833a:	4304      	orrs	r4, r0
1000833c:	b2e4      	uxtb	r4, r4
1000833e:	2e00      	cmp	r6, #0
10008340:	d106      	bne.n	10008350 <i2c_write_blocking_internal+0x104>
10008342:	683b      	ldr	r3, [r7, #0]
10008344:	6b5b      	ldr	r3, [r3, #52]	@ 0x34
10008346:	059b      	lsls	r3, r3, #22
10008348:	d402      	bmi.n	10008350 <i2c_write_blocking_internal+0x104>
1000834a:	2d00      	cmp	r5, #0
1000834c:	d1f1      	bne.n	10008332 <i2c_write_blocking_internal+0xe6>
1000834e:	e7f6      	b.n	1000833e <i2c_write_blocking_internal+0xf2>
10008350:	2e00      	cmp	r6, #0
10008352:	d1c2      	bne.n	100082da <i2c_write_blocking_internal+0x8e>
10008354:	683b      	ldr	r3, [r7, #0]
10008356:	6e1b      	ldr	r3, [r3, #96]	@ 0x60
10008358:	e7bf      	b.n	100082da <i2c_write_blocking_internal+0x8e>
1000835a:	2c00      	cmp	r4, #0
1000835c:	d008      	beq.n	10008370 <i2c_write_blocking_internal+0x124>
1000835e:	2e00      	cmp	r6, #0
10008360:	d110      	bne.n	10008384 <i2c_write_blocking_internal+0x138>
10008362:	9a04      	ldr	r2, [sp, #16]
10008364:	2a00      	cmp	r2, #0
10008366:	d011      	beq.n	1000838c <i2c_write_blocking_internal+0x140>
10008368:	07d3      	lsls	r3, r2, #31
1000836a:	d413      	bmi.n	10008394 <i2c_write_blocking_internal+0x148>
1000836c:	0713      	lsls	r3, r2, #28
1000836e:	d515      	bpl.n	1000839c <i2c_write_blocking_internal+0x150>
10008370:	9b05      	ldr	r3, [sp, #20]
10008372:	713b      	strb	r3, [r7, #4]
10008374:	4648      	mov	r0, r9
10008376:	b007      	add	sp, #28
10008378:	bcf0      	pop	{r4, r5, r6, r7}
1000837a:	46bb      	mov	fp, r7
1000837c:	46b2      	mov	sl, r6
1000837e:	46a9      	mov	r9, r5
10008380:	46a0      	mov	r8, r4
10008382:	bdf0      	pop	{r4, r5, r6, r7, pc}
10008384:	2302      	movs	r3, #2
10008386:	425b      	negs	r3, r3
10008388:	4699      	mov	r9, r3
1000838a:	e7f1      	b.n	10008370 <i2c_write_blocking_internal+0x124>
1000838c:	2301      	movs	r3, #1
1000838e:	425b      	negs	r3, r3
10008390:	4699      	mov	r9, r3
10008392:	e7ed      	b.n	10008370 <i2c_write_blocking_internal+0x124>
10008394:	2301      	movs	r3, #1
10008396:	425b      	negs	r3, r3
10008398:	4699      	mov	r9, r3
1000839a:	e7e9      	b.n	10008370 <i2c_write_blocking_internal+0x124>
1000839c:	2301      	movs	r3, #1
1000839e:	425b      	negs	r3, r3
100083a0:	4699      	mov	r9, r3
100083a2:	e7e5      	b.n	10008370 <i2c_write_blocking_internal+0x124>

100083a4 <i2c_read_blocking_internal>:
100083a4:	b5f0      	push	{r4, r5, r6, r7, lr}
100083a6:	46de      	mov	lr, fp
100083a8:	4657      	mov	r7, sl
100083aa:	464e      	mov	r6, r9
100083ac:	4645      	mov	r5, r8
100083ae:	b5e0      	push	{r5, r6, r7, lr}
100083b0:	b085      	sub	sp, #20
100083b2:	0005      	movs	r5, r0
100083b4:	4692      	mov	sl, r2
100083b6:	0018      	movs	r0, r3
100083b8:	9303      	str	r3, [sp, #12]
100083ba:	ab0e      	add	r3, sp, #56	@ 0x38
100083bc:	781a      	ldrb	r2, [r3, #0]
100083be:	4691      	mov	r9, r2
100083c0:	9e0f      	ldr	r6, [sp, #60]	@ 0x3c
100083c2:	9a10      	ldr	r2, [sp, #64]	@ 0x40
100083c4:	4690      	mov	r8, r2
100083c6:	682b      	ldr	r3, [r5, #0]
100083c8:	2200      	movs	r2, #0
100083ca:	66da      	str	r2, [r3, #108]	@ 0x6c
100083cc:	682b      	ldr	r3, [r5, #0]
100083ce:	6059      	str	r1, [r3, #4]
100083d0:	682b      	ldr	r3, [r5, #0]
100083d2:	3201      	adds	r2, #1
100083d4:	66da      	str	r2, [r3, #108]	@ 0x6c
100083d6:	9002      	str	r0, [sp, #8]
100083d8:	2700      	movs	r7, #0
100083da:	2300      	movs	r3, #0
100083dc:	9301      	str	r3, [sp, #4]
100083de:	2400      	movs	r4, #0
100083e0:	4643      	mov	r3, r8
100083e2:	46b8      	mov	r8, r7
100083e4:	001f      	movs	r7, r3
100083e6:	9b02      	ldr	r3, [sp, #8]
100083e8:	4598      	cmp	r8, r3
100083ea:	da45      	bge.n	10008478 <i2c_read_blocking_internal+0xd4>
100083ec:	9b03      	ldr	r3, [sp, #12]
100083ee:	3b01      	subs	r3, #1
100083f0:	469b      	mov	fp, r3
100083f2:	2e00      	cmp	r6, #0
100083f4:	d002      	beq.n	100083fc <i2c_read_blocking_internal+0x58>
100083f6:	2101      	movs	r1, #1
100083f8:	0038      	movs	r0, r7
100083fa:	47b0      	blx	r6
100083fc:	682b      	ldr	r3, [r5, #0]
100083fe:	6f5a      	ldr	r2, [r3, #116]	@ 0x74
10008400:	2a10      	cmp	r2, #16
10008402:	d0fb      	beq.n	100083fc <i2c_read_blocking_internal+0x58>
10008404:	4642      	mov	r2, r8
10008406:	2a00      	cmp	r2, #0
10008408:	d00b      	beq.n	10008422 <i2c_read_blocking_internal+0x7e>
1000840a:	2200      	movs	r2, #0
1000840c:	0292      	lsls	r2, r2, #10
1000840e:	45c3      	cmp	fp, r8
10008410:	d00c      	beq.n	1000842c <i2c_read_blocking_internal+0x88>
10008412:	2100      	movs	r1, #0
10008414:	0249      	lsls	r1, r1, #9
10008416:	430a      	orrs	r2, r1
10008418:	2180      	movs	r1, #128	@ 0x80
1000841a:	0049      	lsls	r1, r1, #1
1000841c:	430a      	orrs	r2, r1
1000841e:	611a      	str	r2, [r3, #16]
10008420:	e01b      	b.n	1000845a <i2c_read_blocking_internal+0xb6>
10008422:	792a      	ldrb	r2, [r5, #4]
10008424:	2a00      	cmp	r2, #0
10008426:	d0f1      	beq.n	1000840c <i2c_read_blocking_internal+0x68>
10008428:	2201      	movs	r2, #1
1000842a:	e7ef      	b.n	1000840c <i2c_read_blocking_internal+0x68>
1000842c:	4649      	mov	r1, r9
1000842e:	2900      	cmp	r1, #0
10008430:	d001      	beq.n	10008436 <i2c_read_blocking_internal+0x92>
10008432:	2100      	movs	r1, #0
10008434:	e7ee      	b.n	10008414 <i2c_read_blocking_internal+0x70>
10008436:	2101      	movs	r1, #1
10008438:	e7ec      	b.n	10008414 <i2c_read_blocking_internal+0x70>
1000843a:	6d5b      	ldr	r3, [r3, #84]	@ 0x54
1000843c:	2401      	movs	r4, #1
1000843e:	2e00      	cmp	r6, #0
10008440:	d005      	beq.n	1000844e <i2c_read_blocking_internal+0xaa>
10008442:	2100      	movs	r1, #0
10008444:	0038      	movs	r0, r7
10008446:	47b0      	blx	r6
10008448:	9001      	str	r0, [sp, #4]
1000844a:	4304      	orrs	r4, r0
1000844c:	b2e4      	uxtb	r4, r4
1000844e:	2c00      	cmp	r4, #0
10008450:	d114      	bne.n	1000847c <i2c_read_blocking_internal+0xd8>
10008452:	682b      	ldr	r3, [r5, #0]
10008454:	6f9a      	ldr	r2, [r3, #120]	@ 0x78
10008456:	2a00      	cmp	r2, #0
10008458:	d106      	bne.n	10008468 <i2c_read_blocking_internal+0xc4>
1000845a:	682b      	ldr	r3, [r5, #0]
1000845c:	2280      	movs	r2, #128	@ 0x80
1000845e:	589a      	ldr	r2, [r3, r2]
10008460:	6b5a      	ldr	r2, [r3, #52]	@ 0x34
10008462:	0652      	lsls	r2, r2, #25
10008464:	d5eb      	bpl.n	1000843e <i2c_read_blocking_internal+0x9a>
10008466:	e7e8      	b.n	1000843a <i2c_read_blocking_internal+0x96>
10008468:	691b      	ldr	r3, [r3, #16]
1000846a:	4652      	mov	r2, sl
1000846c:	7013      	strb	r3, [r2, #0]
1000846e:	2301      	movs	r3, #1
10008470:	469c      	mov	ip, r3
10008472:	44e0      	add	r8, ip
10008474:	44e2      	add	sl, ip
10008476:	e7b6      	b.n	100083e6 <i2c_read_blocking_internal+0x42>
10008478:	4647      	mov	r7, r8
1000847a:	e000      	b.n	1000847e <i2c_read_blocking_internal+0xda>
1000847c:	4647      	mov	r7, r8
1000847e:	2c00      	cmp	r4, #0
10008480:	d004      	beq.n	1000848c <i2c_read_blocking_internal+0xe8>
10008482:	9b01      	ldr	r3, [sp, #4]
10008484:	2b00      	cmp	r3, #0
10008486:	d00b      	beq.n	100084a0 <i2c_read_blocking_internal+0xfc>
10008488:	2702      	movs	r7, #2
1000848a:	427f      	negs	r7, r7
1000848c:	464b      	mov	r3, r9
1000848e:	712b      	strb	r3, [r5, #4]
10008490:	0038      	movs	r0, r7
10008492:	b005      	add	sp, #20
10008494:	bcf0      	pop	{r4, r5, r6, r7}
10008496:	46bb      	mov	fp, r7
10008498:	46b2      	mov	sl, r6
1000849a:	46a9      	mov	r9, r5
1000849c:	46a0      	mov	r8, r4
1000849e:	bdf0      	pop	{r4, r5, r6, r7, pc}
100084a0:	2701      	movs	r7, #1
100084a2:	427f      	negs	r7, r7
100084a4:	e7f2      	b.n	1000848c <i2c_read_blocking_internal+0xe8>
	...

100084a8 <i2c_set_baudrate>:
100084a8:	b5f0      	push	{r4, r5, r6, r7, lr}
100084aa:	46d6      	mov	lr, sl
100084ac:	464f      	mov	r7, r9
100084ae:	4646      	mov	r6, r8
100084b0:	b5c0      	push	{r6, r7, lr}
100084b2:	0005      	movs	r5, r0
100084b4:	000c      	movs	r4, r1
100084b6:	2005      	movs	r0, #5
100084b8:	f7f9 fcfe 	bl	10001eb8 <clock_get_hz>
100084bc:	0006      	movs	r6, r0
100084be:	0860      	lsrs	r0, r4, #1
100084c0:	1980      	adds	r0, r0, r6
100084c2:	0021      	movs	r1, r4
100084c4:	f7f9 ff7c 	bl	100023c0 <__wrap___aeabi_uidiv>
100084c8:	0007      	movs	r7, r0
100084ca:	0043      	lsls	r3, r0, #1
100084cc:	4699      	mov	r9, r3
100084ce:	4481      	add	r9, r0
100084d0:	2105      	movs	r1, #5
100084d2:	4648      	mov	r0, r9
100084d4:	f7f9 ff74 	bl	100023c0 <__wrap___aeabi_uidiv>
100084d8:	4680      	mov	r8, r0
100084da:	1a3b      	subs	r3, r7, r0
100084dc:	469a      	mov	sl, r3
100084de:	4b27      	ldr	r3, [pc, #156]	@ (1000857c <i2c_set_baudrate+0xd4>)
100084e0:	429c      	cmp	r4, r3
100084e2:	d825      	bhi.n	10008530 <i2c_set_baudrate+0x88>
100084e4:	0070      	lsls	r0, r6, #1
100084e6:	1980      	adds	r0, r0, r6
100084e8:	4925      	ldr	r1, [pc, #148]	@ (10008580 <i2c_set_baudrate+0xd8>)
100084ea:	f7f9 ff69 	bl	100023c0 <__wrap___aeabi_uidiv>
100084ee:	1c44      	adds	r4, r0, #1
100084f0:	4643      	mov	r3, r8
100084f2:	3b02      	subs	r3, #2
100084f4:	42a3      	cmp	r3, r4
100084f6:	d322      	bcc.n	1000853e <i2c_set_baudrate+0x96>
100084f8:	682b      	ldr	r3, [r5, #0]
100084fa:	2200      	movs	r2, #0
100084fc:	66da      	str	r2, [r3, #108]	@ 0x6c
100084fe:	682b      	ldr	r3, [r5, #0]
10008500:	6819      	ldr	r1, [r3, #0]
10008502:	3204      	adds	r2, #4
10008504:	4051      	eors	r1, r2
10008506:	3202      	adds	r2, #2
10008508:	400a      	ands	r2, r1
1000850a:	2180      	movs	r1, #128	@ 0x80
1000850c:	0149      	lsls	r1, r1, #5
1000850e:	468c      	mov	ip, r1
10008510:	4463      	add	r3, ip
10008512:	601a      	str	r2, [r3, #0]
10008514:	682b      	ldr	r3, [r5, #0]
10008516:	4652      	mov	r2, sl
10008518:	61da      	str	r2, [r3, #28]
1000851a:	682b      	ldr	r3, [r5, #0]
1000851c:	4642      	mov	r2, r8
1000851e:	621a      	str	r2, [r3, #32]
10008520:	464b      	mov	r3, r9
10008522:	2b4f      	cmp	r3, #79	@ 0x4f
10008524:	d911      	bls.n	1000854a <i2c_set_baudrate+0xa2>
10008526:	2150      	movs	r1, #80	@ 0x50
10008528:	4648      	mov	r0, r9
1000852a:	f7f9 ff49 	bl	100023c0 <__wrap___aeabi_uidiv>
1000852e:	e00d      	b.n	1000854c <i2c_set_baudrate+0xa4>
10008530:	0070      	lsls	r0, r6, #1
10008532:	1980      	adds	r0, r0, r6
10008534:	4913      	ldr	r1, [pc, #76]	@ (10008584 <i2c_set_baudrate+0xdc>)
10008536:	f7f9 ff43 	bl	100023c0 <__wrap___aeabi_uidiv>
1000853a:	1c44      	adds	r4, r0, #1
1000853c:	e7d8      	b.n	100084f0 <i2c_set_baudrate+0x48>
1000853e:	4b12      	ldr	r3, [pc, #72]	@ (10008588 <i2c_set_baudrate+0xe0>)
10008540:	4a12      	ldr	r2, [pc, #72]	@ (1000858c <i2c_set_baudrate+0xe4>)
10008542:	4813      	ldr	r0, [pc, #76]	@ (10008590 <i2c_set_baudrate+0xe8>)
10008544:	215d      	movs	r1, #93	@ 0x5d
10008546:	f7fc fd21 	bl	10004f8c <__assert_func>
1000854a:	2001      	movs	r0, #1
1000854c:	682a      	ldr	r2, [r5, #0]
1000854e:	23a0      	movs	r3, #160	@ 0xa0
10008550:	50d0      	str	r0, [r2, r3]
10008552:	682b      	ldr	r3, [r5, #0]
10008554:	6fda      	ldr	r2, [r3, #124]	@ 0x7c
10008556:	4054      	eors	r4, r2
10008558:	0424      	lsls	r4, r4, #16
1000855a:	0c24      	lsrs	r4, r4, #16
1000855c:	4a0d      	ldr	r2, [pc, #52]	@ (10008594 <i2c_set_baudrate+0xec>)
1000855e:	4694      	mov	ip, r2
10008560:	4463      	add	r3, ip
10008562:	601c      	str	r4, [r3, #0]
10008564:	682b      	ldr	r3, [r5, #0]
10008566:	2201      	movs	r2, #1
10008568:	66da      	str	r2, [r3, #108]	@ 0x6c
1000856a:	0039      	movs	r1, r7
1000856c:	0030      	movs	r0, r6
1000856e:	f7f9 ff27 	bl	100023c0 <__wrap___aeabi_uidiv>
10008572:	bce0      	pop	{r5, r6, r7}
10008574:	46ba      	mov	sl, r7
10008576:	46b1      	mov	r9, r6
10008578:	46a8      	mov	r8, r5
1000857a:	bdf0      	pop	{r4, r5, r6, r7, pc}
1000857c:	000f423f 	.word	0x000f423f
10008580:	00989680 	.word	0x00989680
10008584:	017d7840 	.word	0x017d7840
10008588:	100095e0 	.word	0x100095e0
1000858c:	10009ebc 	.word	0x10009ebc
10008590:	10009600 	.word	0x10009600
10008594:	0000107c 	.word	0x0000107c

10008598 <i2c_init>:
10008598:	b570      	push	{r4, r5, r6, lr}
1000859a:	0004      	movs	r4, r0
1000859c:	000d      	movs	r5, r1
1000859e:	4b11      	ldr	r3, [pc, #68]	@ (100085e4 <i2c_init+0x4c>)
100085a0:	4298      	cmp	r0, r3
100085a2:	d01d      	beq.n	100085e0 <i2c_init+0x48>
100085a4:	2204      	movs	r2, #4
100085a6:	2301      	movs	r3, #1
100085a8:	4093      	lsls	r3, r2
100085aa:	4a0f      	ldr	r2, [pc, #60]	@ (100085e8 <i2c_init+0x50>)
100085ac:	6013      	str	r3, [r2, #0]
100085ae:	0020      	movs	r0, r4
100085b0:	f7ff fe36 	bl	10008220 <i2c_unreset>
100085b4:	2300      	movs	r3, #0
100085b6:	7123      	strb	r3, [r4, #4]
100085b8:	6822      	ldr	r2, [r4, #0]
100085ba:	66d3      	str	r3, [r2, #108]	@ 0x6c
100085bc:	6822      	ldr	r2, [r4, #0]
100085be:	2166      	movs	r1, #102	@ 0x66
100085c0:	31ff      	adds	r1, #255	@ 0xff
100085c2:	6011      	str	r1, [r2, #0]
100085c4:	6822      	ldr	r2, [r4, #0]
100085c6:	63d3      	str	r3, [r2, #60]	@ 0x3c
100085c8:	6822      	ldr	r2, [r4, #0]
100085ca:	6393      	str	r3, [r2, #56]	@ 0x38
100085cc:	6822      	ldr	r2, [r4, #0]
100085ce:	3388      	adds	r3, #136	@ 0x88
100085d0:	3963      	subs	r1, #99	@ 0x63
100085d2:	39ff      	subs	r1, #255	@ 0xff
100085d4:	50d1      	str	r1, [r2, r3]
100085d6:	0029      	movs	r1, r5
100085d8:	0020      	movs	r0, r4
100085da:	f7ff ff65 	bl	100084a8 <i2c_set_baudrate>
100085de:	bd70      	pop	{r4, r5, r6, pc}
100085e0:	2203      	movs	r2, #3
100085e2:	e7e0      	b.n	100085a6 <i2c_init+0xe>
100085e4:	20000ce8 	.word	0x20000ce8
100085e8:	4000e000 	.word	0x4000e000

100085ec <i2c_write_blocking>:
100085ec:	b530      	push	{r4, r5, lr}
100085ee:	b085      	sub	sp, #20
100085f0:	ac08      	add	r4, sp, #32
100085f2:	7825      	ldrb	r5, [r4, #0]
100085f4:	2400      	movs	r4, #0
100085f6:	9402      	str	r4, [sp, #8]
100085f8:	9401      	str	r4, [sp, #4]
100085fa:	9500      	str	r5, [sp, #0]
100085fc:	f7ff fe26 	bl	1000824c <i2c_write_blocking_internal>
10008600:	b005      	add	sp, #20
10008602:	bd30      	pop	{r4, r5, pc}

10008604 <i2c_read_blocking>:
10008604:	b530      	push	{r4, r5, lr}
10008606:	b085      	sub	sp, #20
10008608:	ac08      	add	r4, sp, #32
1000860a:	7825      	ldrb	r5, [r4, #0]
1000860c:	2400      	movs	r4, #0
1000860e:	9402      	str	r4, [sp, #8]
10008610:	9401      	str	r4, [sp, #4]
10008612:	9500      	str	r5, [sp, #0]
10008614:	f7ff fec6 	bl	100083a4 <i2c_read_blocking_internal>
10008618:	b005      	add	sp, #20
1000861a:	bd30      	pop	{r4, r5, pc}

1000861c <atexit>:
1000861c:	b510      	push	{r4, lr}
1000861e:	0001      	movs	r1, r0
10008620:	2300      	movs	r3, #0
10008622:	2200      	movs	r2, #0
10008624:	2000      	movs	r0, #0
10008626:	f000 f843 	bl	100086b0 <__register_exitproc>
1000862a:	bd10      	pop	{r4, pc}

1000862c <strlen>:
1000862c:	b510      	push	{r4, lr}
1000862e:	0783      	lsls	r3, r0, #30
10008630:	d00a      	beq.n	10008648 <strlen+0x1c>
10008632:	0003      	movs	r3, r0
10008634:	2103      	movs	r1, #3
10008636:	e002      	b.n	1000863e <strlen+0x12>
10008638:	3301      	adds	r3, #1
1000863a:	420b      	tst	r3, r1
1000863c:	d005      	beq.n	1000864a <strlen+0x1e>
1000863e:	781a      	ldrb	r2, [r3, #0]
10008640:	2a00      	cmp	r2, #0
10008642:	d1f9      	bne.n	10008638 <strlen+0xc>
10008644:	1a18      	subs	r0, r3, r0
10008646:	bd10      	pop	{r4, pc}
10008648:	0003      	movs	r3, r0
1000864a:	6819      	ldr	r1, [r3, #0]
1000864c:	4a0c      	ldr	r2, [pc, #48]	@ (10008680 <strlen+0x54>)
1000864e:	4c0d      	ldr	r4, [pc, #52]	@ (10008684 <strlen+0x58>)
10008650:	188a      	adds	r2, r1, r2
10008652:	438a      	bics	r2, r1
10008654:	4222      	tst	r2, r4
10008656:	d10f      	bne.n	10008678 <strlen+0x4c>
10008658:	6859      	ldr	r1, [r3, #4]
1000865a:	4a09      	ldr	r2, [pc, #36]	@ (10008680 <strlen+0x54>)
1000865c:	3304      	adds	r3, #4
1000865e:	188a      	adds	r2, r1, r2
10008660:	438a      	bics	r2, r1
10008662:	4222      	tst	r2, r4
10008664:	d108      	bne.n	10008678 <strlen+0x4c>
10008666:	6859      	ldr	r1, [r3, #4]
10008668:	4a05      	ldr	r2, [pc, #20]	@ (10008680 <strlen+0x54>)
1000866a:	3304      	adds	r3, #4
1000866c:	188a      	adds	r2, r1, r2
1000866e:	438a      	bics	r2, r1
10008670:	4222      	tst	r2, r4
10008672:	d0f1      	beq.n	10008658 <strlen+0x2c>
10008674:	e000      	b.n	10008678 <strlen+0x4c>
10008676:	3301      	adds	r3, #1
10008678:	781a      	ldrb	r2, [r3, #0]
1000867a:	2a00      	cmp	r2, #0
1000867c:	d1fb      	bne.n	10008676 <strlen+0x4a>
1000867e:	e7e1      	b.n	10008644 <strlen+0x18>
10008680:	fefefeff 	.word	0xfefefeff
10008684:	80808080 	.word	0x80808080

10008688 <__libc_fini_array>:
10008688:	b570      	push	{r4, r5, r6, lr}
1000868a:	4c07      	ldr	r4, [pc, #28]	@ (100086a8 <__libc_fini_array+0x20>)
1000868c:	4d07      	ldr	r5, [pc, #28]	@ (100086ac <__libc_fini_array+0x24>)
1000868e:	1b64      	subs	r4, r4, r5
10008690:	10a4      	asrs	r4, r4, #2
10008692:	d005      	beq.n	100086a0 <__libc_fini_array+0x18>
10008694:	3c01      	subs	r4, #1
10008696:	00a3      	lsls	r3, r4, #2
10008698:	58eb      	ldr	r3, [r5, r3]
1000869a:	4798      	blx	r3
1000869c:	2c00      	cmp	r4, #0
1000869e:	d1f9      	bne.n	10008694 <__libc_fini_array+0xc>
100086a0:	f000 f84e 	bl	10008740 <_fini>
100086a4:	bd70      	pop	{r4, r5, r6, pc}
100086a6:	46c0      	nop			@ (mov r8, r8)
100086a8:	10008860 	.word	0x10008860
100086ac:	10008860 	.word	0x10008860

100086b0 <__register_exitproc>:
100086b0:	b5f0      	push	{r4, r5, r6, r7, lr}
100086b2:	46c6      	mov	lr, r8
100086b4:	4c1a      	ldr	r4, [pc, #104]	@ (10008720 <__register_exitproc+0x70>)
100086b6:	b500      	push	{lr}
100086b8:	6825      	ldr	r5, [r4, #0]
100086ba:	2d00      	cmp	r5, #0
100086bc:	d02a      	beq.n	10008714 <__register_exitproc+0x64>
100086be:	686c      	ldr	r4, [r5, #4]
100086c0:	2c1f      	cmp	r4, #31
100086c2:	dc2a      	bgt.n	1000871a <__register_exitproc+0x6a>
100086c4:	2800      	cmp	r0, #0
100086c6:	d108      	bne.n	100086da <__register_exitproc+0x2a>
100086c8:	2000      	movs	r0, #0
100086ca:	1c63      	adds	r3, r4, #1
100086cc:	3402      	adds	r4, #2
100086ce:	00a4      	lsls	r4, r4, #2
100086d0:	606b      	str	r3, [r5, #4]
100086d2:	5161      	str	r1, [r4, r5]
100086d4:	bc80      	pop	{r7}
100086d6:	46b8      	mov	r8, r7
100086d8:	bdf0      	pop	{r4, r5, r6, r7, pc}
100086da:	2788      	movs	r7, #136	@ 0x88
100086dc:	00a6      	lsls	r6, r4, #2
100086de:	19ae      	adds	r6, r5, r6
100086e0:	51f2      	str	r2, [r6, r7]
100086e2:	3701      	adds	r7, #1
100086e4:	37ff      	adds	r7, #255	@ 0xff
100086e6:	46bc      	mov	ip, r7
100086e8:	2201      	movs	r2, #1
100086ea:	44ac      	add	ip, r5
100086ec:	4667      	mov	r7, ip
100086ee:	40a2      	lsls	r2, r4
100086f0:	683f      	ldr	r7, [r7, #0]
100086f2:	4690      	mov	r8, r2
100086f4:	4317      	orrs	r7, r2
100086f6:	4662      	mov	r2, ip
100086f8:	6017      	str	r7, [r2, #0]
100086fa:	2784      	movs	r7, #132	@ 0x84
100086fc:	007f      	lsls	r7, r7, #1
100086fe:	51f3      	str	r3, [r6, r7]
10008700:	2802      	cmp	r0, #2
10008702:	d1e1      	bne.n	100086c8 <__register_exitproc+0x18>
10008704:	0028      	movs	r0, r5
10008706:	4642      	mov	r2, r8
10008708:	308d      	adds	r0, #141	@ 0x8d
1000870a:	30ff      	adds	r0, #255	@ 0xff
1000870c:	6803      	ldr	r3, [r0, #0]
1000870e:	4313      	orrs	r3, r2
10008710:	6003      	str	r3, [r0, #0]
10008712:	e7d9      	b.n	100086c8 <__register_exitproc+0x18>
10008714:	4d03      	ldr	r5, [pc, #12]	@ (10008724 <__register_exitproc+0x74>)
10008716:	6025      	str	r5, [r4, #0]
10008718:	e7d1      	b.n	100086be <__register_exitproc+0xe>
1000871a:	2001      	movs	r0, #1
1000871c:	4240      	negs	r0, r0
1000871e:	e7d9      	b.n	100086d4 <__register_exitproc+0x24>
10008720:	2000102c 	.word	0x2000102c
10008724:	20000e9c 	.word	0x20000e9c

10008728 <register_fini>:
10008728:	4b03      	ldr	r3, [pc, #12]	@ (10008738 <register_fini+0x10>)
1000872a:	b510      	push	{r4, lr}
1000872c:	2b00      	cmp	r3, #0
1000872e:	d002      	beq.n	10008736 <register_fini+0xe>
10008730:	4802      	ldr	r0, [pc, #8]	@ (1000873c <register_fini+0x14>)
10008732:	f7ff ff73 	bl	1000861c <atexit>
10008736:	bd10      	pop	{r4, pc}
10008738:	00000000 	.word	0x00000000
1000873c:	10008689 	.word	0x10008689

10008740 <_fini>:
10008740:	b5f8      	push	{r3, r4, r5, r6, r7, lr}
10008742:	46c0      	nop			@ (mov r8, r8)
10008744:	0000      	movs	r0, r0
	...

10008748 <__flash_do_cmd_veneer>:
10008748:	b401      	push	{r0}
1000874a:	4802      	ldr	r0, [pc, #8]	@ (10008754 <__flash_do_cmd_veneer+0xc>)
1000874c:	4684      	mov	ip, r0
1000874e:	bc01      	pop	{r0}
10008750:	4760      	bx	ip
10008752:	bf00      	nop
10008754:	200002f5 	.word	0x200002f5

10008758 <__mutex_exit_veneer>:
10008758:	b401      	push	{r0}
1000875a:	4802      	ldr	r0, [pc, #8]	@ (10008764 <__mutex_exit_veneer+0xc>)
1000875c:	4684      	mov	ip, r0
1000875e:	bc01      	pop	{r0}
10008760:	4760      	bx	ip
10008762:	bf00      	nop
10008764:	20000209 	.word	0x20000209

10008768 <____aeabi_ldiv0_veneer>:
10008768:	b401      	push	{r0}
1000876a:	4802      	ldr	r0, [pc, #8]	@ (10008774 <____aeabi_ldiv0_veneer+0xc>)
1000876c:	4684      	mov	ip, r0
1000876e:	bc01      	pop	{r0}
10008770:	4760      	bx	ip
10008772:	bf00      	nop
10008774:	20000b4d 	.word	0x20000b4d

10008778 <__e15_is_bulkin_ep_veneer>:
10008778:	b401      	push	{r0}
1000877a:	4802      	ldr	r0, [pc, #8]	@ (10008784 <__e15_is_bulkin_ep_veneer+0xc>)
1000877c:	4684      	mov	ip, r0
1000877e:	bc01      	pop	{r0}
10008780:	4760      	bx	ip
10008782:	bf00      	nop
10008784:	20000731 	.word	0x20000731

10008788 <__e15_is_critical_frame_period_veneer>:
10008788:	b401      	push	{r0}
1000878a:	4802      	ldr	r0, [pc, #8]	@ (10008794 <__e15_is_critical_frame_period_veneer+0xc>)
1000878c:	4684      	mov	ip, r0
1000878e:	bc01      	pop	{r0}
10008790:	4760      	bx	ip
10008792:	bf00      	nop
10008794:	2000075d 	.word	0x2000075d

10008798 <____aeabi_idiv0_veneer>:
10008798:	b401      	push	{r0}
1000879a:	4802      	ldr	r0, [pc, #8]	@ (100087a4 <____aeabi_idiv0_veneer+0xc>)
1000879c:	4684      	mov	ip, r0
1000879e:	bc01      	pop	{r0}
100087a0:	4760      	bx	ip
100087a2:	bf00      	nop
100087a4:	20000b4d 	.word	0x20000b4d

100087a8 <__mutex_try_enter_veneer>:
100087a8:	b401      	push	{r0}
100087aa:	4802      	ldr	r0, [pc, #8]	@ (100087b4 <__mutex_try_enter_veneer+0xc>)
100087ac:	4684      	mov	ip, r0
100087ae:	bc01      	pop	{r0}
100087b0:	4760      	bx	ip
100087b2:	bf00      	nop
100087b4:	200000c1 	.word	0x200000c1

100087b8 <__mutex_enter_timeout_ms_veneer>:
100087b8:	b401      	push	{r0}
100087ba:	4802      	ldr	r0, [pc, #8]	@ (100087c4 <__mutex_enter_timeout_ms_veneer+0xc>)
100087bc:	4684      	mov	ip, r0
100087be:	bc01      	pop	{r0}
100087c0:	4760      	bx	ip
100087c2:	bf00      	nop
100087c4:	200001cd 	.word	0x200001cd

100087c8 <__mutex_try_enter_block_until_veneer>:
100087c8:	b401      	push	{r0}
100087ca:	4802      	ldr	r0, [pc, #8]	@ (100087d4 <__mutex_try_enter_block_until_veneer+0xc>)
100087cc:	4684      	mov	ip, r0
100087ce:	bc01      	pop	{r0}
100087d0:	4760      	bx	ip
100087d2:	bf00      	nop
100087d4:	20000199 	.word	0x20000199

100087d8 <__hw_endpoint_start_next_buffer_veneer>:
100087d8:	b401      	push	{r0}
100087da:	4802      	ldr	r0, [pc, #8]	@ (100087e4 <__hw_endpoint_start_next_buffer_veneer+0xc>)
100087dc:	4684      	mov	ip, r0
100087de:	bc01      	pop	{r0}
100087e0:	4760      	bx	ip
100087e2:	bf00      	nop
100087e4:	20000885 	.word	0x20000885

100087e8 <__hw_endpoint_reset_transfer_veneer>:
100087e8:	b401      	push	{r0}
100087ea:	4802      	ldr	r0, [pc, #8]	@ (100087f4 <__hw_endpoint_reset_transfer_veneer+0xc>)
100087ec:	4684      	mov	ip, r0
100087ee:	bc01      	pop	{r0}
100087f0:	4760      	bx	ip
100087f2:	bf00      	nop
100087f4:	2000082d 	.word	0x2000082d

100087f8 <__reset_non_control_endpoints_veneer>:
100087f8:	b401      	push	{r0}
100087fa:	4802      	ldr	r0, [pc, #8]	@ (10008804 <__reset_non_control_endpoints_veneer+0xc>)
100087fc:	4684      	mov	ip, r0
100087fe:	bc01      	pop	{r0}
10008800:	4760      	bx	ip
10008802:	bf00      	nop
10008804:	200003e1 	.word	0x200003e1

10008808 <___hw_endpoint_buffer_control_update32_veneer>:
10008808:	b401      	push	{r0}
1000880a:	4802      	ldr	r0, [pc, #8]	@ (10008814 <___hw_endpoint_buffer_control_update32_veneer+0xc>)
1000880c:	4684      	mov	ip, r0
1000880e:	bc01      	pop	{r0}
10008810:	4760      	bx	ip
10008812:	bf00      	nop
10008814:	20000839 	.word	0x20000839

10008818 <__pre_init_runtime_init_early_resets>:
10008818:	100021a1                                .!..

1000881c <__pre_init_runtime_init_usb_power_down>:
1000881c:	100021cd 10002361 10003da1 10002a5d     .!..a#...=..]*..
1000882c:	10003c41                                A<..

10008830 <__pre_init_runtime_init_clocks>:
10008830:	10002295                                ."..

10008834 <__pre_init_runtime_init_post_clock_resets>:
10008834:	100021e9                                .!..

10008838 <__pre_init_runtime_init_rp2040_gpio_ie_disable>:
10008838:	10002209                                ."..

1000883c <__pre_init_runtime_init_spin_locks_reset>:
1000883c:	1000221d                                ."..

10008840 <__pre_init_runtime_init_mutex>:
10008840:	10001305                                ....

10008844 <__pre_init_runtime_init_install_ram_vector_table>:
10008844:	10002225                                %"..

10008848 <__pre_init_runtime_init_default_alarm_pool>:
10008848:	10001b55                                U...

1000884c <__pre_init_first_per_core_initializer>:
1000884c:	1000218d                                .!..

10008850 <__pre_init_runtime_init_per_core_irq_priorities>:
10008850:	10000c4d                                M...

10008854 <__init_array_start>:
10008854:	10008729 	.word	0x10008729
10008858:	10005ac1 	.word	0x10005ac1

1000885c <__frame_dummy_init_array_entry>:
1000885c:	100002fd                                ....

Disassembly of section .data:

200000c0 <mutex_try_enter>:
200000c0:	b510      	push	{r4, lr}
200000c2:	0003      	movs	r3, r0
200000c4:	6804      	ldr	r4, [r0, #0]
200000c6:	f3ef 8210 	mrs	r2, PRIMASK
200000ca:	b672      	cpsid	i
200000cc:	6820      	ldr	r0, [r4, #0]
200000ce:	2800      	cmp	r0, #0
200000d0:	d0fc      	beq.n	200000cc <mutex_try_enter+0xc>
200000d2:	f3bf 8f5f 	dmb	sy
200000d6:	2004      	movs	r0, #4
200000d8:	5618      	ldrsb	r0, [r3, r0]
200000da:	2800      	cmp	r0, #0
200000dc:	db0b      	blt.n	200000f6 <mutex_try_enter+0x36>
200000de:	2900      	cmp	r1, #0
200000e0:	d010      	beq.n	20000104 <mutex_try_enter+0x44>
200000e2:	6008      	str	r0, [r1, #0]
200000e4:	2000      	movs	r0, #0
200000e6:	681b      	ldr	r3, [r3, #0]
200000e8:	f3bf 8f5f 	dmb	sy
200000ec:	2100      	movs	r1, #0
200000ee:	6019      	str	r1, [r3, #0]
200000f0:	f382 8810 	msr	PRIMASK, r2
200000f4:	bd10      	pop	{r4, pc}
200000f6:	21d0      	movs	r1, #208	@ 0xd0
200000f8:	0609      	lsls	r1, r1, #24
200000fa:	7809      	ldrb	r1, [r1, #0]
200000fc:	b249      	sxtb	r1, r1
200000fe:	7119      	strb	r1, [r3, #4]
20000100:	2001      	movs	r0, #1
20000102:	e7f0      	b.n	200000e6 <mutex_try_enter+0x26>
20000104:	2000      	movs	r0, #0
20000106:	e7ee      	b.n	200000e6 <mutex_try_enter+0x26>

20000108 <mutex_enter_block_until>:
20000108:	b5f0      	push	{r4, r5, r6, r7, lr}
2000010a:	46d6      	mov	lr, sl
2000010c:	464f      	mov	r7, r9
2000010e:	4646      	mov	r6, r8
20000110:	b5c0      	push	{r6, r7, lr}
20000112:	0005      	movs	r5, r0
20000114:	4690      	mov	r8, r2
20000116:	4699      	mov	r9, r3
20000118:	6803      	ldr	r3, [r0, #0]
2000011a:	2b00      	cmp	r3, #0
2000011c:	d020      	beq.n	20000160 <mutex_enter_block_until+0x58>
2000011e:	23d0      	movs	r3, #208	@ 0xd0
20000120:	061b      	lsls	r3, r3, #24
20000122:	781b      	ldrb	r3, [r3, #0]
20000124:	b25b      	sxtb	r3, r3
20000126:	469a      	mov	sl, r3
20000128:	682f      	ldr	r7, [r5, #0]
2000012a:	f3ef 8410 	mrs	r4, PRIMASK
2000012e:	b672      	cpsid	i
20000130:	683e      	ldr	r6, [r7, #0]
20000132:	2e00      	cmp	r6, #0
20000134:	d0fc      	beq.n	20000130 <mutex_enter_block_until+0x28>
20000136:	f3bf 8f5f 	dmb	sy
2000013a:	2304      	movs	r3, #4
2000013c:	56eb      	ldrsb	r3, [r5, r3]
2000013e:	2b00      	cmp	r3, #0
20000140:	db14      	blt.n	2000016c <mutex_enter_block_until+0x64>
20000142:	682b      	ldr	r3, [r5, #0]
20000144:	f3bf 8f5f 	dmb	sy
20000148:	2200      	movs	r2, #0
2000014a:	601a      	str	r2, [r3, #0]
2000014c:	f384 8810 	msr	PRIMASK, r4
20000150:	4640      	mov	r0, r8
20000152:	4649      	mov	r1, r9
20000154:	f000 fd04 	bl	20000b60 <__best_effort_wfe_or_timeout_veneer>
20000158:	2800      	cmp	r0, #0
2000015a:	d0e5      	beq.n	20000128 <mutex_enter_block_until+0x20>
2000015c:	2000      	movs	r0, #0
2000015e:	e00f      	b.n	20000180 <mutex_enter_block_until+0x78>
20000160:	4b0a      	ldr	r3, [pc, #40]	@ (2000018c <mutex_enter_block_until+0x84>)
20000162:	4a0b      	ldr	r2, [pc, #44]	@ (20000190 <mutex_enter_block_until+0x88>)
20000164:	480b      	ldr	r0, [pc, #44]	@ (20000194 <mutex_enter_block_until+0x8c>)
20000166:	21a6      	movs	r1, #166	@ 0xa6
20000168:	f000 fd3a 	bl	20000be0 <____assert_func_veneer>
2000016c:	4653      	mov	r3, sl
2000016e:	712b      	strb	r3, [r5, #4]
20000170:	682b      	ldr	r3, [r5, #0]
20000172:	f3bf 8f5f 	dmb	sy
20000176:	2200      	movs	r2, #0
20000178:	601a      	str	r2, [r3, #0]
2000017a:	f384 8810 	msr	PRIMASK, r4
2000017e:	2001      	movs	r0, #1
20000180:	bce0      	pop	{r5, r6, r7}
20000182:	46ba      	mov	sl, r7
20000184:	46b1      	mov	r9, r6
20000186:	46a8      	mov	r8, r5
20000188:	bdf0      	pop	{r4, r5, r6, r7, pc}
2000018a:	46c0      	nop			@ (mov r8, r8)
2000018c:	10008cc4 	.word	0x10008cc4
20000190:	10009720 	.word	0x10009720
20000194:	10008c7c 	.word	0x10008c7c

20000198 <mutex_try_enter_block_until>:
20000198:	b570      	push	{r4, r5, r6, lr}
2000019a:	b082      	sub	sp, #8
2000019c:	0006      	movs	r6, r0
2000019e:	0015      	movs	r5, r2
200001a0:	001c      	movs	r4, r3
200001a2:	a901      	add	r1, sp, #4
200001a4:	f7ff ff8c 	bl	200000c0 <mutex_try_enter>
200001a8:	2800      	cmp	r0, #0
200001aa:	d107      	bne.n	200001bc <mutex_try_enter_block_until+0x24>
200001ac:	9b01      	ldr	r3, [sp, #4]
200001ae:	b25b      	sxtb	r3, r3
200001b0:	22d0      	movs	r2, #208	@ 0xd0
200001b2:	0612      	lsls	r2, r2, #24
200001b4:	7812      	ldrb	r2, [r2, #0]
200001b6:	b252      	sxtb	r2, r2
200001b8:	4293      	cmp	r3, r2
200001ba:	d101      	bne.n	200001c0 <mutex_try_enter_block_until+0x28>
200001bc:	b002      	add	sp, #8
200001be:	bd70      	pop	{r4, r5, r6, pc}
200001c0:	002a      	movs	r2, r5
200001c2:	0023      	movs	r3, r4
200001c4:	0030      	movs	r0, r6
200001c6:	f7ff ff9f 	bl	20000108 <mutex_enter_block_until>
200001ca:	e7f7      	b.n	200001bc <mutex_try_enter_block_until+0x24>

200001cc <mutex_enter_timeout_ms>:
200001cc:	b5f8      	push	{r3, r4, r5, r6, r7, lr}
200001ce:	0006      	movs	r6, r0
200001d0:	000f      	movs	r7, r1
200001d2:	f000 fcf5 	bl	20000bc0 <__time_us_64_veneer>
200001d6:	0004      	movs	r4, r0
200001d8:	000d      	movs	r5, r1
200001da:	22fa      	movs	r2, #250	@ 0xfa
200001dc:	0092      	lsls	r2, r2, #2
200001de:	2300      	movs	r3, #0
200001e0:	0038      	movs	r0, r7
200001e2:	2100      	movs	r1, #0
200001e4:	f000 fcdc 	bl	20000ba0 <____wrap___aeabi_lmul_veneer>
200001e8:	0022      	movs	r2, r4
200001ea:	002b      	movs	r3, r5
200001ec:	1812      	adds	r2, r2, r0
200001ee:	414b      	adcs	r3, r1
200001f0:	2b00      	cmp	r3, #0
200001f2:	db03      	blt.n	200001fc <mutex_enter_timeout_ms+0x30>
200001f4:	0030      	movs	r0, r6
200001f6:	f7ff ff87 	bl	20000108 <mutex_enter_block_until>
200001fa:	bdf8      	pop	{r3, r4, r5, r6, r7, pc}
200001fc:	2201      	movs	r2, #1
200001fe:	4252      	negs	r2, r2
20000200:	4b00      	ldr	r3, [pc, #0]	@ (20000204 <mutex_enter_timeout_ms+0x38>)
20000202:	e7f7      	b.n	200001f4 <mutex_enter_timeout_ms+0x28>
20000204:	7fffffff 	.word	0x7fffffff

20000208 <mutex_exit>:
20000208:	b510      	push	{r4, lr}
2000020a:	6801      	ldr	r1, [r0, #0]
2000020c:	f3ef 8310 	mrs	r3, PRIMASK
20000210:	b672      	cpsid	i
20000212:	680a      	ldr	r2, [r1, #0]
20000214:	2a00      	cmp	r2, #0
20000216:	d0fc      	beq.n	20000212 <mutex_exit+0xa>
20000218:	f3bf 8f5f 	dmb	sy
2000021c:	2204      	movs	r2, #4
2000021e:	5682      	ldrsb	r2, [r0, r2]
20000220:	2a00      	cmp	r2, #0
20000222:	db0a      	blt.n	2000023a <mutex_exit+0x32>
20000224:	22ff      	movs	r2, #255	@ 0xff
20000226:	7102      	strb	r2, [r0, #4]
20000228:	6802      	ldr	r2, [r0, #0]
2000022a:	f3bf 8f5f 	dmb	sy
2000022e:	2100      	movs	r1, #0
20000230:	6011      	str	r1, [r2, #0]
20000232:	f383 8810 	msr	PRIMASK, r3
20000236:	bf40      	sev
20000238:	bd10      	pop	{r4, pc}
2000023a:	4b03      	ldr	r3, [pc, #12]	@ (20000248 <mutex_exit+0x40>)
2000023c:	4a03      	ldr	r2, [pc, #12]	@ (2000024c <mutex_exit+0x44>)
2000023e:	4804      	ldr	r0, [pc, #16]	@ (20000250 <mutex_exit+0x48>)
20000240:	21d5      	movs	r1, #213	@ 0xd5
20000242:	f000 fccd 	bl	20000be0 <____assert_func_veneer>
20000246:	46c0      	nop			@ (mov r8, r8)
20000248:	10008cd8 	.word	0x10008cd8
2000024c:	10009714 	.word	0x10009714
20000250:	10008c7c 	.word	0x10008c7c

20000254 <flash_init_boot2_copyout>:
20000254:	4b09      	ldr	r3, [pc, #36]	@ (2000027c <flash_init_boot2_copyout+0x28>)
20000256:	781b      	ldrb	r3, [r3, #0]
20000258:	2b00      	cmp	r3, #0
2000025a:	d008      	beq.n	2000026e <flash_init_boot2_copyout+0x1a>
2000025c:	e00c      	b.n	20000278 <flash_init_boot2_copyout+0x24>
2000025e:	009a      	lsls	r2, r3, #2
20000260:	2180      	movs	r1, #128	@ 0x80
20000262:	0549      	lsls	r1, r1, #21
20000264:	1851      	adds	r1, r2, r1
20000266:	6808      	ldr	r0, [r1, #0]
20000268:	4905      	ldr	r1, [pc, #20]	@ (20000280 <flash_init_boot2_copyout+0x2c>)
2000026a:	5050      	str	r0, [r2, r1]
2000026c:	3301      	adds	r3, #1
2000026e:	2b3f      	cmp	r3, #63	@ 0x3f
20000270:	ddf5      	ble.n	2000025e <flash_init_boot2_copyout+0xa>
20000272:	4b02      	ldr	r3, [pc, #8]	@ (2000027c <flash_init_boot2_copyout+0x28>)
20000274:	2201      	movs	r2, #1
20000276:	701a      	strb	r2, [r3, #0]
20000278:	4770      	bx	lr
2000027a:	46c0      	nop			@ (mov r8, r8)
2000027c:	20001d95 	.word	0x20001d95
20000280:	200015cc 	.word	0x200015cc

20000284 <flash_enable_xip_via_boot2>:
20000284:	b510      	push	{r4, lr}
20000286:	4b01      	ldr	r3, [pc, #4]	@ (2000028c <flash_enable_xip_via_boot2+0x8>)
20000288:	4798      	blx	r3
2000028a:	bd10      	pop	{r4, pc}
2000028c:	200015cd 	.word	0x200015cd

20000290 <flash_save_hardware_state>:
20000290:	2300      	movs	r3, #0
20000292:	e005      	b.n	200002a0 <flash_save_hardware_state+0x10>
20000294:	009a      	lsls	r2, r3, #2
20000296:	4904      	ldr	r1, [pc, #16]	@ (200002a8 <flash_save_hardware_state+0x18>)
20000298:	1851      	adds	r1, r2, r1
2000029a:	6849      	ldr	r1, [r1, #4]
2000029c:	5011      	str	r1, [r2, r0]
2000029e:	3301      	adds	r3, #1
200002a0:	2b05      	cmp	r3, #5
200002a2:	d9f7      	bls.n	20000294 <flash_save_hardware_state+0x4>
200002a4:	4770      	bx	lr
200002a6:	46c0      	nop			@ (mov r8, r8)
200002a8:	40020000 	.word	0x40020000

200002ac <flash_restore_hardware_state>:
200002ac:	b510      	push	{r4, lr}
200002ae:	2200      	movs	r2, #0
200002b0:	e006      	b.n	200002c0 <flash_restore_hardware_state+0x14>
200002b2:	0093      	lsls	r3, r2, #2
200002b4:	5819      	ldr	r1, [r3, r0]
200002b6:	4c04      	ldr	r4, [pc, #16]	@ (200002c8 <flash_restore_hardware_state+0x1c>)
200002b8:	46a4      	mov	ip, r4
200002ba:	4463      	add	r3, ip
200002bc:	6059      	str	r1, [r3, #4]
200002be:	3201      	adds	r2, #1
200002c0:	2a05      	cmp	r2, #5
200002c2:	d9f6      	bls.n	200002b2 <flash_restore_hardware_state+0x6>
200002c4:	bd10      	pop	{r4, pc}
200002c6:	46c0      	nop			@ (mov r8, r8)
200002c8:	40020000 	.word	0x40020000

200002cc <flash_cs_force>:
200002cc:	2800      	cmp	r0, #0
200002ce:	d00a      	beq.n	200002e6 <flash_cs_force+0x1a>
200002d0:	2303      	movs	r3, #3
200002d2:	021b      	lsls	r3, r3, #8
200002d4:	4a05      	ldr	r2, [pc, #20]	@ (200002ec <flash_cs_force+0x20>)
200002d6:	6812      	ldr	r2, [r2, #0]
200002d8:	4053      	eors	r3, r2
200002da:	22c0      	movs	r2, #192	@ 0xc0
200002dc:	0092      	lsls	r2, r2, #2
200002de:	4013      	ands	r3, r2
200002e0:	4a03      	ldr	r2, [pc, #12]	@ (200002f0 <flash_cs_force+0x24>)
200002e2:	6013      	str	r3, [r2, #0]
200002e4:	4770      	bx	lr
200002e6:	2302      	movs	r3, #2
200002e8:	e7f3      	b.n	200002d2 <flash_cs_force+0x6>
200002ea:	46c0      	nop			@ (mov r8, r8)
200002ec:	4001800c 	.word	0x4001800c
200002f0:	4001900c 	.word	0x4001900c

200002f4 <flash_do_cmd>:
200002f4:	b5f0      	push	{r4, r5, r6, r7, lr}
200002f6:	46d6      	mov	lr, sl
200002f8:	464f      	mov	r7, r9
200002fa:	4646      	mov	r6, r8
200002fc:	b5c0      	push	{r6, r7, lr}
200002fe:	b086      	sub	sp, #24
20000300:	0007      	movs	r7, r0
20000302:	000e      	movs	r6, r1
20000304:	0015      	movs	r5, r2
20000306:	2318      	movs	r3, #24
20000308:	469a      	mov	sl, r3
2000030a:	881b      	ldrh	r3, [r3, #0]
2000030c:	2214      	movs	r2, #20
2000030e:	4690      	mov	r8, r2
20000310:	8810      	ldrh	r0, [r2, #0]
20000312:	492d      	ldr	r1, [pc, #180]	@ (200003c8 <flash_do_cmd+0xd4>)
20000314:	4798      	blx	r3
20000316:	4681      	mov	r9, r0
20000318:	4653      	mov	r3, sl
2000031a:	881b      	ldrh	r3, [r3, #0]
2000031c:	4642      	mov	r2, r8
2000031e:	8810      	ldrh	r0, [r2, #0]
20000320:	492a      	ldr	r1, [pc, #168]	@ (200003cc <flash_do_cmd+0xd8>)
20000322:	4798      	blx	r3
20000324:	0004      	movs	r4, r0
20000326:	4653      	mov	r3, sl
20000328:	881b      	ldrh	r3, [r3, #0]
2000032a:	4642      	mov	r2, r8
2000032c:	8810      	ldrh	r0, [r2, #0]
2000032e:	4928      	ldr	r1, [pc, #160]	@ (200003d0 <flash_do_cmd+0xdc>)
20000330:	4798      	blx	r3
20000332:	4680      	mov	r8, r0
20000334:	464b      	mov	r3, r9
20000336:	2b00      	cmp	r3, #0
20000338:	d00f      	beq.n	2000035a <flash_do_cmd+0x66>
2000033a:	2c00      	cmp	r4, #0
2000033c:	d00d      	beq.n	2000035a <flash_do_cmd+0x66>
2000033e:	2800      	cmp	r0, #0
20000340:	d00b      	beq.n	2000035a <flash_do_cmd+0x66>
20000342:	f7ff ff87 	bl	20000254 <flash_init_boot2_copyout>
20000346:	4668      	mov	r0, sp
20000348:	f7ff ffa2 	bl	20000290 <flash_save_hardware_state>
2000034c:	47c8      	blx	r9
2000034e:	47a0      	blx	r4
20000350:	2000      	movs	r0, #0
20000352:	f7ff ffbb 	bl	200002cc <flash_cs_force>
20000356:	002a      	movs	r2, r5
20000358:	e010      	b.n	2000037c <flash_do_cmd+0x88>
2000035a:	4b1e      	ldr	r3, [pc, #120]	@ (200003d4 <flash_do_cmd+0xe0>)
2000035c:	4a1e      	ldr	r2, [pc, #120]	@ (200003d8 <flash_do_cmd+0xe4>)
2000035e:	218a      	movs	r1, #138	@ 0x8a
20000360:	481e      	ldr	r0, [pc, #120]	@ (200003dc <flash_do_cmd+0xe8>)
20000362:	0049      	lsls	r1, r1, #1
20000364:	f000 fc3c 	bl	20000be0 <____assert_func_veneer>
20000368:	2b00      	cmp	r3, #0
2000036a:	d007      	beq.n	2000037c <flash_do_cmd+0x88>
2000036c:	2a00      	cmp	r2, #0
2000036e:	d005      	beq.n	2000037c <flash_do_cmd+0x88>
20000370:	23c0      	movs	r3, #192	@ 0xc0
20000372:	055b      	lsls	r3, r3, #21
20000374:	6e1b      	ldr	r3, [r3, #96]	@ 0x60
20000376:	7033      	strb	r3, [r6, #0]
20000378:	3a01      	subs	r2, #1
2000037a:	3601      	adds	r6, #1
2000037c:	002b      	movs	r3, r5
2000037e:	4313      	orrs	r3, r2
20000380:	d012      	beq.n	200003a8 <flash_do_cmd+0xb4>
20000382:	23c0      	movs	r3, #192	@ 0xc0
20000384:	055b      	lsls	r3, r3, #21
20000386:	6a9c      	ldr	r4, [r3, #40]	@ 0x28
20000388:	2308      	movs	r3, #8
2000038a:	4023      	ands	r3, r4
2000038c:	07a4      	lsls	r4, r4, #30
2000038e:	d5eb      	bpl.n	20000368 <flash_do_cmd+0x74>
20000390:	2d00      	cmp	r5, #0
20000392:	d0e9      	beq.n	20000368 <flash_do_cmd+0x74>
20000394:	1b51      	subs	r1, r2, r5
20000396:	290d      	cmp	r1, #13
20000398:	d8e6      	bhi.n	20000368 <flash_do_cmd+0x74>
2000039a:	7838      	ldrb	r0, [r7, #0]
2000039c:	21c0      	movs	r1, #192	@ 0xc0
2000039e:	0549      	lsls	r1, r1, #21
200003a0:	6608      	str	r0, [r1, #96]	@ 0x60
200003a2:	3d01      	subs	r5, #1
200003a4:	3701      	adds	r7, #1
200003a6:	e7df      	b.n	20000368 <flash_do_cmd+0x74>
200003a8:	2001      	movs	r0, #1
200003aa:	f7ff ff8f 	bl	200002cc <flash_cs_force>
200003ae:	47c0      	blx	r8
200003b0:	f7ff ff68 	bl	20000284 <flash_enable_xip_via_boot2>
200003b4:	4668      	mov	r0, sp
200003b6:	f7ff ff79 	bl	200002ac <flash_restore_hardware_state>
200003ba:	b006      	add	sp, #24
200003bc:	bce0      	pop	{r5, r6, r7}
200003be:	46ba      	mov	sl, r7
200003c0:	46b1      	mov	r9, r6
200003c2:	46a8      	mov	r8, r5
200003c4:	bdf0      	pop	{r4, r5, r6, r7, pc}
200003c6:	46c0      	nop			@ (mov r8, r8)
200003c8:	00004649 	.word	0x00004649
200003cc:	00005845 	.word	0x00005845
200003d0:	00004346 	.word	0x00004346
200003d4:	1000939c 	.word	0x1000939c
200003d8:	10009bb8 	.word	0x10009bb8
200003dc:	10009254 	.word	0x10009254

200003e0 <reset_non_control_endpoints>:
200003e0:	b510      	push	{r4, lr}
200003e2:	2300      	movs	r3, #0
200003e4:	e008      	b.n	200003f8 <reset_non_control_endpoints+0x18>
200003e6:	3301      	adds	r3, #1
200003e8:	00da      	lsls	r2, r3, #3
200003ea:	2100      	movs	r1, #0
200003ec:	4808      	ldr	r0, [pc, #32]	@ (20000410 <reset_non_control_endpoints+0x30>)
200003ee:	5011      	str	r1, [r2, r0]
200003f0:	4684      	mov	ip, r0
200003f2:	4462      	add	r2, ip
200003f4:	6051      	str	r1, [r2, #4]
200003f6:	b2db      	uxtb	r3, r3
200003f8:	2b0e      	cmp	r3, #14
200003fa:	d9f4      	bls.n	200003e6 <reset_non_control_endpoints+0x6>
200003fc:	4805      	ldr	r0, [pc, #20]	@ (20000414 <reset_non_control_endpoints+0x34>)
200003fe:	22f0      	movs	r2, #240	@ 0xf0
20000400:	0092      	lsls	r2, r2, #2
20000402:	2100      	movs	r1, #0
20000404:	f000 fbbc 	bl	20000b80 <____wrap_memset_veneer>
20000408:	4b03      	ldr	r3, [pc, #12]	@ (20000418 <reset_non_control_endpoints+0x38>)
2000040a:	4a04      	ldr	r2, [pc, #16]	@ (2000041c <reset_non_control_endpoints+0x3c>)
2000040c:	601a      	str	r2, [r3, #0]
2000040e:	bd10      	pop	{r4, pc}
20000410:	50100000 	.word	0x50100000
20000414:	20001780 	.word	0x20001780
20000418:	20001b44 	.word	0x20001b44
2000041c:	50100180 	.word	0x50100180

20000420 <hw_handle_buff_status>:
20000420:	b5f0      	push	{r4, r5, r6, r7, lr}
20000422:	46ce      	mov	lr, r9
20000424:	4647      	mov	r7, r8
20000426:	b580      	push	{r7, lr}
20000428:	b085      	sub	sp, #20
2000042a:	4b20      	ldr	r3, [pc, #128]	@ (200004ac <hw_handle_buff_status+0x8c>)
2000042c:	6d9f      	ldr	r7, [r3, #88]	@ 0x58
2000042e:	2400      	movs	r4, #0
20000430:	2601      	movs	r6, #1
20000432:	e003      	b.n	2000043c <hw_handle_buff_status+0x1c>
20000434:	43b7      	bics	r7, r6
20000436:	0076      	lsls	r6, r6, #1
20000438:	3401      	adds	r4, #1
2000043a:	b2e4      	uxtb	r4, r4
2000043c:	2f00      	cmp	r7, #0
2000043e:	d030      	beq.n	200004a2 <hw_handle_buff_status+0x82>
20000440:	2c1f      	cmp	r4, #31
20000442:	d82e      	bhi.n	200004a2 <hw_handle_buff_status+0x82>
20000444:	423e      	tst	r6, r7
20000446:	d0f6      	beq.n	20000436 <hw_handle_buff_status+0x16>
20000448:	4b19      	ldr	r3, [pc, #100]	@ (200004b0 <hw_handle_buff_status+0x90>)
2000044a:	659e      	str	r6, [r3, #88]	@ 0x58
2000044c:	0863      	lsrs	r3, r4, #1
2000044e:	4699      	mov	r9, r3
20000450:	2301      	movs	r3, #1
20000452:	4063      	eors	r3, r4
20000454:	2201      	movs	r2, #1
20000456:	401a      	ands	r2, r3
20000458:	4690      	mov	r8, r2
2000045a:	464b      	mov	r3, r9
2000045c:	005d      	lsls	r5, r3, #1
2000045e:	4445      	add	r5, r8
20000460:	016d      	lsls	r5, r5, #5
20000462:	4b14      	ldr	r3, [pc, #80]	@ (200004b4 <hw_handle_buff_status+0x94>)
20000464:	18ed      	adds	r5, r5, r3
20000466:	0028      	movs	r0, r5
20000468:	f000 fa50 	bl	2000090c <hw_endpoint_xfer_continue>
2000046c:	2800      	cmp	r0, #0
2000046e:	d0e1      	beq.n	20000434 <hw_handle_buff_status+0x14>
20000470:	4a10      	ldr	r2, [pc, #64]	@ (200004b4 <hw_handle_buff_status+0x94>)
20000472:	464b      	mov	r3, r9
20000474:	005b      	lsls	r3, r3, #1
20000476:	4443      	add	r3, r8
20000478:	015b      	lsls	r3, r3, #5
2000047a:	18d3      	adds	r3, r2, r3
2000047c:	7899      	ldrb	r1, [r3, #2]
2000047e:	8ada      	ldrh	r2, [r3, #22]
20000480:	a801      	add	r0, sp, #4
20000482:	2300      	movs	r3, #0
20000484:	4698      	mov	r8, r3
20000486:	7003      	strb	r3, [r0, #0]
20000488:	3307      	adds	r3, #7
2000048a:	7043      	strb	r3, [r0, #1]
2000048c:	7101      	strb	r1, [r0, #4]
2000048e:	6082      	str	r2, [r0, #8]
20000490:	4643      	mov	r3, r8
20000492:	7143      	strb	r3, [r0, #5]
20000494:	2101      	movs	r1, #1
20000496:	f000 fa59 	bl	2000094c <dcd_event_handler>
2000049a:	0028      	movs	r0, r5
2000049c:	f000 f9c6 	bl	2000082c <hw_endpoint_reset_transfer>
200004a0:	e7c8      	b.n	20000434 <hw_handle_buff_status+0x14>
200004a2:	b005      	add	sp, #20
200004a4:	bcc0      	pop	{r6, r7}
200004a6:	46b9      	mov	r9, r7
200004a8:	46b0      	mov	r8, r6
200004aa:	bdf0      	pop	{r4, r5, r6, r7, pc}
200004ac:	50110000 	.word	0x50110000
200004b0:	50113000 	.word	0x50113000
200004b4:	20001740 	.word	0x20001740

200004b8 <dcd_rp2040_irq>:
200004b8:	b5f0      	push	{r4, r5, r6, r7, lr}
200004ba:	46ce      	mov	lr, r9
200004bc:	4647      	mov	r7, r8
200004be:	b580      	push	{r7, lr}
200004c0:	b085      	sub	sp, #20
200004c2:	4a77      	ldr	r2, [pc, #476]	@ (200006a0 <dcd_rp2040_irq+0x1e8>)
200004c4:	2398      	movs	r3, #152	@ 0x98
200004c6:	58d5      	ldr	r5, [r2, r3]
200004c8:	2380      	movs	r3, #128	@ 0x80
200004ca:	029b      	lsls	r3, r3, #10
200004cc:	002f      	movs	r7, r5
200004ce:	401f      	ands	r7, r3
200004d0:	421d      	tst	r5, r3
200004d2:	d046      	beq.n	20000562 <dcd_rp2040_irq+0xaa>
200004d4:	4b73      	ldr	r3, [pc, #460]	@ (200006a4 <dcd_rp2040_irq+0x1ec>)
200004d6:	6a9a      	ldr	r2, [r3, #40]	@ 0x28
200004d8:	4b73      	ldr	r3, [pc, #460]	@ (200006a8 <dcd_rp2040_irq+0x1f0>)
200004da:	601a      	str	r2, [r3, #0]
200004dc:	2400      	movs	r4, #0
200004de:	2100      	movs	r1, #0
200004e0:	e009      	b.n	200004f6 <dcd_rp2040_irq+0x3e>
200004e2:	4b72      	ldr	r3, [pc, #456]	@ (200006ac <dcd_rp2040_irq+0x1f4>)
200004e4:	185b      	adds	r3, r3, r1
200004e6:	333c      	adds	r3, #60	@ 0x3c
200004e8:	2200      	movs	r2, #0
200004ea:	701a      	strb	r2, [r3, #0]
200004ec:	f000 f9ca 	bl	20000884 <hw_endpoint_start_next_buffer>
200004f0:	0031      	movs	r1, r6
200004f2:	3401      	adds	r4, #1
200004f4:	b2e4      	uxtb	r4, r4
200004f6:	2c0f      	cmp	r4, #15
200004f8:	d818      	bhi.n	2000052c <dcd_rp2040_irq+0x74>
200004fa:	01a6      	lsls	r6, r4, #6
200004fc:	0030      	movs	r0, r6
200004fe:	3020      	adds	r0, #32
20000500:	4b6a      	ldr	r3, [pc, #424]	@ (200006ac <dcd_rp2040_irq+0x1f4>)
20000502:	18c0      	adds	r0, r0, r3
20000504:	199b      	adds	r3, r3, r6
20000506:	333b      	adds	r3, #59	@ 0x3b
20000508:	781b      	ldrb	r3, [r3, #0]
2000050a:	2b02      	cmp	r3, #2
2000050c:	d1f1      	bne.n	200004f2 <dcd_rp2040_irq+0x3a>
2000050e:	4b67      	ldr	r3, [pc, #412]	@ (200006ac <dcd_rp2040_irq+0x1f4>)
20000510:	199b      	adds	r3, r3, r6
20000512:	333a      	adds	r3, #58	@ 0x3a
20000514:	781e      	ldrb	r6, [r3, #0]
20000516:	2e00      	cmp	r6, #0
20000518:	d0eb      	beq.n	200004f2 <dcd_rp2040_irq+0x3a>
2000051a:	4b64      	ldr	r3, [pc, #400]	@ (200006ac <dcd_rp2040_irq+0x1f4>)
2000051c:	01a1      	lsls	r1, r4, #6
2000051e:	185b      	adds	r3, r3, r1
20000520:	333c      	adds	r3, #60	@ 0x3c
20000522:	781b      	ldrb	r3, [r3, #0]
20000524:	2b00      	cmp	r3, #0
20000526:	d1dc      	bne.n	200004e2 <dcd_rp2040_irq+0x2a>
20000528:	0031      	movs	r1, r6
2000052a:	e7e2      	b.n	200004f2 <dcd_rp2040_irq+0x3a>
2000052c:	2900      	cmp	r1, #0
2000052e:	d108      	bne.n	20000542 <dcd_rp2040_irq+0x8a>
20000530:	4b5f      	ldr	r3, [pc, #380]	@ (200006b0 <dcd_rp2040_irq+0x1f8>)
20000532:	781b      	ldrb	r3, [r3, #0]
20000534:	2b00      	cmp	r3, #0
20000536:	d104      	bne.n	20000542 <dcd_rp2040_irq+0x8a>
20000538:	4a5e      	ldr	r2, [pc, #376]	@ (200006b4 <dcd_rp2040_irq+0x1fc>)
2000053a:	3390      	adds	r3, #144	@ 0x90
2000053c:	2180      	movs	r1, #128	@ 0x80
2000053e:	0289      	lsls	r1, r1, #10
20000540:	50d1      	str	r1, [r2, r3]
20000542:	4b57      	ldr	r3, [pc, #348]	@ (200006a0 <dcd_rp2040_irq+0x1e8>)
20000544:	6c9b      	ldr	r3, [r3, #72]	@ 0x48
20000546:	055b      	lsls	r3, r3, #21
20000548:	0d5b      	lsrs	r3, r3, #21
2000054a:	2200      	movs	r2, #0
2000054c:	4669      	mov	r1, sp
2000054e:	710a      	strb	r2, [r1, #4]
20000550:	3203      	adds	r2, #3
20000552:	714a      	strb	r2, [r1, #5]
20000554:	9302      	str	r3, [sp, #8]
20000556:	2101      	movs	r1, #1
20000558:	a801      	add	r0, sp, #4
2000055a:	f000 f9f7 	bl	2000094c <dcd_event_handler>
2000055e:	2780      	movs	r7, #128	@ 0x80
20000560:	02bf      	lsls	r7, r7, #10
20000562:	06eb      	lsls	r3, r5, #27
20000564:	d406      	bmi.n	20000574 <dcd_rp2040_irq+0xbc>
20000566:	03eb      	lsls	r3, r5, #15
20000568:	d552      	bpl.n	20000610 <dcd_rp2040_irq+0x158>
2000056a:	2380      	movs	r3, #128	@ 0x80
2000056c:	025b      	lsls	r3, r3, #9
2000056e:	431f      	orrs	r7, r3
20000570:	2400      	movs	r4, #0
20000572:	e019      	b.n	200005a8 <dcd_rp2040_irq+0xf0>
20000574:	2310      	movs	r3, #16
20000576:	431f      	orrs	r7, r3
20000578:	f7ff ff52 	bl	20000420 <hw_handle_buff_status>
2000057c:	e7f3      	b.n	20000566 <dcd_rp2040_irq+0xae>
2000057e:	2302      	movs	r3, #2
20000580:	4699      	mov	r9, r3
20000582:	e01e      	b.n	200005c2 <dcd_rp2040_irq+0x10a>
20000584:	4b4c      	ldr	r3, [pc, #304]	@ (200006b8 <dcd_rp2040_irq+0x200>)
20000586:	464a      	mov	r2, r9
20000588:	661a      	str	r2, [r3, #96]	@ 0x60
2000058a:	4b45      	ldr	r3, [pc, #276]	@ (200006a0 <dcd_rp2040_irq+0x1e8>)
2000058c:	6e5b      	ldr	r3, [r3, #100]	@ 0x64
2000058e:	464a      	mov	r2, r9
20000590:	4013      	ands	r3, r2
20000592:	4599      	cmp	r9, r3
20000594:	d1f9      	bne.n	2000058a <dcd_rp2040_irq+0xd2>
20000596:	e018      	b.n	200005ca <dcd_rp2040_irq+0x112>
20000598:	4b44      	ldr	r3, [pc, #272]	@ (200006ac <dcd_rp2040_irq+0x1f4>)
2000059a:	4642      	mov	r2, r8
2000059c:	0152      	lsls	r2, r2, #5
2000059e:	189b      	adds	r3, r3, r2
200005a0:	2201      	movs	r2, #1
200005a2:	70da      	strb	r2, [r3, #3]
200005a4:	3401      	adds	r4, #1
200005a6:	b2e4      	uxtb	r4, r4
200005a8:	2c01      	cmp	r4, #1
200005aa:	d820      	bhi.n	200005ee <dcd_rp2040_irq+0x136>
200005ac:	46a0      	mov	r8, r4
200005ae:	0166      	lsls	r6, r4, #5
200005b0:	4b3e      	ldr	r3, [pc, #248]	@ (200006ac <dcd_rp2040_irq+0x1f4>)
200005b2:	18f6      	adds	r6, r6, r3
200005b4:	7eb3      	ldrb	r3, [r6, #26]
200005b6:	2b00      	cmp	r3, #0
200005b8:	d0ee      	beq.n	20000598 <dcd_rp2040_irq+0xe0>
200005ba:	2c00      	cmp	r4, #0
200005bc:	d0df      	beq.n	2000057e <dcd_rp2040_irq+0xc6>
200005be:	2301      	movs	r3, #1
200005c0:	4699      	mov	r9, r3
200005c2:	f000 faf5 	bl	20000bb0 <__rp2040_chip_version_veneer>
200005c6:	2801      	cmp	r0, #1
200005c8:	d8dc      	bhi.n	20000584 <dcd_rp2040_irq+0xcc>
200005ca:	22c0      	movs	r2, #192	@ 0xc0
200005cc:	0192      	lsls	r2, r2, #6
200005ce:	2100      	movs	r1, #0
200005d0:	0030      	movs	r0, r6
200005d2:	f000 f931 	bl	20000838 <_hw_endpoint_buffer_control_update32>
200005d6:	0030      	movs	r0, r6
200005d8:	f000 f928 	bl	2000082c <hw_endpoint_reset_transfer>
200005dc:	f000 fae8 	bl	20000bb0 <__rp2040_chip_version_veneer>
200005e0:	2801      	cmp	r0, #1
200005e2:	d9d9      	bls.n	20000598 <dcd_rp2040_irq+0xe0>
200005e4:	4b33      	ldr	r3, [pc, #204]	@ (200006b4 <dcd_rp2040_irq+0x1fc>)
200005e6:	464a      	mov	r2, r9
200005e8:	665a      	str	r2, [r3, #100]	@ 0x64
200005ea:	661a      	str	r2, [r3, #96]	@ 0x60
200005ec:	e7d4      	b.n	20000598 <dcd_rp2040_irq+0xe0>
200005ee:	2300      	movs	r3, #0
200005f0:	466a      	mov	r2, sp
200005f2:	7113      	strb	r3, [r2, #4]
200005f4:	3306      	adds	r3, #6
200005f6:	7153      	strb	r3, [r2, #5]
200005f8:	4a30      	ldr	r2, [pc, #192]	@ (200006bc <dcd_rp2040_irq+0x204>)
200005fa:	ab02      	add	r3, sp, #8
200005fc:	ca03      	ldmia	r2!, {r0, r1}
200005fe:	c303      	stmia	r3!, {r0, r1}
20000600:	2101      	movs	r1, #1
20000602:	a801      	add	r0, sp, #4
20000604:	f000 f9a2 	bl	2000094c <dcd_event_handler>
20000608:	4b2a      	ldr	r3, [pc, #168]	@ (200006b4 <dcd_rp2040_irq+0x1fc>)
2000060a:	2280      	movs	r2, #128	@ 0x80
2000060c:	0292      	lsls	r2, r2, #10
2000060e:	651a      	str	r2, [r3, #80]	@ 0x50
20000610:	04eb      	lsls	r3, r5, #19
20000612:	d40a      	bmi.n	2000062a <dcd_rp2040_irq+0x172>
20000614:	046b      	lsls	r3, r5, #17
20000616:	d41d      	bmi.n	20000654 <dcd_rp2040_irq+0x19c>
20000618:	042b      	lsls	r3, r5, #16
2000061a:	d42b      	bmi.n	20000674 <dcd_rp2040_irq+0x1bc>
2000061c:	42af      	cmp	r7, r5
2000061e:	d13a      	bne.n	20000696 <dcd_rp2040_irq+0x1de>
20000620:	b005      	add	sp, #20
20000622:	bcc0      	pop	{r6, r7}
20000624:	46b9      	mov	r9, r7
20000626:	46b0      	mov	r8, r6
20000628:	bdf0      	pop	{r4, r5, r6, r7, pc}
2000062a:	2380      	movs	r3, #128	@ 0x80
2000062c:	015b      	lsls	r3, r3, #5
2000062e:	431f      	orrs	r7, r3
20000630:	2400      	movs	r4, #0
20000632:	4b1b      	ldr	r3, [pc, #108]	@ (200006a0 <dcd_rp2040_irq+0x1e8>)
20000634:	601c      	str	r4, [r3, #0]
20000636:	f7ff fed3 	bl	200003e0 <reset_non_control_endpoints>
2000063a:	a801      	add	r0, sp, #4
2000063c:	7004      	strb	r4, [r0, #0]
2000063e:	2301      	movs	r3, #1
20000640:	7043      	strb	r3, [r0, #1]
20000642:	7104      	strb	r4, [r0, #4]
20000644:	2101      	movs	r1, #1
20000646:	f000 f981 	bl	2000094c <dcd_event_handler>
2000064a:	4b1a      	ldr	r3, [pc, #104]	@ (200006b4 <dcd_rp2040_irq+0x1fc>)
2000064c:	2280      	movs	r2, #128	@ 0x80
2000064e:	0312      	lsls	r2, r2, #12
20000650:	651a      	str	r2, [r3, #80]	@ 0x50
20000652:	e7df      	b.n	20000614 <dcd_rp2040_irq+0x15c>
20000654:	2380      	movs	r3, #128	@ 0x80
20000656:	01db      	lsls	r3, r3, #7
20000658:	431f      	orrs	r7, r3
2000065a:	2300      	movs	r3, #0
2000065c:	466a      	mov	r2, sp
2000065e:	7113      	strb	r3, [r2, #4]
20000660:	3304      	adds	r3, #4
20000662:	7153      	strb	r3, [r2, #5]
20000664:	2101      	movs	r1, #1
20000666:	a801      	add	r0, sp, #4
20000668:	f000 f970 	bl	2000094c <dcd_event_handler>
2000066c:	4b11      	ldr	r3, [pc, #68]	@ (200006b4 <dcd_rp2040_irq+0x1fc>)
2000066e:	2210      	movs	r2, #16
20000670:	651a      	str	r2, [r3, #80]	@ 0x50
20000672:	e7d1      	b.n	20000618 <dcd_rp2040_irq+0x160>
20000674:	2380      	movs	r3, #128	@ 0x80
20000676:	021b      	lsls	r3, r3, #8
20000678:	431f      	orrs	r7, r3
2000067a:	2300      	movs	r3, #0
2000067c:	466a      	mov	r2, sp
2000067e:	7113      	strb	r3, [r2, #4]
20000680:	3305      	adds	r3, #5
20000682:	7153      	strb	r3, [r2, #5]
20000684:	2101      	movs	r1, #1
20000686:	a801      	add	r0, sp, #4
20000688:	f000 f960 	bl	2000094c <dcd_event_handler>
2000068c:	4b09      	ldr	r3, [pc, #36]	@ (200006b4 <dcd_rp2040_irq+0x1fc>)
2000068e:	2280      	movs	r2, #128	@ 0x80
20000690:	0112      	lsls	r2, r2, #4
20000692:	651a      	str	r2, [r3, #80]	@ 0x50
20000694:	e7c2      	b.n	2000061c <dcd_rp2040_irq+0x164>
20000696:	0039      	movs	r1, r7
20000698:	4069      	eors	r1, r5
2000069a:	4809      	ldr	r0, [pc, #36]	@ (200006c0 <dcd_rp2040_irq+0x208>)
2000069c:	f000 fa78 	bl	20000b90 <__panic_veneer>
200006a0:	50110000 	.word	0x50110000
200006a4:	40054000 	.word	0x40054000
200006a8:	20001738 	.word	0x20001738
200006ac:	20001740 	.word	0x20001740
200006b0:	20001d93 	.word	0x20001d93
200006b4:	50113000 	.word	0x50113000
200006b8:	50112000 	.word	0x50112000
200006bc:	50100000 	.word	0x50100000
200006c0:	1000948c 	.word	0x1000948c

200006c4 <prepare_ep_buffer>:
200006c4:	b5f8      	push	{r3, r4, r5, r6, r7, lr}
200006c6:	0004      	movs	r4, r0
200006c8:	000f      	movs	r7, r1
200006ca:	8a83      	ldrh	r3, [r0, #20]
200006cc:	8b02      	ldrh	r2, [r0, #24]
200006ce:	1c1e      	adds	r6, r3, #0
200006d0:	4293      	cmp	r3, r2
200006d2:	d900      	bls.n	200006d6 <prepare_ep_buffer+0x12>
200006d4:	1c16      	adds	r6, r2, #0
200006d6:	b2b6      	uxth	r6, r6
200006d8:	1b9b      	subs	r3, r3, r6
200006da:	82a3      	strh	r3, [r4, #20]
200006dc:	2280      	movs	r2, #128	@ 0x80
200006de:	00d2      	lsls	r2, r2, #3
200006e0:	4332      	orrs	r2, r6
200006e2:	78e3      	ldrb	r3, [r4, #3]
200006e4:	2b00      	cmp	r3, #0
200006e6:	d013      	beq.n	20000710 <prepare_ep_buffer+0x4c>
200006e8:	2580      	movs	r5, #128	@ 0x80
200006ea:	01ad      	lsls	r5, r5, #6
200006ec:	4315      	orrs	r5, r2
200006ee:	2201      	movs	r2, #1
200006f0:	4053      	eors	r3, r2
200006f2:	70e3      	strb	r3, [r4, #3]
200006f4:	7863      	ldrb	r3, [r4, #1]
200006f6:	2b00      	cmp	r3, #0
200006f8:	d00c      	beq.n	20000714 <prepare_ep_buffer+0x50>
200006fa:	8aa3      	ldrh	r3, [r4, #20]
200006fc:	2b00      	cmp	r3, #0
200006fe:	d102      	bne.n	20000706 <prepare_ep_buffer+0x42>
20000700:	2380      	movs	r3, #128	@ 0x80
20000702:	01db      	lsls	r3, r3, #7
20000704:	431d      	orrs	r5, r3
20000706:	2f00      	cmp	r7, #0
20000708:	d000      	beq.n	2000070c <prepare_ep_buffer+0x48>
2000070a:	042d      	lsls	r5, r5, #16
2000070c:	0028      	movs	r0, r5
2000070e:	bdf8      	pop	{r3, r4, r5, r6, r7, pc}
20000710:	2500      	movs	r5, #0
20000712:	e7eb      	b.n	200006ec <prepare_ep_buffer+0x28>
20000714:	68e0      	ldr	r0, [r4, #12]
20000716:	01bb      	lsls	r3, r7, #6
20000718:	18c0      	adds	r0, r0, r3
2000071a:	6921      	ldr	r1, [r4, #16]
2000071c:	0032      	movs	r2, r6
2000071e:	f000 fa57 	bl	20000bd0 <__unaligned_memcpy_veneer>
20000722:	6923      	ldr	r3, [r4, #16]
20000724:	199b      	adds	r3, r3, r6
20000726:	6123      	str	r3, [r4, #16]
20000728:	2380      	movs	r3, #128	@ 0x80
2000072a:	021b      	lsls	r3, r3, #8
2000072c:	431d      	orrs	r5, r3
2000072e:	e7e4      	b.n	200006fa <prepare_ep_buffer+0x36>

20000730 <e15_is_bulkin_ep>:
20000730:	4b09      	ldr	r3, [pc, #36]	@ (20000758 <e15_is_bulkin_ep+0x28>)
20000732:	6c1b      	ldr	r3, [r3, #64]	@ 0x40
20000734:	079b      	lsls	r3, r3, #30
20000736:	d40c      	bmi.n	20000752 <e15_is_bulkin_ep+0x22>
20000738:	7883      	ldrb	r3, [r0, #2]
2000073a:	09db      	lsrs	r3, r3, #7
2000073c:	2b01      	cmp	r3, #1
2000073e:	d001      	beq.n	20000744 <e15_is_bulkin_ep+0x14>
20000740:	2000      	movs	r0, #0
20000742:	e007      	b.n	20000754 <e15_is_bulkin_ep+0x24>
20000744:	7ec3      	ldrb	r3, [r0, #27]
20000746:	2b02      	cmp	r3, #2
20000748:	d001      	beq.n	2000074e <e15_is_bulkin_ep+0x1e>
2000074a:	2000      	movs	r0, #0
2000074c:	e002      	b.n	20000754 <e15_is_bulkin_ep+0x24>
2000074e:	2001      	movs	r0, #1
20000750:	e000      	b.n	20000754 <e15_is_bulkin_ep+0x24>
20000752:	2000      	movs	r0, #0
20000754:	4770      	bx	lr
20000756:	46c0      	nop			@ (mov r8, r8)
20000758:	50110000 	.word	0x50110000

2000075c <e15_is_critical_frame_period>:
2000075c:	b510      	push	{r4, lr}
2000075e:	f7ff ffe7 	bl	20000730 <e15_is_bulkin_ep>
20000762:	2800      	cmp	r0, #0
20000764:	d009      	beq.n	2000077a <e15_is_critical_frame_period+0x1e>
20000766:	4b06      	ldr	r3, [pc, #24]	@ (20000780 <e15_is_critical_frame_period+0x24>)
20000768:	6a9b      	ldr	r3, [r3, #40]	@ 0x28
2000076a:	4a06      	ldr	r2, [pc, #24]	@ (20000784 <e15_is_critical_frame_period+0x28>)
2000076c:	6812      	ldr	r2, [r2, #0]
2000076e:	1a9b      	subs	r3, r3, r2
20000770:	4a05      	ldr	r2, [pc, #20]	@ (20000788 <e15_is_critical_frame_period+0x2c>)
20000772:	4694      	mov	ip, r2
20000774:	4463      	add	r3, ip
20000776:	2bc6      	cmp	r3, #198	@ 0xc6
20000778:	d800      	bhi.n	2000077c <e15_is_critical_frame_period+0x20>
2000077a:	bd10      	pop	{r4, pc}
2000077c:	2000      	movs	r0, #0
2000077e:	e7fc      	b.n	2000077a <e15_is_critical_frame_period+0x1e>
20000780:	40054000 	.word	0x40054000
20000784:	20001738 	.word	0x20001738
20000788:	fffffce0 	.word	0xfffffce0

2000078c <sync_ep_buffer>:
2000078c:	b570      	push	{r4, r5, r6, lr}
2000078e:	0004      	movs	r4, r0
20000790:	6883      	ldr	r3, [r0, #8]
20000792:	681b      	ldr	r3, [r3, #0]
20000794:	2900      	cmp	r1, #0
20000796:	d000      	beq.n	2000079a <sync_ep_buffer+0xe>
20000798:	0c1b      	lsrs	r3, r3, #16
2000079a:	059d      	lsls	r5, r3, #22
2000079c:	0dad      	lsrs	r5, r5, #22
2000079e:	7862      	ldrb	r2, [r4, #1]
200007a0:	2a00      	cmp	r2, #0
200007a2:	d111      	bne.n	200007c8 <sync_ep_buffer+0x3c>
200007a4:	041b      	lsls	r3, r3, #16
200007a6:	d409      	bmi.n	200007bc <sync_ep_buffer+0x30>
200007a8:	8ae3      	ldrh	r3, [r4, #22]
200007aa:	195b      	adds	r3, r3, r5
200007ac:	82e3      	strh	r3, [r4, #22]
200007ae:	8b23      	ldrh	r3, [r4, #24]
200007b0:	42ab      	cmp	r3, r5
200007b2:	d901      	bls.n	200007b8 <sync_ep_buffer+0x2c>
200007b4:	2300      	movs	r3, #0
200007b6:	82a3      	strh	r3, [r4, #20]
200007b8:	0028      	movs	r0, r5
200007ba:	bd70      	pop	{r4, r5, r6, pc}
200007bc:	4b0d      	ldr	r3, [pc, #52]	@ (200007f4 <sync_ep_buffer+0x68>)
200007be:	4a0e      	ldr	r2, [pc, #56]	@ (200007f8 <sync_ep_buffer+0x6c>)
200007c0:	480e      	ldr	r0, [pc, #56]	@ (200007fc <sync_ep_buffer+0x70>)
200007c2:	21e8      	movs	r1, #232	@ 0xe8
200007c4:	f000 fa0c 	bl	20000be0 <____assert_func_veneer>
200007c8:	041b      	lsls	r3, r3, #16
200007ca:	d50d      	bpl.n	200007e8 <sync_ep_buffer+0x5c>
200007cc:	6920      	ldr	r0, [r4, #16]
200007ce:	68e3      	ldr	r3, [r4, #12]
200007d0:	0189      	lsls	r1, r1, #6
200007d2:	1859      	adds	r1, r3, r1
200007d4:	002a      	movs	r2, r5
200007d6:	f000 f9fb 	bl	20000bd0 <__unaligned_memcpy_veneer>
200007da:	8ae3      	ldrh	r3, [r4, #22]
200007dc:	195b      	adds	r3, r3, r5
200007de:	82e3      	strh	r3, [r4, #22]
200007e0:	6923      	ldr	r3, [r4, #16]
200007e2:	195b      	adds	r3, r3, r5
200007e4:	6123      	str	r3, [r4, #16]
200007e6:	e7e2      	b.n	200007ae <sync_ep_buffer+0x22>
200007e8:	4b05      	ldr	r3, [pc, #20]	@ (20000800 <sync_ep_buffer+0x74>)
200007ea:	4a03      	ldr	r2, [pc, #12]	@ (200007f8 <sync_ep_buffer+0x6c>)
200007ec:	4803      	ldr	r0, [pc, #12]	@ (200007fc <sync_ep_buffer+0x70>)
200007ee:	21ee      	movs	r1, #238	@ 0xee
200007f0:	f000 f9f6 	bl	20000be0 <____assert_func_veneer>
200007f4:	100094ac 	.word	0x100094ac
200007f8:	10009c18 	.word	0x10009c18
200007fc:	100094cc 	.word	0x100094cc
20000800:	10009528 	.word	0x10009528

20000804 <_hw_endpoint_xfer_sync>:
20000804:	b510      	push	{r4, lr}
20000806:	0004      	movs	r4, r0
20000808:	6883      	ldr	r3, [r0, #8]
2000080a:	681b      	ldr	r3, [r3, #0]
2000080c:	2100      	movs	r1, #0
2000080e:	f7ff ffbd 	bl	2000078c <sync_ep_buffer>
20000812:	6863      	ldr	r3, [r4, #4]
20000814:	681b      	ldr	r3, [r3, #0]
20000816:	005b      	lsls	r3, r3, #1
20000818:	d502      	bpl.n	20000820 <_hw_endpoint_xfer_sync+0x1c>
2000081a:	8b23      	ldrh	r3, [r4, #24]
2000081c:	4283      	cmp	r3, r0
2000081e:	d000      	beq.n	20000822 <_hw_endpoint_xfer_sync+0x1e>
20000820:	bd10      	pop	{r4, pc}
20000822:	2101      	movs	r1, #1
20000824:	0020      	movs	r0, r4
20000826:	f7ff ffb1 	bl	2000078c <sync_ep_buffer>
2000082a:	e7f9      	b.n	20000820 <_hw_endpoint_xfer_sync+0x1c>

2000082c <hw_endpoint_reset_transfer>:
2000082c:	2300      	movs	r3, #0
2000082e:	7683      	strb	r3, [r0, #26]
20000830:	8283      	strh	r3, [r0, #20]
20000832:	82c3      	strh	r3, [r0, #22]
20000834:	6103      	str	r3, [r0, #16]
20000836:	4770      	bx	lr

20000838 <_hw_endpoint_buffer_control_update32>:
20000838:	b510      	push	{r4, lr}
2000083a:	2900      	cmp	r1, #0
2000083c:	d002      	beq.n	20000844 <_hw_endpoint_buffer_control_update32+0xc>
2000083e:	6883      	ldr	r3, [r0, #8]
20000840:	681b      	ldr	r3, [r3, #0]
20000842:	4019      	ands	r1, r3
20000844:	2a00      	cmp	r2, #0
20000846:	d010      	beq.n	2000086a <_hw_endpoint_buffer_control_update32+0x32>
20000848:	4311      	orrs	r1, r2
2000084a:	0552      	lsls	r2, r2, #21
2000084c:	d50d      	bpl.n	2000086a <_hw_endpoint_buffer_control_update32+0x32>
2000084e:	6882      	ldr	r2, [r0, #8]
20000850:	6813      	ldr	r3, [r2, #0]
20000852:	055b      	lsls	r3, r3, #21
20000854:	d40c      	bmi.n	20000870 <_hw_endpoint_buffer_control_update32+0x38>
20000856:	4b08      	ldr	r3, [pc, #32]	@ (20000878 <_hw_endpoint_buffer_control_update32+0x40>)
20000858:	400b      	ands	r3, r1
2000085a:	6013      	str	r3, [r2, #0]
2000085c:	4b07      	ldr	r3, [pc, #28]	@ (2000087c <_hw_endpoint_buffer_control_update32+0x44>)
2000085e:	6c1b      	ldr	r3, [r3, #64]	@ 0x40
20000860:	079b      	lsls	r3, r3, #30
20000862:	d402      	bmi.n	2000086a <_hw_endpoint_buffer_control_update32+0x32>
20000864:	230c      	movs	r3, #12
20000866:	3b03      	subs	r3, #3
20000868:	d2fd      	bcs.n	20000866 <_hw_endpoint_buffer_control_update32+0x2e>
2000086a:	6883      	ldr	r3, [r0, #8]
2000086c:	6019      	str	r1, [r3, #0]
2000086e:	bd10      	pop	{r4, pc}
20000870:	7881      	ldrb	r1, [r0, #2]
20000872:	4803      	ldr	r0, [pc, #12]	@ (20000880 <_hw_endpoint_buffer_control_update32+0x48>)
20000874:	f000 f98c 	bl	20000b90 <__panic_veneer>
20000878:	fffffbff 	.word	0xfffffbff
2000087c:	50110000 	.word	0x50110000
20000880:	10009548 	.word	0x10009548

20000884 <hw_endpoint_start_next_buffer>:
20000884:	b570      	push	{r4, r5, r6, lr}
20000886:	0004      	movs	r4, r0
20000888:	6843      	ldr	r3, [r0, #4]
2000088a:	681e      	ldr	r6, [r3, #0]
2000088c:	2100      	movs	r1, #0
2000088e:	f7ff ff19 	bl	200006c4 <prepare_ep_buffer>
20000892:	2580      	movs	r5, #128	@ 0x80
20000894:	016d      	lsls	r5, r5, #5
20000896:	4305      	orrs	r5, r0
20000898:	4b19      	ldr	r3, [pc, #100]	@ (20000900 <hw_endpoint_start_next_buffer+0x7c>)
2000089a:	6c1b      	ldr	r3, [r3, #64]	@ 0x40
2000089c:	2202      	movs	r2, #2
2000089e:	0011      	movs	r1, r2
200008a0:	4019      	ands	r1, r3
200008a2:	421a      	tst	r2, r3
200008a4:	d104      	bne.n	200008b0 <hw_endpoint_start_next_buffer+0x2c>
200008a6:	78a3      	ldrb	r3, [r4, #2]
200008a8:	09db      	lsrs	r3, r3, #7
200008aa:	d017      	beq.n	200008dc <hw_endpoint_start_next_buffer+0x58>
200008ac:	2900      	cmp	r1, #0
200008ae:	d017      	beq.n	200008e0 <hw_endpoint_start_next_buffer+0x5c>
200008b0:	78a3      	ldrb	r3, [r4, #2]
200008b2:	065b      	lsls	r3, r3, #25
200008b4:	d116      	bne.n	200008e4 <hw_endpoint_start_next_buffer+0x60>
200008b6:	2300      	movs	r3, #0
200008b8:	8aa2      	ldrh	r2, [r4, #20]
200008ba:	2a00      	cmp	r2, #0
200008bc:	d001      	beq.n	200008c2 <hw_endpoint_start_next_buffer+0x3e>
200008be:	2b00      	cmp	r3, #0
200008c0:	d012      	beq.n	200008e8 <hw_endpoint_start_next_buffer+0x64>
200008c2:	4b10      	ldr	r3, [pc, #64]	@ (20000904 <hw_endpoint_start_next_buffer+0x80>)
200008c4:	401e      	ands	r6, r3
200008c6:	2380      	movs	r3, #128	@ 0x80
200008c8:	059b      	lsls	r3, r3, #22
200008ca:	4333      	orrs	r3, r6
200008cc:	6862      	ldr	r2, [r4, #4]
200008ce:	6013      	str	r3, [r2, #0]
200008d0:	002a      	movs	r2, r5
200008d2:	2100      	movs	r1, #0
200008d4:	0020      	movs	r0, r4
200008d6:	f7ff ffaf 	bl	20000838 <_hw_endpoint_buffer_control_update32>
200008da:	bd70      	pop	{r4, r5, r6, pc}
200008dc:	2301      	movs	r3, #1
200008de:	e7eb      	b.n	200008b8 <hw_endpoint_start_next_buffer+0x34>
200008e0:	2300      	movs	r3, #0
200008e2:	e7e9      	b.n	200008b8 <hw_endpoint_start_next_buffer+0x34>
200008e4:	2301      	movs	r3, #1
200008e6:	e7e7      	b.n	200008b8 <hw_endpoint_start_next_buffer+0x34>
200008e8:	2101      	movs	r1, #1
200008ea:	0020      	movs	r0, r4
200008ec:	f7ff feea 	bl	200006c4 <prepare_ep_buffer>
200008f0:	4305      	orrs	r5, r0
200008f2:	4a05      	ldr	r2, [pc, #20]	@ (20000908 <hw_endpoint_start_next_buffer+0x84>)
200008f4:	4032      	ands	r2, r6
200008f6:	23a0      	movs	r3, #160	@ 0xa0
200008f8:	05db      	lsls	r3, r3, #23
200008fa:	4313      	orrs	r3, r2
200008fc:	e7e6      	b.n	200008cc <hw_endpoint_start_next_buffer+0x48>
200008fe:	46c0      	nop			@ (mov r8, r8)
20000900:	50110000 	.word	0x50110000
20000904:	afffffff 	.word	0xafffffff
20000908:	dfffffff 	.word	0xdfffffff

2000090c <hw_endpoint_xfer_continue>:
2000090c:	b570      	push	{r4, r5, r6, lr}
2000090e:	0004      	movs	r4, r0
20000910:	7e85      	ldrb	r5, [r0, #26]
20000912:	2d00      	cmp	r5, #0
20000914:	d006      	beq.n	20000924 <hw_endpoint_xfer_continue+0x18>
20000916:	f7ff ff75 	bl	20000804 <_hw_endpoint_xfer_sync>
2000091a:	8aa3      	ldrh	r3, [r4, #20]
2000091c:	2b00      	cmp	r3, #0
2000091e:	d105      	bne.n	2000092c <hw_endpoint_xfer_continue+0x20>
20000920:	0028      	movs	r0, r5
20000922:	bd70      	pop	{r4, r5, r6, pc}
20000924:	7881      	ldrb	r1, [r0, #2]
20000926:	4808      	ldr	r0, [pc, #32]	@ (20000948 <hw_endpoint_xfer_continue+0x3c>)
20000928:	f000 f932 	bl	20000b90 <__panic_veneer>
2000092c:	0020      	movs	r0, r4
2000092e:	f7ff ff15 	bl	2000075c <e15_is_critical_frame_period>
20000932:	1e05      	subs	r5, r0, #0
20000934:	d003      	beq.n	2000093e <hw_endpoint_xfer_continue+0x32>
20000936:	2301      	movs	r3, #1
20000938:	7723      	strb	r3, [r4, #28]
2000093a:	2500      	movs	r5, #0
2000093c:	e7f0      	b.n	20000920 <hw_endpoint_xfer_continue+0x14>
2000093e:	0020      	movs	r0, r4
20000940:	f7ff ffa0 	bl	20000884 <hw_endpoint_start_next_buffer>
20000944:	e7ec      	b.n	20000920 <hw_endpoint_xfer_continue+0x14>
20000946:	46c0      	nop			@ (mov r8, r8)
20000948:	10009568 	.word	0x10009568

2000094c <dcd_event_handler>:
2000094c:	b570      	push	{r4, r5, r6, lr}
2000094e:	b084      	sub	sp, #16
20000950:	0006      	movs	r6, r0
20000952:	000d      	movs	r5, r1
20000954:	7843      	ldrb	r3, [r0, #1]
20000956:	2b06      	cmp	r3, #6
20000958:	d812      	bhi.n	20000980 <dcd_event_handler+0x34>
2000095a:	009b      	lsls	r3, r3, #2
2000095c:	4a72      	ldr	r2, [pc, #456]	@ (20000b28 <dcd_event_handler+0x1dc>)
2000095e:	58d3      	ldr	r3, [r2, r3]
20000960:	469f      	mov	pc, r3
20000962:	4b72      	ldr	r3, [pc, #456]	@ (20000b2c <dcd_event_handler+0x1e0>)
20000964:	781a      	ldrb	r2, [r3, #0]
20000966:	2101      	movs	r1, #1
20000968:	438a      	bics	r2, r1
2000096a:	701a      	strb	r2, [r3, #0]
2000096c:	781a      	ldrb	r2, [r3, #0]
2000096e:	3101      	adds	r1, #1
20000970:	438a      	bics	r2, r1
20000972:	701a      	strb	r2, [r3, #0]
20000974:	2200      	movs	r2, #0
20000976:	705a      	strb	r2, [r3, #1]
20000978:	781a      	ldrb	r2, [r3, #0]
2000097a:	3102      	adds	r1, #2
2000097c:	438a      	bics	r2, r1
2000097e:	701a      	strb	r2, [r3, #0]
20000980:	4b6b      	ldr	r3, [pc, #428]	@ (20000b30 <dcd_event_handler+0x1e4>)
20000982:	681c      	ldr	r4, [r3, #0]
20000984:	6962      	ldr	r2, [r4, #20]
20000986:	f3ef 8110 	mrs	r1, PRIMASK
2000098a:	b672      	cpsid	i
2000098c:	6813      	ldr	r3, [r2, #0]
2000098e:	2b00      	cmp	r3, #0
20000990:	d0fc      	beq.n	2000098c <dcd_event_handler+0x40>
20000992:	f3bf 8f5f 	dmb	sy
20000996:	61a1      	str	r1, [r4, #24]
20000998:	0031      	movs	r1, r6
2000099a:	0020      	movs	r0, r4
2000099c:	f000 f8d8 	bl	20000b50 <__tu_fifo_write_veneer>
200009a0:	6962      	ldr	r2, [r4, #20]
200009a2:	69a3      	ldr	r3, [r4, #24]
200009a4:	f3bf 8f5f 	dmb	sy
200009a8:	2100      	movs	r1, #0
200009aa:	6011      	str	r1, [r2, #0]
200009ac:	f383 8810 	msr	PRIMASK, r3
200009b0:	2800      	cmp	r0, #0
200009b2:	d100      	bne.n	200009b6 <dcd_event_handler+0x6a>
200009b4:	e0b0      	b.n	20000b18 <dcd_event_handler+0x1cc>
200009b6:	7830      	ldrb	r0, [r6, #0]
200009b8:	7871      	ldrb	r1, [r6, #1]
200009ba:	002a      	movs	r2, r5
200009bc:	f000 f918 	bl	20000bf0 <__tud_event_hook_cb_veneer>
200009c0:	b004      	add	sp, #16
200009c2:	bd70      	pop	{r4, r5, r6, pc}
200009c4:	4b59      	ldr	r3, [pc, #356]	@ (20000b2c <dcd_event_handler+0x1e0>)
200009c6:	781b      	ldrb	r3, [r3, #0]
200009c8:	07db      	lsls	r3, r3, #31
200009ca:	d5f9      	bpl.n	200009c0 <dcd_event_handler+0x74>
200009cc:	4a57      	ldr	r2, [pc, #348]	@ (20000b2c <dcd_event_handler+0x1e0>)
200009ce:	7813      	ldrb	r3, [r2, #0]
200009d0:	2104      	movs	r1, #4
200009d2:	430b      	orrs	r3, r1
200009d4:	7013      	strb	r3, [r2, #0]
200009d6:	e7d3      	b.n	20000980 <dcd_event_handler+0x34>
200009d8:	4b54      	ldr	r3, [pc, #336]	@ (20000b2c <dcd_event_handler+0x1e0>)
200009da:	781b      	ldrb	r3, [r3, #0]
200009dc:	07db      	lsls	r3, r3, #31
200009de:	d5ef      	bpl.n	200009c0 <dcd_event_handler+0x74>
200009e0:	4a52      	ldr	r2, [pc, #328]	@ (20000b2c <dcd_event_handler+0x1e0>)
200009e2:	7813      	ldrb	r3, [r2, #0]
200009e4:	2104      	movs	r1, #4
200009e6:	438b      	bics	r3, r1
200009e8:	7013      	strb	r3, [r2, #0]
200009ea:	e7c9      	b.n	20000980 <dcd_event_handler+0x34>
200009ec:	1a9b      	subs	r3, r3, r2
200009ee:	015b      	lsls	r3, r3, #5
200009f0:	4a50      	ldr	r2, [pc, #320]	@ (20000b34 <dcd_event_handler+0x1e8>)
200009f2:	189b      	adds	r3, r3, r2
200009f4:	69db      	ldr	r3, [r3, #28]
200009f6:	2b00      	cmp	r3, #0
200009f8:	d002      	beq.n	20000a00 <dcd_event_handler+0xb4>
200009fa:	7830      	ldrb	r0, [r6, #0]
200009fc:	6871      	ldr	r1, [r6, #4]
200009fe:	4798      	blx	r3
20000a00:	3401      	adds	r4, #1
20000a02:	b2e4      	uxtb	r4, r4
20000a04:	4b4c      	ldr	r3, [pc, #304]	@ (20000b38 <dcd_event_handler+0x1ec>)
20000a06:	781a      	ldrb	r2, [r3, #0]
20000a08:	0023      	movs	r3, r4
20000a0a:	1c51      	adds	r1, r2, #1
20000a0c:	42a1      	cmp	r1, r4
20000a0e:	db0a      	blt.n	20000a26 <dcd_event_handler+0xda>
20000a10:	42a2      	cmp	r2, r4
20000a12:	d9eb      	bls.n	200009ec <dcd_event_handler+0xa0>
20000a14:	4b49      	ldr	r3, [pc, #292]	@ (20000b3c <dcd_event_handler+0x1f0>)
20000a16:	681b      	ldr	r3, [r3, #0]
20000a18:	0162      	lsls	r2, r4, #5
20000a1a:	189b      	adds	r3, r3, r2
20000a1c:	2b00      	cmp	r3, #0
20000a1e:	d1e9      	bne.n	200009f4 <dcd_event_handler+0xa8>
20000a20:	e7ee      	b.n	20000a00 <dcd_event_handler+0xb4>
20000a22:	2400      	movs	r4, #0
20000a24:	e7ee      	b.n	20000a04 <dcd_event_handler+0xb8>
20000a26:	4b41      	ldr	r3, [pc, #260]	@ (20000b2c <dcd_event_handler+0x1e0>)
20000a28:	781b      	ldrb	r3, [r3, #0]
20000a2a:	075b      	lsls	r3, r3, #29
20000a2c:	d52e      	bpl.n	20000a8c <dcd_event_handler+0x140>
20000a2e:	4a3f      	ldr	r2, [pc, #252]	@ (20000b2c <dcd_event_handler+0x1e0>)
20000a30:	7813      	ldrb	r3, [r2, #0]
20000a32:	2104      	movs	r1, #4
20000a34:	438b      	bics	r3, r1
20000a36:	7013      	strb	r3, [r2, #0]
20000a38:	220c      	movs	r2, #12
20000a3a:	2100      	movs	r1, #0
20000a3c:	a801      	add	r0, sp, #4
20000a3e:	f000 f89f 	bl	20000b80 <____wrap_memset_veneer>
20000a42:	7833      	ldrb	r3, [r6, #0]
20000a44:	466a      	mov	r2, sp
20000a46:	7113      	strb	r3, [r2, #4]
20000a48:	2305      	movs	r3, #5
20000a4a:	7153      	strb	r3, [r2, #5]
20000a4c:	4b38      	ldr	r3, [pc, #224]	@ (20000b30 <dcd_event_handler+0x1e4>)
20000a4e:	681c      	ldr	r4, [r3, #0]
20000a50:	6962      	ldr	r2, [r4, #20]
20000a52:	f3ef 8110 	mrs	r1, PRIMASK
20000a56:	b672      	cpsid	i
20000a58:	6813      	ldr	r3, [r2, #0]
20000a5a:	2b00      	cmp	r3, #0
20000a5c:	d0fc      	beq.n	20000a58 <dcd_event_handler+0x10c>
20000a5e:	f3bf 8f5f 	dmb	sy
20000a62:	61a1      	str	r1, [r4, #24]
20000a64:	a901      	add	r1, sp, #4
20000a66:	0020      	movs	r0, r4
20000a68:	f000 f872 	bl	20000b50 <__tu_fifo_write_veneer>
20000a6c:	6962      	ldr	r2, [r4, #20]
20000a6e:	69a3      	ldr	r3, [r4, #24]
20000a70:	f3bf 8f5f 	dmb	sy
20000a74:	2100      	movs	r1, #0
20000a76:	6011      	str	r1, [r2, #0]
20000a78:	f383 8810 	msr	PRIMASK, r3
20000a7c:	2800      	cmp	r0, #0
20000a7e:	d037      	beq.n	20000af0 <dcd_event_handler+0x1a4>
20000a80:	ab01      	add	r3, sp, #4
20000a82:	7818      	ldrb	r0, [r3, #0]
20000a84:	7859      	ldrb	r1, [r3, #1]
20000a86:	002a      	movs	r2, r5
20000a88:	f000 f8b2 	bl	20000bf0 <__tud_event_hook_cb_veneer>
20000a8c:	4b27      	ldr	r3, [pc, #156]	@ (20000b2c <dcd_event_handler+0x1e0>)
20000a8e:	78db      	ldrb	r3, [r3, #3]
20000a90:	07db      	lsls	r3, r3, #31
20000a92:	d400      	bmi.n	20000a96 <dcd_event_handler+0x14a>
20000a94:	e794      	b.n	200009c0 <dcd_event_handler+0x74>
20000a96:	220c      	movs	r2, #12
20000a98:	2100      	movs	r1, #0
20000a9a:	a801      	add	r0, sp, #4
20000a9c:	f000 f870 	bl	20000b80 <____wrap_memset_veneer>
20000aa0:	7833      	ldrb	r3, [r6, #0]
20000aa2:	466a      	mov	r2, sp
20000aa4:	7113      	strb	r3, [r2, #4]
20000aa6:	2303      	movs	r3, #3
20000aa8:	7153      	strb	r3, [r2, #5]
20000aaa:	6873      	ldr	r3, [r6, #4]
20000aac:	9302      	str	r3, [sp, #8]
20000aae:	4b20      	ldr	r3, [pc, #128]	@ (20000b30 <dcd_event_handler+0x1e4>)
20000ab0:	681c      	ldr	r4, [r3, #0]
20000ab2:	6962      	ldr	r2, [r4, #20]
20000ab4:	f3ef 8110 	mrs	r1, PRIMASK
20000ab8:	b672      	cpsid	i
20000aba:	6813      	ldr	r3, [r2, #0]
20000abc:	2b00      	cmp	r3, #0
20000abe:	d0fc      	beq.n	20000aba <dcd_event_handler+0x16e>
20000ac0:	f3bf 8f5f 	dmb	sy
20000ac4:	61a1      	str	r1, [r4, #24]
20000ac6:	a901      	add	r1, sp, #4
20000ac8:	0020      	movs	r0, r4
20000aca:	f000 f841 	bl	20000b50 <__tu_fifo_write_veneer>
20000ace:	6962      	ldr	r2, [r4, #20]
20000ad0:	69a3      	ldr	r3, [r4, #24]
20000ad2:	f3bf 8f5f 	dmb	sy
20000ad6:	2100      	movs	r1, #0
20000ad8:	6011      	str	r1, [r2, #0]
20000ada:	f383 8810 	msr	PRIMASK, r3
20000ade:	2800      	cmp	r0, #0
20000ae0:	d00d      	beq.n	20000afe <dcd_event_handler+0x1b2>
20000ae2:	ab01      	add	r3, sp, #4
20000ae4:	7818      	ldrb	r0, [r3, #0]
20000ae6:	7859      	ldrb	r1, [r3, #1]
20000ae8:	002a      	movs	r2, r5
20000aea:	f000 f881 	bl	20000bf0 <__tud_event_hook_cb_veneer>
20000aee:	e767      	b.n	200009c0 <dcd_event_handler+0x74>
20000af0:	2266      	movs	r2, #102	@ 0x66
20000af2:	4913      	ldr	r1, [pc, #76]	@ (20000b40 <dcd_event_handler+0x1f4>)
20000af4:	4813      	ldr	r0, [pc, #76]	@ (20000b44 <dcd_event_handler+0x1f8>)
20000af6:	32ff      	adds	r2, #255	@ 0xff
20000af8:	f000 f83a 	bl	20000b70 <____wrap_printf_veneer>
20000afc:	e7c6      	b.n	20000a8c <dcd_event_handler+0x140>
20000afe:	2266      	movs	r2, #102	@ 0x66
20000b00:	490f      	ldr	r1, [pc, #60]	@ (20000b40 <dcd_event_handler+0x1f4>)
20000b02:	4810      	ldr	r0, [pc, #64]	@ (20000b44 <dcd_event_handler+0x1f8>)
20000b04:	32ff      	adds	r2, #255	@ 0xff
20000b06:	f000 f833 	bl	20000b70 <____wrap_printf_veneer>
20000b0a:	e759      	b.n	200009c0 <dcd_event_handler+0x74>
20000b0c:	4a0e      	ldr	r2, [pc, #56]	@ (20000b48 <dcd_event_handler+0x1fc>)
20000b0e:	7813      	ldrb	r3, [r2, #0]
20000b10:	3301      	adds	r3, #1
20000b12:	b2db      	uxtb	r3, r3
20000b14:	7013      	strb	r3, [r2, #0]
20000b16:	e733      	b.n	20000980 <dcd_event_handler+0x34>
20000b18:	2266      	movs	r2, #102	@ 0x66
20000b1a:	4909      	ldr	r1, [pc, #36]	@ (20000b40 <dcd_event_handler+0x1f4>)
20000b1c:	4809      	ldr	r0, [pc, #36]	@ (20000b44 <dcd_event_handler+0x1f8>)
20000b1e:	32ff      	adds	r2, #255	@ 0xff
20000b20:	f000 f826 	bl	20000b70 <____wrap_printf_veneer>
20000b24:	e74c      	b.n	200009c0 <dcd_event_handler+0x74>
20000b26:	46c0      	nop			@ (mov r8, r8)
20000b28:	10009c68 	.word	0x10009c68
20000b2c:	200011e4 	.word	0x200011e4
20000b30:	2000123c 	.word	0x2000123c
20000b34:	10009d88 	.word	0x10009d88
20000b38:	20001d92 	.word	0x20001d92
20000b3c:	20001034 	.word	0x20001034
20000b40:	10009d04 	.word	0x10009d04
20000b44:	100095c8 	.word	0x100095c8
20000b48:	20001d94 	.word	0x20001d94

20000b4c <__aeabi_idiv0>:
20000b4c:	4770      	bx	lr
20000b4e:	46c0      	nop			@ (mov r8, r8)

20000b50 <__tu_fifo_write_veneer>:
20000b50:	b401      	push	{r0}
20000b52:	4802      	ldr	r0, [pc, #8]	@ (20000b5c <__tu_fifo_write_veneer+0xc>)
20000b54:	4684      	mov	ip, r0
20000b56:	bc01      	pop	{r0}
20000b58:	4760      	bx	ip
20000b5a:	bf00      	nop
20000b5c:	1000812d 	.word	0x1000812d

20000b60 <__best_effort_wfe_or_timeout_veneer>:
20000b60:	b401      	push	{r0}
20000b62:	4802      	ldr	r0, [pc, #8]	@ (20000b6c <__best_effort_wfe_or_timeout_veneer+0xc>)
20000b64:	4684      	mov	ip, r0
20000b66:	bc01      	pop	{r0}
20000b68:	4760      	bx	ip
20000b6a:	bf00      	nop
20000b6c:	10001a21 	.word	0x10001a21

20000b70 <____wrap_printf_veneer>:
20000b70:	b401      	push	{r0}
20000b72:	4802      	ldr	r0, [pc, #8]	@ (20000b7c <____wrap_printf_veneer+0xc>)
20000b74:	4684      	mov	ip, r0
20000b76:	bc01      	pop	{r0}
20000b78:	4760      	bx	ip
20000b7a:	bf00      	nop
20000b7c:	1000526d 	.word	0x1000526d

20000b80 <____wrap_memset_veneer>:
20000b80:	b401      	push	{r0}
20000b82:	4802      	ldr	r0, [pc, #8]	@ (20000b8c <____wrap_memset_veneer+0xc>)
20000b84:	4684      	mov	ip, r0
20000b86:	bc01      	pop	{r0}
20000b88:	4760      	bx	ip
20000b8a:	bf00      	nop
20000b8c:	10003db1 	.word	0x10003db1

20000b90 <__panic_veneer>:
20000b90:	b401      	push	{r0}
20000b92:	4802      	ldr	r0, [pc, #8]	@ (20000b9c <__panic_veneer+0xc>)
20000b94:	4684      	mov	ip, r0
20000b96:	bc01      	pop	{r0}
20000b98:	4760      	bx	ip
20000b9a:	bf00      	nop
20000b9c:	10000add 	.word	0x10000add

20000ba0 <____wrap___aeabi_lmul_veneer>:
20000ba0:	b401      	push	{r0}
20000ba2:	4802      	ldr	r0, [pc, #8]	@ (20000bac <____wrap___aeabi_lmul_veneer+0xc>)
20000ba4:	4684      	mov	ip, r0
20000ba6:	bc01      	pop	{r0}
20000ba8:	4760      	bx	ip
20000baa:	bf00      	nop
20000bac:	10003b51 	.word	0x10003b51

20000bb0 <__rp2040_chip_version_veneer>:
20000bb0:	b401      	push	{r0}
20000bb2:	4802      	ldr	r0, [pc, #8]	@ (20000bbc <__rp2040_chip_version_veneer+0xc>)
20000bb4:	4684      	mov	ip, r0
20000bb6:	bc01      	pop	{r0}
20000bb8:	4760      	bx	ip
20000bba:	bf00      	nop
20000bbc:	10000a89 	.word	0x10000a89

20000bc0 <__time_us_64_veneer>:
20000bc0:	b401      	push	{r0}
20000bc2:	4802      	ldr	r0, [pc, #8]	@ (20000bcc <__time_us_64_veneer+0xc>)
20000bc4:	4684      	mov	ip, r0
20000bc6:	bc01      	pop	{r0}
20000bc8:	4760      	bx	ip
20000bca:	bf00      	nop
20000bcc:	10001c05 	.word	0x10001c05

20000bd0 <__unaligned_memcpy_veneer>:
20000bd0:	b401      	push	{r0}
20000bd2:	4802      	ldr	r0, [pc, #8]	@ (20000bdc <__unaligned_memcpy_veneer+0xc>)
20000bd4:	4684      	mov	ip, r0
20000bd6:	bc01      	pop	{r0}
20000bd8:	4760      	bx	ip
20000bda:	bf00      	nop
20000bdc:	10005ecd 	.word	0x10005ecd

20000be0 <____assert_func_veneer>:
20000be0:	b401      	push	{r0}
20000be2:	4802      	ldr	r0, [pc, #8]	@ (20000bec <____assert_func_veneer+0xc>)
20000be4:	4684      	mov	ip, r0
20000be6:	bc01      	pop	{r0}
20000be8:	4760      	bx	ip
20000bea:	bf00      	nop
20000bec:	10004f8d 	.word	0x10004f8d

20000bf0 <__tud_event_hook_cb_veneer>:
20000bf0:	b401      	push	{r0}
20000bf2:	4802      	ldr	r0, [pc, #8]	@ (20000bfc <__tud_event_hook_cb_veneer+0xc>)
20000bf4:	4684      	mov	ip, r0
20000bf6:	bc01      	pop	{r0}
20000bf8:	4760      	bx	ip
20000bfa:	bf00      	nop
20000bfc:	100061e1 	.word	0x100061e1

20000c00 <striped_spin_lock_num>:
20000c00:	00000010                                ....

20000c04 <irq_handler_chain_slots>:
20000c04:	00000000 	.word	0x00000000
20000c08:	00010000 	.word	0x00010000
	...
20000c14:	00020000 	.word	0x00020000
	...
20000c20:	00030000 	.word	0x00030000
	...
20000c2c:	00ff0000 	.word	0x00ff0000
20000c30:	00000000 	.word	0x00000000

20000c34 <irq_handler_chain_first_slot>:
20000c34:	b501      	push	{r0, lr}
20000c36:	6848      	ldr	r0, [r1, #4]
20000c38:	3101      	adds	r1, #1
20000c3a:	468e      	mov	lr, r1
20000c3c:	4700      	bx	r0

20000c3e <irq_handler_chain_remove_tail>:
20000c3e:	4670      	mov	r0, lr
20000c40:	3809      	subs	r0, #9
20000c42:	4901      	ldr	r1, [pc, #4]	@ (20000c48 <irq_handler_chain_remove_tail+0xa>)
20000c44:	4788      	blx	r1
20000c46:	bd01      	pop	{r0, pc}
20000c48:	1000119d 	.word	0x1000119d

20000c4c <default_alarm_pool>:
	...
20000c60:	20000cf8 00000000 00000000 00000000     ... ............

20000c70 <aeabi_bits_funcs>:
20000c70:	00003350 	.word	0x00003350
20000c74:	0000334c 	.word	0x0000334c
20000c78:	00003354 	.word	0x00003354
20000c7c:	00003352 	.word	0x00003352

20000c80 <aeabi_bits_funcs_end>:
20000c80:	0000534d 	.word	0x0000534d
20000c84:	0000434d 	.word	0x0000434d
20000c88:	00003453 	.word	0x00003453
20000c8c:	00003443 	.word	0x00003443

20000c90 <stdio_uart>:
20000c90:	10005309 100053ad 10005329 100053bd     .S...S..)S...S..
20000ca0:	00000000 00000100                       ........

20000ca8 <stdio_usb>:
20000ca8:	1000595d 100055f5 100058c5 100055e1     ]Y...U...X...U..
20000cb8:	00000000 00000100                       ........

20000cc0 <_usbd_qdef>:
20000cc0:	20001240 000c0010 00000000 00000000     @.. ............
	...

20000cdc <_usbd_rhport>:
20000cdc:	000000ff                                ....

20000ce0 <i2c1_inst>:
20000ce0:	40048000 00000000                       ...@....

20000ce8 <i2c0_inst>:
20000ce8:	40044000 00000000                       .@.@....

20000cf0 <print_mutex>:
	...
