:020000041000EA
:1000000000B5324B212058609868022188439860DF
:10001000D860186158612E4B002199600221596106
:100020000121F02299502B49196001219960352056
:1000300000F044F80222904214D00621196600F024
:1000400034F8196E01211966002018661A6600F04E
:100050002CF8196E196E196E052000F02FF8012189
:100060000842F9D1002199601B49196000215960AB
:100070001A491B48016001219960EB211966A021F2
:10008000196600F012F800219960164914480160C1
:100090000121996001BC002800D000471248134993
:1000A000086003C880F30888084703B5996A0420EC
:1000B0000142FBD001200142F8D103BD02B5186610
:1000C0001866FFF7F2FF186E186E02BD00000240BE
:1000D000000000180000070000035F00212200005C
:1000E000F4000018222000A00001001008ED00E03C
:1000F00000000000000000000000000074B24E7A12
:1001000000200420F7010010CB010010CD010010E9
:10011000C9010010C9010010C9010010C901001077
:10012000C9010010C9010010C9010010CF01001061
:10013000C9010010C9010010D1010010D301001045
:10014000C1010010C1010010C1010010C101001067
:10015000C1010010C1010010C1010010C101001057
:10016000C1010010C1010010C1010010C101001047
:10017000C1010010C1010010C1010010C101001037
:10018000C1010010C1010010C1010010C101001027
:10019000C1010010C1010010C1010010C101001017
:1001A000C1010010C1010010C1010010C101001007
:1001B000C1010010C1010010C1010010C1010010F7
:1001C000EFF30580103800BE00BE00BE00BE00BECA
:1001D00000BE00BEF2EB887184D80010B0D80010C9
:1001E0003802001090A31AE71E481F49086006C88D
:1001F00081F3088810471D480068002801D019487D
:10020000F3E70DA40ECC002902D000F012F8F9E7B4
:100210001749184A002000E001C19142FCD116495B
:100220008847164988471649884700BEFDE701C937
:1002300001C29A42FBD37047B0D80010C000002022
:100240004C2600203CFE001000000420000004208A
:100250003CFE0010001004200010042000000000EC
:10026000704700000000000008ED00E0000000D032
:100270004C26002084390020516E0010210300100C
:10028000496E0010F8B5C0460448054B10B58342CE
:1002900003D0044B002B00D0984710BD4C26002003
:1002A0004C2600200000000006480749091A8B1060
:1002B000C90FC91810B5491003D0044B002B00D04A
:1002C000984710BD4C2600204C260020000000005E
:1002D00010B5074C2378002B09D1FFF7D5FF054B4C
:1002E000002B02D0044800E000BF0123237010BDA2
:1002F000D829002000000000B0C70010054B10B541
:10030000002B03D00449054800E000BFFFF7CCFFF5
:1003100010BDC04600000000DC290020B0C700105E
:10032000FA2000B58000BBB002F09AFC06F0C2FED5
:10033000192001F017FDD02380221B0692045A6277
:100340000D485A6102F08CFC0C4806F007FF0C487F
:1003500006F004FF684600F043F9684600F062F9D1
:10036000084806F0FBFE684600F060F9684600F0B9
:100370003DF900203BB000BD88130000B0C700105D
:10038000D0C70010ECC70010F0B54E464546DE461B
:100390005746AA23E0B5854D0600EB5C0C0083B000
:1003A000002B42D06B6F98468823EB5899468023E8
:1003B000E8580433EB58011C9A4605F03EF85146C4
:1003C000071C504605F039F8011C381C05F01EF8D2
:1003D0004946071C484605F030F8011C381C05F05A
:1003E00015F805F0A3F8724B01909A461B68404639
:1003F000191C9B4605F007F8071C0A2C0BD86D4BFF
:10040000A4001B599F460121280001F01FFC022176
:10041000280001F01BFC684C4346236003B0F0BC8D
:10042000BB46B246A946A046F0BD0A2100F0EAF953
:10043000F4E7624B1A78002A00D18FE05E4C404608
:10044000216804F0E0FF40005D49400805F024F811
:10045000002800D1A5E05B4A136801331360132B19
:10046000DADD0121300000F0CDF9D5E7019C5649D5
:10047000201C05F01FF8002814D05449201C05F05A
:100480000BF800280ED05249584604F0D6FF5149C7
:10049000041C404604F0D1FF011C201C04F0B6FFF0
:1004A000534618600022474B022130001A6000F0CA
:1004B000A9F9414CB0E70021484604F0FBFF0028B1
:1004C00064D08021381CC90504F0F4FF00285DD0F9
:1004D0003C4A136801331360042B9CDD0321300078
:1004E00000F090F9344C97E7334C4146206804F013
:1004F000D3FF002890D00421300000F083F98BE76F
:10050000354D011C2C68201C04F0C6FF002801D0CA
:100510002F603C1C391C201C04F075FF002104F0E6
:10052000C1FF002800D176E70621300000F06AF90B
:10053000214C71E7294C2378002B2BD00821300067
:1005400000F060F91C4C67E700221E4B1A4C1A6041
:1005500062E7280001F08CFB174C5DE751464046EE
:100560000126184D144C08602A6021681E7004F0A2
:100570004AFF40001249400804F08EFF002812D1C3
:10058000534642461A6000232B6045E70D4B0A4C48
:10059000186041E70121280001F058FB0123237076
:1005A000CCE7084DECE72E6036E7C04674380020F3
:1005B000042D002010CD0010002D002079390020DE
:1005C000CDCC4C3E082D00206666663FCDCC8C3FDE
:1005D00048E17A3F0AD7A33C142000207A39002052
:1005E00010B5040000F02EF8200010BDD02310B587
:1005F0000400C05823002200D833D032984203D0E0
:100600009168013105F034F8B823E0582300220046
:10061000C033B832984203D09168013105F028F810
:10062000200010BD10B506F045FD10BD10B500F05E
:1006300021F810BD10B5024800F0C6FE10BDC0463E
:100640007438002070B504002500261D00F0D6F88F
:100650000C35300001F016FB280000F0B5FE30002C
:10066000034901F013FB280000F02AFF200070BDB1
:10067000881300000023F0B54E464546994698463B
:100680000C339C465746DE4684446346E0B58FB043
:1006900004930AAB9A46B8239B4607000025554BA6
:1006A00008AE0593031D0193534B8344039302F05B
:1006B00081FB00292ED0FA220023920002F0E0FFF5
:1006C00043460400E31A092B2DD8631B632B31D852
:1006D0004B46E31A632BEAD9019801F0FDFA002892
:1006E00070D1380000F090F80A2802D0019801F08B
:1006F000E1FA380000F088F80A2806D8039B800049
:100700001B589F46380000F0B1F8A14602F052FB9A
:100710000029D0D1FA21890002F074FF4346040079
:10072000E31A092BD1D9049801F05EF9A046631BA6
:10073000632BCDD953463360B823FB5802935B46F5
:100740005D6807950F2D46D8012D40D1029B1B787F
:10075000337252460023756053553168059806F090
:1007600085FD3068504503D0B168013104F080FF49
:100770002500ADE7380000F073F8A146C6E7380061
:1007800000F068F8A146C1E7380000F05DF8A14626
:10079000BCE7380000F052F8A146B7E7380000F097
:1007A00047F8A146B2E7380000F03CF8A146ADE7B3
:1007B000380000F02BF8A146A8E7380000F02CF82C
:1007C000A146A3E70A21380000F01CF889E7002DB4
:1007D000BFD0504607E00022300007A909F058FCBE
:1007E000079B3060B3602A00029904F033FF079D35
:1007F0003268AFE71CC800103CCD00100023036036
:100800007047C046016070470068704710B50168C6
:10081000FFF7BAFD10BDC04610B50168FFF7B4FD83
:1008200010BDC04610B50168FFF7AEFD10BDC04653
:1008300010B50168FFF7A8FD10BDC04610B50168EE
:10084000FFF7A2FD10BDC04610B50168FFF79CFD83
:1008500010BDC04610B50168FFF796FD10BDC0463B
:1008600010B50168FFF790FD10BDC04610B50168D6
:10087000FFF78AFD10BDC04600230362024B0160F2
:10088000027143627047C04600507D440F228823A6
:1008900030B58BB06A441370873B0400017900685F
:1008A000009309F013FB002304AD217920682A008E
:1008B0000093183309F014FB2B88E3806B882381A5
:1008C000AB886381EB88A3812B89E3816B892382C9
:1008D000AB896382EB89A3822B8AE3826B8A2383B1
:1008E000AB8A6383EB8AA3830BB030BD70B50E0077
:1008F000150084B019000400006809F0BFFA032154
:10090000300001F001FA2800032101F0FDF9002276
:100910000121300001F012FA28000022012101F02B
:100920000DFA0B22D0236A441370CF3B2179206843
:100930000A25009309F0CAFA00236D442A002179A0
:1009400020680093013309F0CBFA2B780025582B4F
:1009500002D0280004B070BD2000FFF797FF054BC0
:1009600003AA1380217920680223009509F0AEFACA
:100970000135EEE7F42700000F22F72330B587B0EA
:100980006A441370F63B040001790068009309F093
:100990009DFA002304AD21792A00206800930633D4
:1009A00009F09EFAEB782A79697912011B03134347
:1009B0000909E28819431B099B1A5B435200C910BD
:1009C000891A0820225E1B134A430A20215ED21294
:1009D0004B439B13D3189800C01880302362001239
:1009E00004F072FD024904F014FD07B030BDC046AA
:1009F0000000C842F0B5DE46454657464E46E0B5D3
:100A000091B00AAB9C460F22F72362441370012376
:100A10008046059101790068009309F057FA434632
:100A20001979186800230EAC22000093063309F0F0
:100A300057FA23780893617809914146A0780A9083
:100A4000E37822791B03120113436279C9881209E2
:100A50001A431B095B1AD2104900521A41465B43E4
:100A600008240E5F1B1356430A240A5FF6125343F1
:100A70009B13F6186C4B0E629C466644F7173200C7
:100A80003B003000390004F0A1FC43464246834657
:100A90001624185F8946029014241B5F06931225C2
:100AA000545F3B0007940E25505F3200C11704F0DD
:100AB0008DFC4246030D0D031D434B4604031020DD
:100AC000105E5A46C1170B9304F080FC0A06944648
:100AD000020A60460B12024312196B418025100076
:100AE0001900002442462D02928900196941002311
:100AF00004F06CFC4A109246CA1791465246494689
:100B00000A4300D18EE002985A460B9BC11704F0AD
:100B10005DFC0290069832003B000391C11704F07F
:100B200055FCC30B4D0409991D434404029A039BD1
:100B3000A4185D410B0180210A984903020913435F
:100B4000089A12031343C91ACE17F3070026480860
:100B5000CA0707990343CF0036196F41921BBB4167
:100B600010001900314A002304F030FC52464B4675
:100B700002F06EFDCB04460B1E43434604001C20CE
:100B8000185E4F130D0032003B00C11704F01EFC2D
:100B900032003B0004F01AFCCE01420E32434B16E9
:100BA00012196B411F0043461A20185E16002B00D5
:100BB0002200C11704F00AFC4C03C20C2243CB14E0
:100BC00092197B4119061D124346140A18229B5E96
:100BD0000C43DE171A0F3101114318010019694146
:100BE00004F06DFC124904F014FC059904F011FCAA
:100BF00004F092FC80220F4B920503F0F7FB0200F9
:100C00000B0000200C4902F044FF00220B4B02F0C5
:100C100070FF03F02DF811B0F0BCBB46B246A946F8
:100C2000A046F0BD0020E0E7000CFEFF350C000000
:100C30000000C846C05BC83F0000F03F40A5E5404B
:100C40000160704710B504000421006801F05CF8F1
:100C500023681F2B0FD81B075B0F9A006360D31804
:100C6000074A9B009A18116801228A4305498C465D
:100C700063441A6010BD5B079B0F0833EDE7C04665
:100C80000000054000100540F8B54746CE46012358
:100C900080B590C8BD00274A1C40EB199B009E18E8
:100CA00000290FD1244A013C9446E4033268E40B46
:100CB00064441440214A944663441C60C0BCB94655
:100CC000B046F8BD1E4810230904814217D91D4AB9
:100CD000ED199446AD0065446B601B4B80212B6180
:100CE000002C09D1090232684A4013408022520187
:100CF000944666443360E1E70F4B0906F3E702F0E0
:100D000081FC04F0DCFB814604F000FCC3B2180057
:100D1000984604F0D9FB011C484604F074FB83217B
:100D2000C90504F08AFB04F0F1FB4246C3B212018C
:100D30001343CCE70C0005400000FFFF0C100540FA
:100D40004059730700000540FFFF000043689A0008
:100D5000D218094B9200D1180368012003400748BC
:100D6000013B8446DB030968DB0B63440B40044909
:100D70008C466244136070470C0005400000FFFF82
:100D80000C100540F0B54546DE4657464E46E0B5E8
:100D90008FB003AD2A00454B804613CB13C213CB53
:100DA00013C213CB13C203CB03C2012393469A464B
:100DB00012E03F4A013C94464A46E4031268E40BC1
:100DC000644414403B4A6888944663441C6004357C
:100DD00001F046FF5D4548D04346374A90CB534625
:100DE0009146BE001C402988F3199B0099440029B4
:100DF000DFD0324B1020090499421AD8180002F0B3
:100E000001FC04F05CFB009004F080FBC3B218000E
:100E1000019304F059FB011C009804F0F4FA8321BB
:100E2000C90504F00AFB04F071FB019BC0B21B0171
:100E30001843234BF619B600F3181860214B224AC9
:100E40009C46664480213260002C2CD109024B461E
:100E50001B6868884B401A4080235B014B441A6032
:100E6000043501F0FDFE5D45B6D143465B680120C7
:100E70009A00D218104B9200D11843461B6809689B
:100E800003400B48013B8446DB03DB0B63440B4010
:100E900008498C46624413600FB0F0BCBB46B246B2
:100EA000A946A046F0BD024A0906D0E768CD001069
:100EB0000000FFFF0C1005400C000540405973076F
:100EC0000400054010000540FFFF00000160426083
:100ED0007047C04670B50D0003C8140001F0B8FF9C
:100EE0002800022100F010FF0221200000F00CFF7A
:100EF00070BDC0460D230160037170470C2330B5EF
:100F00000025040085B002AAFF3313800A3B017953
:100F1000FF3B0068009508F0D9FF064B03AA138039
:100F2000217920680223009508F0D0FF012005B048
:100F300030BDC046091D0000F0B5CE4647461E0034
:100F4000002380B517000F22994687B06A441370BA
:100F500001330400884601790068009308F0B6FF69
:100F60004B4604AD2A00217920680093063308F02F
:100F7000B7FF42462B8813806B883B80AB88338059
:100F800007B0C0BCB946B046F0BDC0460F2270B530
:100F900000250123040086B06A44157001790068B9
:100FA000009308F093FF04AA217920680623009596
:100FB00008F096FF6B461020185E6B4612269E5F67
:100FC00004F082FA04F0A8FA04000D00300004F0E6
:100FD0007BFA04F0A1FA22002B0002F055FE002259
:100FE0000B4B02F086FD0B4A0B4B02F064FD02F046
:100FF0003FFE0021041C04F04FFA002804D0201CFE
:10100000064904F003FA041C201C06B070BDC0465B
:1010100000806640182D4454FB2109400000B44371
:1010200068230160037170476B2300B585B003AA84
:1010300013800023017900680093023308F046FF13
:10104000012005B000BDC046F0B5C64616000F220F
:1010500098463B2300B588B06A4413703A3B0F00B2
:10106000050001790068009308F030FF002304AC0C
:1010700022002979286800930E3308F031FF208878
:10108000C0BA04F021FAE221890504F0D6F93860EB
:101090006088C0BA04F018FAE221890504F0CDF99D
:1010A0007860A088C0BA04F00FFAE221890504F044
:1010B000C4F9B860E088C0BA04F006FA114904F037
:1010C000A8F9114904F0A2F9434618602089C0BA72
:1010D00004F0FAF90D4904F09CF930606089C0BA57
:1010E00004F0F2F9094904F094F97060A089C0BADB
:1010F00004F0EAF9054904F08CF9B06008B080BC4E
:10110000B846F0BD5CEFA6430000A84100000343D1
:10111000016042608360704710B50400406800F0D1
:1011200021FEA06800F01EFE012319006268A0687D
:101130009140D02283401206516253625161936103
:1011400010BDC04670B50125040043682800D026B4
:1011500098403606B06120680BF0B2FA2A00636846
:101160000F209A4072612A00A36800219A407261A0
:1011700001F062FDA3689D40B56170BD8360009B76
:101180000160C360019B42600361002303757047E7
:10119000F0B50400012585B02049006808F0AAFEDA
:1011A0000121606800F0B0FD0121A06800F0ACFDF5
:1011B0000121E06800F0A8FD206900F0D3FD2A00BD
:1011C0002369D0269A40360672621548726105F08E
:1011D000C5FF2A00236902A99A40124BB2611A681E
:1011E00002929B8806228B8020680BF069FA6B467E
:1011F000DF1D3A000123FF2120680BF0F1F923697C
:101200009D4075613878012806D0FF384342584127
:10121000C0B2207505B0F0BD0120FAE740420F00D2
:1012200028C8001094CD0010F0B557464E464546EC
:10123000DE46E0B5037D8A46160098468FB0002B47
:1012400007D140460FB0F0BCBB46B246A946A04607
:10125000F0BD04AB0293002302AA137271683268D6
:101260000393881AC01083001B181C011B191C0251
:101270001B191C041B195B001B188A426BD04149C7
:1012800000240191404900278B46B1460AAD3DE05C
:10129000202202AB9B18711C08A81F7008F070FF79
:1012A000099B3A4AD31AB34269D33200009908A87D
:1012B00008F096FF099B354A934260D001225946B7
:1012C00008A808F08DFF0398304B099A08991B1A5B
:1012D0009A4254D802A808F083FF0898A84203D085
:1012E0000A99013104F0C4F94B461A68596801346F
:1012F000891AC9108B005B1818011B1818021B18DB
:1013000018041B185B005B189C4220D2610009196D
:10131000C90052181168013B566800910895099759
:10132000A342B5D1202202AB9B18310008A81F7040
:1013300008F026FF099A154B9B1A9E421FD83200CF
:10134000009908A808F04CFF00220199B8E70F4B5C
:10135000039A9A4213D001220D4902A808F040FFD7
:1013600053460C48196805F081FF029804AB984277
:1013700000D166E70499013104F07AF961E7064883
:1013800008F06EFEFCC9001054C80010FFFFFF3FBC
:10139000D0C8001070C8001058C80010F8B5067DFD
:1013A0000400002E0ED0012529000369D0279940A2
:1013B0003F06B96100680ACA1A000BF081F9236977
:1013C0009D407D613000F8BDF0B50400364B374DCF
:1013D00083B00380762229000430FFF74DFA200005
:1013E00029002C30FFF786FD200029003430FFF75C
:1013F00017FE200096222E4992013C30FFF766FD31
:101400000D2320002B4D0193013B290000930E2258
:1014100003334430FFF7B2FE200010230D222900D1
:101420005C30FFF775FE200006216830FFF708FCEE
:1014300019238022236700236367A367E367A35010
:101440000432A3500432A3500432A3500432A350F8
:101450000432A3500432A3500432A3500432A350E8
:101460000023002520000432A3500432A352AA33E3
:10147000E554B4300233E05027000F49A43A04F099
:10148000E9F80426B8232000AC377E60CC30E55460
:101490000C33E0500422094904F0DCF8D02320008A
:1014A000FE61E55403B0F0BD14150000F0200020EB
:1014B000004003400000044094C800109CC8001085
:1014C000F0B5DE464E46454657460400E0B50125D8
:1014D000A5B0C84805F042FE207800F043FC2A0081
:1014E0002378D0269A40360672622A002378271D78
:1014F0009A40B261607800F035FC2A006378206F72
:101500009A4072622A0063789A40B26100F02AFC25
:101510002A00236FFA209A4040007262726101F043
:101520009FFB236FB44A9D40B5612600B34DB44B79
:101530006836B4492800904605F098FE3000FFF761
:1015400081FB3000FFF77EFBFA213222C900300018
:10155000FFF79AFB322001F083FB3000FFF7F6FB28
:10156000322001F07DFBFA213222C9003000FFF762
:101570008BFB322001F074FB3000FFF7E7FB3220D9
:1015800001F06EFB4246A04BA049280005F06EFE1C
:101590000322022138009E4BFFF7A8F9A4239D499E
:1015A000E05438009946FFF725FA03F0B5FF9A4F4B
:1015B000009001913A00202107A805F0E7FB4B4677
:1015C000E35C4246002B00D1944A2700944907ABC4
:1015D0002C37280005F04AFE3800FFF78FFCA523C2
:1015E000E05438009946FFF7D1FC03F095FF8D4F8A
:1015F000009001913A0020210FA805F0C7FB4B464F
:10160000E35C4246002B00D1844A0FAB8649280098
:1016100005F02CFE20003430FFF706FDA6234246DD
:10162000E054002800D17D4A2700804B80492800E3
:10163000443705F01BFE3800FFF7AAFDA7234246FA
:10164000E054002800D1754A7A4B7B49280005F008
:101650000DFE2000012200213C30FFF73BFC01235E
:1016600099464A46A7337549E25428004246744BCE
:1016700005F0FCFD20005C30FFF74EFDA9234A4633
:101680002800E2546F49704B424605F0EFFDA42359
:10169000E35C002B03D0A523E35C002B09D16B484E
:1016A00005F05CFD25B0F0BCBB46B246A946A0469D
:1016B000F0BDA623E35C002BF1D0A723E35C002B55
:1016C000EDD0AA234A466249E25417A8333203F008
:1016D000C1FF002200239C200492059300234000B8
:1016E000069303F0BDFF9C235B009B4683445B464F
:1016F000069317AB04009A4604900EE0012831D1FE
:101700004A4612782272002241466360CA5404237A
:101710009C461834E244A34527D053461B6899469B
:1017200008239846A044434623604B46002B5DD0D7
:1017300048460AF00FFD0500030003900F28DDD98D
:101740000022200003A908F0A3FC8046039B206030
:10175000A3602A004046494603F07CFF2268039BB1
:101760009046D0E70028CED0F3E75B4619AC2100C5
:101770000593384B179421CB21C11B8838000B806F
:101780000A236E2118936B465B181A7017A904AAD6
:10179000FFF74AFD1798A04203D01999013103F0D1
:1017A00067FF2D4805F0DAFC3000FFF7EBFA049CE8
:1017B000059DAC420CD0230020680833984210D01D
:1017C000A1681834013103F053FFA542F3D1049D01
:1017D000002D00D166E706992800491B03F048FF59
:1017E00060E71834A542E6D1049DF1E71B4808F0F4
:1017F0001FFCC046D4C80010A4C80010B4C8001014
:10180000FCC8001004C9001008C9001014C9001059
:10181000801A060000507D441CC90010ACC800109E
:1018200024C900102CC9001038C9001040C900108C
:101830004CC9001054C9001060C9001070C90010D4
:1018400068C9001084C9001078C90010E4C90010EC
:101850009CCD0010C0C90010CCC900108CC900106C
:10186000F0B55F4CA544040001F0A4FA002900D1B2
:1018700075E0FA220023920001F002FF060088239F
:10188000E05803F049FE84230E900F91E05803F0D6
:1018900043FE80230C900D91E05803F03DFE0A902A
:1018A0000B91E06F03F038FE08900991606F03F030
:1018B00033FEA72306900791E35C80210493A623BF
:1018C000E35C484D0393A523E35C2A000293A42321
:1018D000E35C89000193C423E35818A80093330004
:1018E00005F054FA14AE18A812960AF033FC05005D
:1018F000030011900F283DD8012836D160216A4697
:10190000502052186946127809180A7031000022D6
:101910001393CA54AC2322002500E058B432AC35EE
:10192000904236D0129AB24241D0AD68E250B02314
:10193000139F1499E7500433E150002833D01290DC
:1019400014950023139303701298B04203D0149996
:10195000013103F08DFE99239B009D44F0BDFA21D7
:10196000890001F04FFE060089E731000028CED043
:10197000300007E0002211A912A808F089FB119B92
:101980001290149318A92A0003F064FE119B129977
:10199000BDE7129AB2420AD0E250B02313981499CC
:1019A000E0500433E150129614AE3000C9E7139AA8
:1019B000002A07D0012A0AD0310003F04BFEAC23E5
:1019C000139AE05800236A6083541298B9E76B4673
:1019D0004F329B181B780370AC23139AE058F1E741
:1019E0009CFDFFFF00CA0010F0B5C646A42300B559
:1019F000C35C0400E8B0002B12D1A523E35C002BEC
:101A00001CD1A623E35C002B3ED12000FFF728FF6A
:101A1000AA23E35C002B57D168B080BCB846F0BD68
:101A2000051D87492800FEF7E5FF60672800FEF7DF
:101A3000A3FFA523A067E35C002BE2D0270022AD23
:101A40001CAE2C372A00310028AB38009846FFF72F
:101A500073FA0023F05E03F037FD9823E050002373
:101A6000E85E03F031FD9C23E05043460020185E01
:101A700003F02AFDA023E0503800FFF787FAA623E1
:101A8000E067E35C002BC0D020001CAB28AA22A991
:101A90003430FFF7D9FA8023229A2000E250239AAB
:101AA0000433E250249A0433E250289A0433E2507B
:101AB000299A0433E2502A9A0433E250FFF7D0FE09
:101AC000AA23E35C002BA7D02300AC335A68200084
:101AD000AC235C30E158FFF735FB01F06BF90029CE
:101AE00000D192E0FA220023920001F0C9FD060025
:101AF000A023E05803F010FD9C2318901991E058A2
:101B000003F00AFD982316901791E05803F004FDA6
:101B1000942314901591E05803F0FEFC902312904A
:101B20001391E05803F0F8FC8C2310901191E058C9
:101B300003F0F2FC88230E900F91E05803F0ECFCC8
:101B400084230C900D91E05803F0E6FC80230A906A
:101B50000B91E05803F0E0FC08900991E06F03F06E
:101B6000DBFC06900791A06F03F0D6FC0490059172
:101B7000606F03F0D1FCC423029003918021E358ED
:101B8000304D49002A00009328A8330005F0FEF8E4
:101B900044231EAE320098462B4B1C9603CB03C247
:101BA0001B881CAF13800A237B600023A044BB74F6
:101BB00024AC28A822940AF0CDFA050003001B905B
:101BC0000F282DD8012826D1A0216A46902052182E
:101BD0006946127809180A702100002223934046B2
:101BE000CA54390022AAFFF7D9FB2298A04203D099
:101BF0002499013103F03CFD1C98B04200D10BE761
:101C0000B968013103F034FD06E7FA21890001F0DB
:101C1000F9FC06006CE721000028DED0200007E078
:101C200000221BA922A808F033FA1B9B22902493C0
:101C300028A92A0003F00EFD1B9B2299CDE7C04680
:101C400000507D444CCA0010C0C90010012909D0C1
:101C5000022900D07047012342789340D022120617
:101C60005361F7E703789940D0231B065961F1E7E8
:101C7000FA22FA2110B5683052000901FFF704F882
:101C800010BDC046002303604360704710B541603B
:101C9000040001F08FF8002906D0FA2200239200F8
:101CA00001F0EEFC206010BDFA21890001F0AAFCD1
:101CB000F8E7C04610B5040001F07CF8002906D012
:101CC000FA220023920001F0DBFC206010BDFA2113
:101CD000890001F097FCF8E710B5040001F06AF8FC
:101CE00000290BD0FA220023920001F0C9FC2368DE
:101CF000C31A606898428041404210BDFA218900B1
:101D000001F080FCF3E7C046094A83009A1810B539
:101D100014684022544080322240064CC000A44641
:101D200063441A60044B9C466044416010BDC04649
:101D300004C0014004D0014000400140074B800036
:101D4000C3181B68C90092000A435A400C23134071
:101D5000034A9446604403607047C04604C0014093
:101D600004D001400123D022834012069362936184
:101D7000094A83009A1811684022514080320A4073
:101D80000649C0008C4663441A60054B9C460523F7
:101D9000604443607047C04604C0014004D0014025
:101DA000004001408023DB051868000F7047C046E3
:101DB0000FB400B5084883B005F0D0F9049B002BA0
:101DC00007D005A91800019105F004F8034805F0B3
:101DD000C5F9012005F016F8C0CA0010D0C80010DF
:101DE00070B5EFF3108C72B60D4D2B68002BFCD044
:101DF000BFF35F8F0724CB08C618C05C01230C40DB
:101E0000A3401C000440034207D118433070BFF3C5
:101E10005F8F2C608CF3108870BD1000FFF7C8FF37
:101E20002C0100D0F8B54746CE46884680B5EFF382
:101E3000108C72B6214D2C68002CFCD0BFF35F8F44
:101E40009A422CD8D4080727055D061901241740AB
:101E5000BC402C421FD007210127894609E0D40845
:101E6000055D06194C4639001440A1400C0029427A
:101E700011D001329342F2D201204042BFF35F8F72
:101E800000220E4B1A608CF3108800280FDBC0BCB8
:101E9000B946B046F8BD254310003570EEE7BFF3F4
:101EA0005F8F00232B608CF3108801204042434653
:101EB000002BECD00898FFF77BFFC0462C0100D028
:101EC000044A1078431CDBB2172B00D9102313707F
:101ED0007047C0461820002010B5064B064C82B053
:101EE0000100009318221F232000FFF79BFF02B080
:101EF00010BDC046D0CA0010E03300200021044BC2
:101F0000044ABFF35F8F02C39342FAD17047C046C1
:101F1000000100D0800100D0054B064A1360064A3C
:101F2000136053609360D360136153619361704792
:101F30008080808000E400E004E400E01F2318407B
:101F40001E3B8340002905D0C021044A490053505C
:101F500013607047802201498B50FAE700E100E0EE
:101F600001228240034B1B6813405A1E9341D8B292
:101F70007047C04600E100E001238340014A13603E
:101F80007047C04600E200E0064B10309B688000BE
:101F9000C358054A00209B1A2F229A424041C0B2E2
:101FA0007047C04600ED00E01C20002070B50D0019
:101FB000EFF3108672B60F4A1368002BFCD0BFF304
:101FC0005F8F0D4B10309B6884001B590B4A934266
:101FD00003D09D4201D001F0C3F9074B9B681D510E
:101FE000BFF35F8FBFF35F8F0022024B1A6086F34F
:101FF000108870BD240100D000ED00E0C101001088
:10200000F0B557464E46DE464546E0B585B006007B
:1020100000911700EFF3108B72B66A4A1368002B19
:10202000FCD0BFF35F8F0025674B5D579A46002DAC
:1020300000DAA9E06B00654C01935B199B009846A0
:10204000A146C1444B4652469B7910361370604BF3
:10205000B6009B6899590B1B2F2B33D95D4B9942C6
:1020600000D0ACE0019B42469C465B4B6544AD0012
:1020700063535A4B0232A218043B9B1A1B05584A61
:102080005B0D651913436B80564B0121AB80FF2319
:10209000AB71009BEF71AB604B460B4319004C4B8F
:1020A0009B689951BFF35F8FBFF35F8F0022454B51
:1020B0001A608BF3108805B0F0BCBB46B246A94647
:1020C000A046F0BD01200A008243D3798C46BB4272
:1020D00031D84546130044491B1B5B415943090D48
:1020E0003D4B63533D4B02356519043B5B1B1B05A0
:1020F0003B4D5B0D2B43AA464D466B800425AC46F9
:102100005546E044131F44441B1B1B055B0D1D4338
:102110004B46997100999D8099604946DF71334B18
:1021200001431360BBE75800C01880002018C17934
:10213000B9422FD902000623D356002BF3DA0293BB
:102140002B4B61460393131D9A4604235B429C4626
:10215000E14450464B461B1A1B055B0D9C46204B29
:10216000957198466346404603439380019B5A19F4
:102170009200039BA418A380029B1C4AA371009B9E
:102180002260E771A3608AE701F0EAF80025534670
:102190005D574FE7908802934005131D9A4603153B
:1021A00061469C464046D444634604302018181AC1
:1021B000E0230005400D1B0218430390C5E701F022
:1021C000CFF84FE7240100D07F3900201C200020E9
:1021D00000ED00E0C101001000A1FFFF4C20002035
:1021E00000E0FFFF01BDFFFFAAAA000001488047F1
:1021F00001BD0000F0B5DE4657464E464546E0B507
:102200000C0083B0EFF3108872B6634A1368002B9A
:10221000FCD0BFF35F8F614B61499A6803001033B4
:102220009F00D55900938D4243D0A54254D05D4EB6
:10223000AA1B2F2A3DD85C4B9C461B689A4601235B
:102240001A0099468240534613401F2201934B4681
:10225000024093409A468022634650469850BFF30E
:102260005F8FEFF305839B46002B37D0009B5B45C8
:1022700001D001F075F82A004B469A4390688442D9
:1022800008D177E04B005B189B00F31898688442F4
:1022900036D01A00062151560029F3DA844255D06F
:1022A000019B002B27D0C02251463F4B5200995032
:1022B00019603A4B9B68DD51BFF35F8FBFF35F8FAF
:1022C0000022354B1A6088F3108803B0F0BCBB467F
:1022D000B246A946A046F0BD0D00EAE72A004B46EB
:1022E0009A4390688442D5D10620105613000028E6
:1022F0000ADA0D0032E0802351462B4AD150D8E74C
:1023000006201856002822DB420011188900741894
:102310008946A1689960E179D97106216156997160
:10232000002925DBA488F11A640524154C440919F9
:10233000E0240905490D24022143998013181B4A02
:102340009B001178F31899711070A9E71300594692
:10235000002914D1FF3191711549918013490A78F0
:102360009A71144A9B1B5B415A43120D0A7097E7FE
:102370001149E2E70620105613000028C4DA0F4A7C
:102380000F49D21A083A5002400D014399800D4975
:1023900052080A43DA8083E7240100D000ED00E010
:1023A000C10100101C20002000E100E07F39002066
:1023B00001BDFFFFAAAA000001BD000056200020B9
:1023C00000F0FFFF00F8FFFF70B501240443EFF3B6
:1023D0000581EFF3108C72B6214A1368002BFCD0F4
:1023E000BFF35F8F1F4B05001F4AED1A6D416A4313
:1023F000120D1E4D8900AE6852B27658A6421CD00E
:102400000621595691421CD012215956914222D090
:102410001E215956914220D02A2159560324914217
:1024200010D0134B19781A708171BFF35F8F00229F
:102430000B4B1A608CF3108870BDAB680D4C5C5070
:10244000EFE700246100091989005B18FF219971E9
:1024500009499980E5E70124F4E70224F2E7C04640
:10246000240100D01C200020AAAA000000ED00E0FA
:102470007F390020C101001001BDFFFF10B5084BDE
:10248000084C82B001000093002205232000FFF7D2
:10249000C9FC002801DB1F23181A02B010BDC0467A
:1024A000ECCA001083390020024B9C46614489002D
:1024B000016070474000003470B5114C114DAC42C2
:1024C0000FD2FF262368002B0CD0FFF7F9FC010088
:1024D0002000FFF7E9FFA680BFF35F8F0834AC420E
:1024E000F0D370BDFFF7ECFC01002000FFF7DCFF2C
:1024F0002671BFF35F8F0834AC42E3D3F1E7C046E7
:10250000442600204C26002010B50400FFF7D8FC1C
:1025100001002000FFF7C8FFFF232371BFF35F8F87
:1025200010BDC04610B504000120FFF7D5FC034BD9
:10253000C3189B002360BFF35F8F10BD40000034C1
:10254000034B9C46614489000160BFF35F8F704775
:10255000400000340A4B1968EFF3108072B60A6825
:10256000002AFCD0BFF35F8F1B68BFF35F8F002290
:102570001A6080F3108840BF002000217047C046D9
:1025800054390020F0B5DE4657464E464546E0B584
:1025900083B0EFF3058203231340B54A99005258E4
:1025A0000091904601229A409346B24B1A60B24B7A
:1025B00001935B46B1484363434608229B5E9946BC
:1025C000002B3ADA43469B881BB2002B00DB9DE0D0
:1025D00043469B79002B00D0E1E0434608241C5F72
:1025E000002C20DB43465A6963001B19DB00D3181B
:1025F0009D68DC686B1C00D103E1A048009984460B
:102600006144826A0B69AE1A9B1A9E4213D35A46E2
:10261000036A1A420FD0994800F0C4FB8C4202DCD6
:10262000C7D18542C5D940BF03B0F0BCBB46B24656
:10263000A946A046F0BD0D61EDE7424652695B0038
:1026400092464B44DB009A4453469E68DF6800F094
:10265000A9FB8F42B6DC00D1F8E0002F00DAD9E008
:102660005246534654691B69019A934200D1CCE00B
:10267000414652460820085E52880004210010435B
:10268000984704000D0023002B4300D1C2E0002D29
:1026900000DBDFE030003900001BA94153469860A1
:1026A000D96000229A5E002A00DA8BE743465D6912
:1026B00053009C18E4002C19A768E4688C4200DDE4
:1026C00080E702D1874200D97CE74646328108364E
:1026D0000DE08C4200D1C6E01E000023F25E002A0D
:1026E0000ADB53009C18E4002C19A768E4689B18C7
:1026F000DB00EB188C42ECDD53461A804B463380EE
:1027000043469B881BB2002B00DA61E743461A69F7
:10271000EFF3108172B61368002BFCD0BFF35F8F0C
:1027200043469E88012342465B42938036B213693A
:10273000BFF35F8F00221A6081F31088002E00DA49
:1027400046E743465D69083342469C467700BF1919
:10275000FF00EF19BB68604698460823D15E924699
:10276000FC68002907DA0EE0A24246D018000023D8
:10277000C15E002906DB4B005B18DB00EB18DA6852
:10278000A242F1DD524606800023FE5E3980002E13
:10279000DCDA904643469B79002B00D11DE70023ED
:1027A00042469371434646460821595E08364B1C03
:1027B00000D138E747468946556902E006004B1CC0
:1027C00018D04B005B18DB00E8180A008C46E95E65
:1027D00043881BB2002BF1DA01235B42DC178360D4
:1027E000C4604A4503D031803B8903803A81E14689
:1027F0004B1CE6D1B8464C46F2E69A684245B5D93C
:10280000C0E7631C00D0F8E605E72000236998477D
:10281000002825D1534642461B8813811269EFF3E5
:10282000108372B611680029FCD0BFF35F8F424657
:10283000514652880A804246494651801269BFF388
:102840005F8F0021116083F31088BBE6864200D8B9
:1028500003E7B7E6094800F0A5FA001969411DE74A
:10286000656824680FE7874200D835E744E7C0462B
:102870005C3800203C700540852500100040054074
:1028800070B52E4C2569002D04D00A212C48FFF785
:102890000BFE70BD2B4E0321300000F079FAE6608C
:1028A000FFF70EFB284B03229C46D02322701B0609
:1028B0001B6801216370254B6044A3600F238000D7
:1028C00020610220638063694942A180198002313E
:1028D000198647311D83585218315A5275325C3966
:1028E00099521832013199521832013199521832E5
:1028F00001319952083518329D52023118329952DD
:10290000183201319952183201319952183201317D
:1029100099521832013199521832013199520C4BA7
:102920000C49DC6001303562FFF740FB01210320D8
:10293000FFF704FB084B1D60A7E7C046642000209A
:10294000543900200040054040000034FFFF1000D3
:102950005C3800208525001038600540004870472D
:1029600064200020F8B51F0008AB1B780400160097
:10297000002B08D100F01EFA32003B00121A8B41E6
:10298000002B00DA53E02269EFF3108072B613686F
:10299000002BFCD0BFF35F8F0223E15E63694A0026
:1029A0005218D2009B18002937DB1A8862802269EE
:1029B000BFF35F8F0025156080F31088069A9E6034
:1029C000DF601A61079A5A615A8801325204520C28
:1029D000101C002A1FD082B25880080410432669B8
:1029E000EFF3108772B63268002AFCD0BFF35F8F16
:1029F000A2881A80A1802369BFF35F8F00221A602A
:102A000087F310880B4923788C4601329A40E3689B
:102A100063441A60F8BD0120DDE72369BFF35F8FCF
:102A200000221A6080F3108801204042F2E7002063
:102A3000F0E7C0463C20000070B501000469EFF3E8
:102A4000108C72B620680028FCD0BFF35F8F022084
:102A50000D5E4C6968004019C0002418002D37DB5A
:102A6000208848800869BFF35F8F002606608CF3DA
:102A70001088E36063880498013320615B04059843
:102A80005B0CA26060611A1C002B1FD093B228045B
:102A9000628018430A69EFF3108C72B61368002B3A
:102AA000FCD0BFF35F8F8B8823808D800B69BFF3D1
:102AB0005F8F00221A608CF310880B7801329A40E5
:102AC000CB6808498C4663441A6070BD0122DDE77B
:102AD0000B69BFF35F8F00221A608CF3108801200E
:102AE0004042F2E73C20000010B543890A149342AB
:102AF0001ADD53009B184269DB00D3180469EFF319
:102B0000108C72B62268002AFCD0BFF35F8F5A88FF
:102B1000090494B2090C8A4208D00369BFF35F8F9D
:102B200000221A608CF31088002010BD802212024F
:102B300014435C80012302698371BFF35F8F00211E
:102B400011608CF31088044902788C469340C26867
:102B5000012062441360E8E73C20000040787047A1
:102B6000F0B504000D0006267642F717C646361962
:102B70006F4100B582B08F4214D811D000F01AF91D
:102B800032003B00121A8B41002B17DC002B47D080
:102B90002000290000F04CF902B080BCB846F0BD1E
:102BA0008642EBD90022002316001F0000F002F934
:102BB00032003B00121A8B41002BE7DD00F0FAF8DF
:102BC00032003B00121A8B41002B0ADB00230193D9
:102BD000154B3200009315483B00FFF72DFF0028EE
:102BE000D6DB00239C46B046114A124E736A9F42C0
:102BF00004D8B16A8845CBD99F42C9D11168EFF397
:102C0000108072B60B68002BFCD0BFF35F8F136887
:102C1000BFF35F8F6146196080F3108820BFE5E73E
:102C2000002AB5D0CAE7C046552500106420002010
:102C3000543900200040054070B504000D0000F03C
:102C4000B9F88023001969411B06994202D301207B
:102C500002494042FFF784FF70BDC046FFFFFF7F7F
:102C600070B5060000F0A6F8FA2204000D0000235B
:102C700030000021920002F0A9FB80230019694175
:102C80001B06994202D3012002494042FFF768FF28
:102C900070BDC046FFFFFF7FF0B5D6464F464646A3
:102CA000C0B504000D0082B0EFF305878946002F00
:102CB0000ED0344900204B6AAB4203D38A6A0130FC
:102CC000A24226D302B0E0BCBA46B146A846F0BD47
:102CD0002D4B9846DB689A46434650461E7800F0D6
:102CE00061F80B00514602000436B600715820000E
:102CF0008E1A2900801A99418F4211DC0ED020BF14
:102D0000204A0020536A4B45DCD3926A0130A2422C
:102D1000D8D25B1B5A1E9341D8B2D3E78642EED974
:102D200000F048F822002B00121A8B41002B1ADB0E
:102D300000230193154B2200009340462B00FFF720
:102D40007BFE011E0FDD0F4B5A6A4A4517D39B6A63
:102D5000A34212D34046FFF7C7FE0A4A0020536A37
:102D60004B45AFD3D1E7074A0020536A4B45A9D35F
:102D7000926A0120A242A5D2CBE74A45EAD120BF00
:102D8000E8E7C046004005406420002055250010BB
:102D900010B5024A0248FFF723F810BD08CB001017
:102DA000E43300200300416A0A00986A596A8A42A3
:102DB000FAD17047034B596A0A00986A596A9142DE
:102DC000FAD170470040054070B504000D00174A65
:102DD000536A1900966A536A8B42FAD1300019007F
:102DE00024184D41AB4216D813D0104A2B00526A1A
:102DF000954203D90D494A6A9A42FCD39A4207D1B7
:102E00000A4A02E0516A994202D1916AA142F9D379
:102E100070BDA642E9D9054B5B6A1C005A1CEFD075
:102E2000012301246442E5175B42E3E700400540CB
:102E3000064A536A9942FCD807D1044B02E05A6A09
:102E4000914202D19A6A8242F9D37047004005400C
:102E5000F8B5040006200D0000F078F9002844D0F1
:102E6000374B3849E3185A1E934180221204944686
:102E70005B429B0D344A9B0563441360334A1360E5
:102E800018000A689043FBD12D4B314AE318594290
:102E90004B4180215B0049000620995200F056F911
:102EA0002900C00000F0AEFB0130C3091ED140274D
:102EB00001226262A362266BF30722D4E36A254BE8
:102EC0000620E51800232B60266300F03FF9390047
:102ED000800000F097FB7023E26A5A400E331340E3
:102EE0002B601D4B23630323A364F8BD1B4A93424D
:102EF0001ED900231A4A1B4F6262A362266BF30796
:102F0000DCD5194B144AE3181A60656AA36A0620D7
:102F1000AD01ED1800F01AF9144900F073FBAD0291
:102F20000100280000F06EFB0021FFF74DFFC5E710
:102F30004006800E9F011A003F180300B9E7C04603
:102F40000080FCBF08C0004000E0004000F00040EE
:102F5000603900202C10000001030000FEFF00007B
:102F6000FFFF0000C0FF3F00303000004E0E0000A9
:102F7000F8B5DE464E4657464546E0B58B46050059
:102F80000A991800160000F03DFB0A9B6C001F0216
:102F9000324B64199C46A4006444636881469F4296
:102FA00000D967602B1FDBB29846012B30D9C023B4
:102FB00080229B01E31812011A60294BAD00595978
:102FC0009A4600291BD17301E026226853401E4017
:102FD000802342465B01E3181E60012A30D980231A
:102FE00080229B01E31812011A6053464A4667602B
:102FF0005A51F0BCBB46B246A946A046F8BD586936
:1030000000F000FB013043001B18033BFDD2DAE760
:103010005B46012BCBD1C02303229B01E3181A602E
:10302000023AA3681A42FCD07301E0262268AD0080
:1030300053401E4080230A4A5B019246E3181E60FB
:103040005A462168514003220A401A6001225B4619
:103050009A40A3681A42FCD0C1E7C04600800040F5
:10306000E8330020F0B546464F46D646C0B51F00AF
:10307000344B44009C462418A4006444636888468A
:103080001600FF2B02D880235B006360031FDBB2B6
:103090009A46012B30D9C02380229B01E3181201EC
:1030A0001A60294B85005959994600291BD1730193
:1030B000E026226853401E40802352465B01E318FD
:1030C0001E60012A30D9802380229B01E31812015F
:1030D0001A6080235B0063604B465F51E0BCBA46D8
:1030E000B146A846F0BD586900F08CFA01304300A3
:1030F0001B18033BFDD2DAE74346012BCBD1C0239B
:1031000003229B01E3181A60023AA3681A42FCD01A
:103110007301E0262268850053401E4080230A4A3E
:103120005B019146E3181E6042462168514003222C
:103130000A401A60012342469340A2681342FCD021
:10314000C1E7C04600800040E8330020014B80000A
:10315000C0587047E8330020F8B5040021481E002D
:1031600017000D0000F04EFA0100380000F04AFA96
:10317000069B36041B031E432368002B20DB1A4BDF
:103180001A49E3185A1E93418022920194465B42E9
:103190001B0B174A1B0363441360164A13601F007E
:1031A0000A689743FBD1144B2560E2182123A060E5
:1031B00013602368002BFCDA0823E6601360F8BD77
:1031C0003F2322681340AB42D9D1A3681B051B0DD6
:1031D0008342D4D1EE22E368D2021340B342CED16F
:1031E000EDE7C046001BB7000040FDBF08C000402F
:1031F00000E0004000F000400430000010B58024E2
:103200001C4BE4051C6000281AD001231A4C1843FB
:103210001A4BDC611A4C44401C625962986280214E
:10322000144BC9051960174817490860E021C90403
:103230001960002A07D18022144B12061A6010BDB3
:103240000E4BD861EBE753019B1A9B009A18802321
:1032500012015B049A4209D213000D490B60074B1F
:103260005A608022094BD2051A60E8E7094B1A0020
:10327000F3E7C04600B00540D3C007B0008005406A
:103280002D3FF84FFCFF01000820014000A0054041
:103290004C380020FFFFFF008023024A9B000B43B5
:1032A000D362704700800540142310B501001888D0
:1032B00004331B88984710BD162310B501001888E9
:1032C00002331B88984710BDF8B54746CE4680B5F7
:1032D0000F1E19D01423994604330400002501263B
:1032E00098464B461888434621681B88984701C476
:1032F000431E9841013540420640AF42F1D13000B3
:10330000C0BCB946B046F8BD0126F8E7142370B535
:103310000400188804331B880D00054998470300F2
:103320000020002C01DB0130A04029009847C04656
:1033300055420000AA23064A1B0113608D235B003F
:10334000D3600449044B19605368002BFCDA7047C2
:103350000040024000B0FA00006002407047C046E2
:1033600010B50148FEF724FD2CCB001070B5074DB9
:10337000074EB54209D20024013E761BB60808CD9F
:10338000984723000134B342F9D170BD60C70010E3
:103390009CC70010054B064A06491A60064A074BAF
:1033A0001A6010000B689843FBD1704700E00040A2
:1033B000BFCDFBFE08C00040FE7F3C0000F0004097
:1033C000044BDB6C002B03D18022034BD2021A602A
:1033D0007047C046000011504C201150044A054B64
:1033E0001A60054A1368DB018033FBD17047C04681
:1033F000FFFFFF0100F0004008C000404022034BE7
:103400009A675A671A67DA667047C04600F001404B
:1034100010B5FEF773FD10BDF8B52749274C284DB0
:10342000641AA6103200302E00D9302228009200F3
:1034300002F010F9BC2C3BD830202F232C19640744
:10344000204A801BE40F9B1B052B16D93700002C4C
:1034500002D0B300771CEA50001B33199B004108CF
:10346000EB18C900C9181A605A6008339942FAD19A
:10347000012303421CD09843C619B300EA50731CC1
:103480002F2E15D09B00EA50B31C2E2E10D09B007F
:10349000EA50F31C2D2E0BD09B00EA50331D2C2E2E
:1034A00006D09B00EA50731D2B2E01D09B00EA50E2
:1034B000054B9D60F8BDC04600010010C001001022
:1034C00000000020C101001000ED00E0002310B555
:1034D000294C82B0A367FFF72DFF0122274B1A600A
:1034E000636C012BFCD10322254B1A60224A936B9B
:1034F000012BFCD1013300930121224A22480433DD
:10350000FFF72AFE052301210093204A2048FFF7F8
:1035100023FE0022022104201E4BFFF7A3FD002200
:10352000012105201C4BFFF79DFD002200210720F3
:103530001A4BFFF797FD002200210820174BFFF7D9
:1035400091FD8023DB000093002200210920134B12
:10355000FFF70EFD0022104B00210620FFF782FD31
:103560000420FFF7F3FD0E4900F04CF801000020A5
:10357000FFF792FE02B010BD008000403CB000405A
:1035800030B00040002F685900800240008C864710
:1035900000C00240001BB70040597307006CDC02FA
:1035A00040420F0001480421014B184780200020B1
:1035B000C9320010124A936F9B0815D29066D166EB
:1035C000002905D0FFE7FFE7FFE7516F106F704755
:1035D00004B580210906C2175140002800D0C84315
:1035E00009F046F8002104BDF0B5146E556E576F12
:1035F000166FFFF7E3FF1466556657671667F0BD51
:10360000000000D0114A936F9B0813D210665166D8
:10361000002905D0FFE7FFE7FFE7516F106F704704
:1036200004B5002801D00020C04309F021F8002192
:1036300004BDC046F0B5146E556E576F166FFFF798
:10364000E5FF1466556657671667F0BD000000D0A9
:1036500094464A4A926F9208624601D228E0C046D8
:10366000F0B5464E346E756E776F366F00F020F809
:103670009446424A14665566576716676246F0BD1F
:1036800094463E4A926F9208624601D254E0C04688
:10369000F0B53A4E346E756E776F366F00F04CF8B9
:1036A0009446364A14665566576716676246F0BDFB
:1036B000002B24DB11D000293EDA00B5C94340427B
:1036C00000D1013100F038F8C943404200D1013146
:1036D000DB43524200D1013300BD002AEBD1002868
:1036E00001D1002905D00020C90FC90701D1C0436D
:1036F000410800B508F084FF0022002300BD00B59A
:1037000000290ADBDB43524200D1013300F014F8F8
:10371000C943404200D1013100BDC943404200D1FC
:103720000131DB43524200D1013300F005F8DB43A5
:10373000524200D1013300BD002923D1002B18D102
:10374000002A0CD0BC460D4F38667A660021002353
:10375000FFE7FFE7FFE77A6F386F6746704700289B
:1037600001D00748010000B508F04AFF00220023FD
:1037700000BD02000B00002000217047000000D0B7
:10378000FFFFFFFF002B00D0BFE0130C28D1002A61
:10379000E7D080B4114F39667A66FFE7FFE730B4AF
:1037A000040C7B6F396F1B0423433B667A66FFE78B
:1037B000FFE7FFE7C04684B27B6F3D6F1B042343E6
:1037C0003B667A66FFE7FFE7C04600232C042D0C1A
:1037D0007A6F386F00196941B0BC7047000000D0A3
:1037E000F0B594460025140E01D112020835140FCD
:1037F00001D112010435940F01D192000235D40F8A
:1038000001D152000135D40B0134254F7C66254C83
:103810003C660E0C93B2FFE7FFE7FFE73C6F6643A1
:10382000360C7703BE467343DF0B5B04C01AB94105
:10383000130C7343DB18C91ACE086643360CB64422
:1038400093B273431F0F1B01C01AB941130C73438A
:103850001F0B1B05C01AB941860D8F023E436643FC
:10386000360C092D24DB520A7243801A7703460A6C
:103870006643360C16235B1BDE40DF40BF196446EF
:103880006643821B7046043506330100D940A840C8
:10389000C01900D30131A24206D20023F0BD0000BE
:1038A000000000D0FFFFFFFF121B0130F3D3F1E750
:1038B00009277F1BFE406446A2B27243801A00D2E1
:1038C0000139220C7243130C1204821A99410B0025
:1038D0007046043513370100F940A840801900D321
:1038E0000131002B02D1A2420AD2F0BD013000D337
:1038F0000131121BFAD2013BF8D1A24200D2F0BD35
:10390000013000D30131121BF7E7F0B51C0C00D0D9
:1039100080E00CB400251C0A04D11B02160E3343B0
:10392000120208351C0B04D11B01160F3343120180
:1039300004359C0B04D19B00960F33439200023553
:10394000DC0B02D192185B4101351C0097186441D1
:103950000134464F7C66464C3C660E0CFFE7FFE7A1
:10396000FFE7C0463C6F6643360C7703BE4697B20E
:103970007743C01B00D20139C01B00D201399FB26E
:103980007743C91BC91B170C77437E04FF0B801BB1
:10399000B941CE086643360C0C2D33DBB644120B0E
:1039A0001F053A431B0B97B27743C01B00D2013966
:1039B0009FB27743C91B170C77433E043F0C801B13
:1039C000B941860D8F023E43664329277F1BFE4087
:1039D0000C3D7746AF40BF1930BCA2B2ABB27243C8
:1039E0007343801A9941220C7243130C1204801AFB
:1039F000994102000B000137001BA941F9D2781E42
:103A00000021F0BD0C277F1BFE4077467F0BAF40A7
:103A1000FF19E0E700245D1C07D0144F7D6639666E
:103A2000FFE7FFE7FFE7FFE73C6F95B29EB2654314
:103A30006643401BB141150C1E0C654366433604BA
:103A40002F0C3E432D04401BB141994204D2020089
:103A50000B0020000021F0BD01D19042F7D3801A65
:103A6000994101349942F2D3F6E70000000000D0FA
:103A7000FFFFFFFF44464D4656465F46F0B4704791
:103A8000F0BCA046A946B246BB46704748404140FC
:103A9000484018B41B4B5B68FC46019308BD04DF2B
:103AA0003F47001018B4174B1B68FC46019308BD34
:103AB00000DF494700109446134A926F920809D2DA
:103AC000624618B40F4BDB68FC46019308BD0CDF5F
:103AD000014A00100C4AF0B5146E556E576F166F00
:103AE0006246FFF7EEFF084A146655665767166789
:103AF000F0BD18B4034B9B68FC46019308BD08DF7A
:103B0000A5480010D8270020000000D0FFB5504085
:103B10004240504059404B40594000E0FFB5154FDE
:103B20004C00640D03D0BC4204D10C0314D8002017
:103B3000090D09055C00640D03D0BC4204D11C03CF
:103B40000AD800221B0D1B0501264B4009D44B400F
:103B500003D58B4200D18242FFBD9942FCD19042F5
:103B6000FFBD0B43DB1803431343F5D0C94349188A
:103B7000FFBD0000FF07000000B5FFF7CFFF01D039
:103B8000002000BD012000BD00B5FFF7C7FF804148
:103B900000BDC04600B5FFF7C1FF01D9002000BD40
:103BA000012000BD00B5FFF7B1FF01D9002000BD25
:103BB000012000BD00B5FFF7A9FF804100BD012035
:103BC00040054A00121804D85A00121801D80020E3
:103BD00070470120704700000021002805D1704780
:103BE000C1174840401AFAD0C90713B5064B1B68E5
:103BF00098470CBC441CA2401005120B0349091B3A
:103C000009051943114310BD503900201F0400005D
:103C100010B54C00620D8023D218DB00D21A5B0570
:103C20007E2A10DD9E3A13DACC170903490819439E
:103C30005242D140640001341532202A05DAD040C6
:103C40000843604310BD002010BD0846604310BD0E
:103C5000C80FC018013810BD18B4044B5B6AFC468D
:103C6000019308BD24DF354C00100000D827002048
:103C700018B4044BDB6FFC46019308BD7CDFCD4CD0
:103C800000100000D827002018B4044B9B6DFC46A0
:103C9000019308BD58DF514F00100000D8270020C5
:103CA00018B4044BDB6CFC46019308BD4CDF655136
:103CB00000100000D827002018B4044B1B6DFC46F0
:103CC000019308BD50DF015200100000D8270020EA
:103CD000132370B51D78012D19D014DD1F48FFF78F
:103CE000EBFA06001E48FFF7E7FA1E4C802231006F
:103CF000200001F0AFFC022D2DD01B48FFF7D4FAB5
:103D00001A4B186070BD1A4B164CA364F5E7184B9C
:103D1000144C23606360A360E36023616361A3616B
:103D2000E36123626362A362E36223636363A36369
:103D3000E36323646364A364E36423656365A36549
:103D4000E36523666366A366E36623676367A36729
:103D5000E367A364D1E7064BA364CEE753440000B6
:103D600053460000D82700204C3300005039002073
:103D70000D470010F0B54646D6464F461D00924B03
:103D8000C0B598464E00760D140088B0B044002EA1
:103D90004ED08E4B9E424BD000228D4FBF1B3B0519
:103DA00080185941FFF788FF8A4A8B4BFFF783FE43
:103DB00000228A4B00900191FFF7FCFE00280AD0F8
:103DC00000980199864B0022FFF763FE854B009017
:103DD00001919846B0444346002B1BD0002220009E
:103DE0002900814BFFF7DEFE00280DD100222000C4
:103DF00029007E4BFFF7CEFE00283BD04346002033
:103E0000002B05DB00210DE043460020002BF9DBF1
:103E1000774907E02200009801992B00FFF769FE1F
:103E200000F086FA08B0E0BCBA46B146A846F0BD3C
:103E3000FFF742FF674A684BFFF73DFE0022674BE2
:103E400000900191FFF7B6FE0028C7D000980199B5
:103E50000022634BFFF71DFE624B009001919846D4
:103E6000002220002900604BB044FFF79BFE002891
:103E7000BCD0C9E72000290000F00CFA0B000200BA
:103E800006000F0020002900FFF703FE1A2202900F
:103E9000039100F0D9F900F0FDF94B0004000D008A
:103EA0005B0D09D0494A934206D000241A2B00DC4E
:103EB0007FE0504D24184D4139003000FFF7A8FE37
:103EC00082464046FFF78CFE22002B0006000F00C2
:103ED000FFF70FFE0490059100F0DCF902000B00E3
:103EE0000498059906920793FFF7D3FD22002B0053
:103EF0000490059102980399FFF7CBFD32003B0037
:103F0000FFF7F7FD049A059BFFF7CCFD04900591A0
:103F10005046FFF765FE009A019BFFF7EAFD04009B
:103F20000D0000F0B7F902000B0006000F002000A2
:103F30002900FFF7AEFD049A059BFFF7B3FD009A39
:103F4000019B04000D0002980399FFF7D2FD2B009E
:103F50002200FFF7A7FD00F0EBF94B005B0D04001A
:103F60000D009946002B00D15CE7184B994500D114
:103F700058E7514643464B43069807999A46FFF740
:103F800047FE390082443000FFF742FE4B46504462
:103F9000C318002B09DD184A93420DDD144AEB0FBC
:103FA000DB071A43002011003CE7EB0F0020D90784
:103FB00038E7C90FCD077FE70022030512196B41CF
:103FC000100019002EE7C04601FCFFFFFF070000AC
:103FD000FF030000EF39FAFE422EE63F0000E03F0B
:103FE0000000F03F02FCFFFF0000B0400000B0C046
:103FF0000000F07F000060FEFE070000F0B54646BE
:10400000D6464F460400C0B50D001600012A56D012
:10401000D70FBF187F10012F47D00323D2171340AB
:104020009B199B109846012B35D0072313409B19F1
:10403000DB109946012B27D00F2313409B191B112E
:104040009A46012B15D03300203B1F2B06D90022A6
:10405000FFF7D4FF02000B00FFF74BFD0B0002003F
:10406000FFF747FD5346DB0703D522002B00FFF780
:1040700040FD0B000200FFF73CFD4B46DB0703D57C
:1040800022002B00FFF735FD0B000200FFF731FD8A
:104090004346DB0718D402000B00FFF72AFDFF0799
:1040A00003D522002B00FFF724FD02000B00FFF7D1
:1040B00020FDF60703D522002B00FFF71AFDE0BC18
:1040C000BA46B146A846F0BD22002B00FFF711FD0D
:1040D000E1E7C046F0B5C64600B582B016001F0045
:1040E00004000D0000900191002927DA7B004F4A5F
:1040F0005B0D9B181CD43422D31A19D41800203815
:1041000045D4353A844682400121494299403000E5
:10411000884301003800904302000A4308D1342B41
:1041200049D06246002A3CDB3B00D340DB0742D447
:1041300080231B06EB181D00009401953000390008
:10414000FFF766FD2B0D80460200002B42D0384958
:104150008B423FD02903090B21433BD1354988428B
:104160005CDB802109018A4256DA30498C4663447F
:104170005A43314BD318002B52DD304900208B427B
:1041800051DC110500222E4B801859411EE00122FE
:104190002021524284461000C91AC8409A40024366
:1041A000B2E720223900D21A91400A003100D940EA
:1041B0000B001343BAE780231B062000E9183200E6
:1041C0003B008024FFF786FF2406091902B080BC5B
:1041D000B846F0BD4346002B14D02033402B14D8F2
:1041E0004346002B09DA009A019B00201449FFF78F
:1041F00062FC4346009001915A4200980199FFF7F2
:10420000FDFEE3E700200E49E0E732000098019947
:104210003B00FFF7AFFDD9E7054AA6E70A00A0E794
:1042200000200021D2E70749D0E7C04601FCFFFF8C
:10423000FF07000000F8FFFFFF030000FE0700007B
:104240000000F03F0000F07F4B0070B55B0D0400F4
:104250000D00002B0ED00C4EB3420BD0D318002B08
:1042600009DD0A498B420ADD094AEB0FDB071A43D5
:104270000020110070BDCB0F0020D907FAE7002005
:10428000110500196941F5E7FF070000FE0700006E
:104290000000F07F244A4B0094465B0D6344F0B568
:1042A00004000D005A1C21DB5A1C35D0342B1CDABB
:1042B0003326F61A3700203F1CD40121B9400B00E9
:1042C0000121B1400A0012196B41002F1EDB0224AC
:1042D000BC4021000224B4402000160000254442C6
:1042E0008D4126402B4030001900F0BDCB0F00203F
:1042F000D907FAE720210120891BC8400121B140DC
:1043000003000A0012196B41002FE0DA2024022575
:10431000A41BE5402900DDE7CB0F044ADB071A4365
:1043200000201100E1E7C04601FCFFFF0000F03F64
:10433000264B70B50A0D04000D009A423AD00022B7
:10434000234BFFF727FC002834D10022200029004E
:10435000204BFFF727FC002802D000201E4970BD2B
:1043600020002900FFF796FFFFF752FC0600FFF739
:1043700037FC02000B0020002900FFF78AFB174BD7
:10438000174AFFF7B6FBFFF78BFC4B0004000D004C
:104390005B0DE4D0134A9342E1D0F318002B0CDDFF
:1043A000114A93420DDDCB0F0B4ADB071A43002065
:1043B0001100D4E700200021D1E7CB0F0020D9075E
:1043C000CDE70020310500196941C8E7FF0F000063
:1043D0000000B0C00000B0400000F07F422EE63F79
:1043E000EF39FAFEFF070000FE070000F0B5D646E1
:1043F0004F464646C0B516001F000022BB4B0400C6
:104400000D00FFF7B9FB22002B0000283CD13B0D2B
:1044100098465B055A0D91460022002B3CD02000A7
:104420002900B34BFFF7A8FB002837D0B14B9945C3
:1044300031D0984500D16CE0AF4B98455DD0AC4988
:104440004B46AE4A9A1800D5F1E034239B1A9C469D
:10445000002B11DD1800203800D502E10122524264
:104460008240012063464042984033008343380035
:104470009043034300D0DAE032003B0020002900E3
:10448000FFF728FE02000B0010001900E0BCBA463E
:10449000B146A846F0BD0022944BF5E72A0D53051E
:1044A0002900580D002B2BD1944B4B44002F33DBAC
:1044B000002B22DB3421C91A1FD40800203855D420
:1044C00001235B4284468340012252428A403000ED
:1044D0009043020038009843030013430DD122009B
:1044E0002B003429D0D06346002B00DAABE03E002D
:1044F000DE4022002B00F607C6D400220023C3E7CB
:104500007C4B9A469A4245D10022002FF6DB7C4B29
:10451000BAE700227A4BB7E77A4A9145F9DD3422AF
:10452000D31AF6D4180020382AD4353A844682406B
:1045300001214942994030008843010038009043EE
:1045400002000A43E5D1342B07D06246002A00DA84
:1045500080E03E00D640F607DBD5694AEB0FDB076B
:104560001A43110000200B0002008DE701232022D6
:104570005B4284461800521AD0408B400343A3E7A5
:1045800001222021524284461000C91AC8409A4094
:104590000243CDE7584B9A4200D094E0574B4B442E
:1045A000002F1FDB002BB4DB3422D31AB1D4180048
:1045B00020386AD4353A824001214942994034007A
:1045C0008C4321003C00944322000A43A1D1342BA8
:1045D00072D0002869DB3E00C6400022F60796D55F
:1045E000494B51E7474A914587DD3422D31A00D51C
:1045F00083E7180020383FD4353A824001214942F0
:10460000994034008C4321003C00944322000A432B
:1046100000D072E7342B52D000283FDB3E00C6406A
:104620000022F60700D469E780231B062CE7002947
:1046300000DA6EE732003B0020002900FFF79AFB0A
:1046400002000B0020E720233A005B1A9A40CE407C
:1046500016434EE720223900D21A9140DE400E4325
:1046600079E7012220205242C01A1300C3401800EB
:1046700063469A400243F4E601222021524214008C
:10468000C91ACC409A402243B8E701222021524265
:104690001400C91ACC409A4022438DE720223900E9
:1046A000D21A9140DE400E43BAE720223900D21AD6
:1046B0009140DE400E4390E70022134BE4E6802356
:1046C00000221B06E0E6D04509D0984500D0B7E6A9
:1046D0000C4B0022984200DD10E7094BD4E6094B51
:1046E0000022984200DD12E70023CDE60000F03FF3
:1046F0000000F0BFFF070000FF0F000001FCFFFFFC
:104700000000F07FFE0300000000F0FF07B56046E8
:1047100001880A0A0230DF2AFAD1C9B2820804D31A
:10472000028840880004104300E00068014A5050AD
:10473000039007BDD82700200FB403BC0CBCF0B514
:104740000124E407634000E0F0B50C0DCF0F661EB6
:104750003605891B640503D3C943404200D30131A8
:10476000640D03D0661CF60A07D0E41B00207F000E
:10477000791C89078912803C24031D0DDF0F6E1EF2
:1047800036059B1B6D0503D3DB43524200D3013337
:104790006D0D03D06E1CF60A07D0ED1B00227F00C2
:1047A0007B1C9B079B12803D2D032F1B661B58D43F
:1047B000A446202E46DA20371400BC401D00BD4020
:1047C000F24033412A4380185941CB0F05D0C943E9
:1047D000C043002264425041514162464D0D28D1F0
:1047E0000D0D07D100281FD0241940414941013A3D
:1047F0000D0DF9D0640006D3013000D30131002C37
:1048000001D140084000013A0BD4941CE40A04D1C1
:1048100012051144DB071944F0BDD907204B194399
:1048200000E0D9070020F0BD0029DDD1002CDBD14C
:10483000F0BD0132C6074008CD0728434908002EC5
:10484000E1D0D9E73C2E29DA203E40371400BC40A5
:1048500000D00124F24014431A00BB401C43D3177C
:10486000ACE7AC46202F08DA20360400B4400D0037
:10487000B540F84039412843A5E73C2F0CDA203FEA
:1048800040360400B44000D00124F840044308003E
:10489000B1400C43C117EAE710001900002494E767
:1048A0000000F07FF0B50C0D661E3605891BE60A88
:1048B0006405640D02D0651CED0A04D000200121BE
:1048C0000905803C2403A4461C0D671E3F05DB1B25
:1048D000E70A6405640D02D0651CED0A04D00022CD
:1048E00001231B05803C24037740644497B484B2C1
:1048F00096B27443070C7E43150C6F4380B2684335
:10490000361802D3012000043F183004350C00197A
:104910007D41844688B29AB250430C0C62431F0C0E
:104920007C438EB27E43921902D301263604A41929
:104930001604170C3618674101BC81B29AB2514374
:10494000040C62431B0C5C4380B25843121802D320
:104950000120000424181004130C401863412D1882
:104960005E410020474106BC88B293B258430C0C0C
:104970006343120C544389B251435B1802D30121A3
:104980000904641819041A0C091862416D1856417B
:104990000020474118BCF902720D1143F0026A0D64
:1049A0001043ED020A0D03D16D1940414941013B0D
:1049B000124E9B1B7600B3420ED26D0007D301301E
:1049C000002671416646354301D1400840001B0571
:1049D000C918E4072144F0BD0BDA013306D10130D8
:1049E00004D101314F0D01D04908F2E7E107002061
:1049F000F0BD013631050020EBE70000FF030000A9
:104A0000F0B51C0D671E3F05DB1BE70A6405640D4E
:104A100002D0661CF60A04D0002201231B05803C4C
:104A20002403D0252D060026F6432E661E096E6649
:104A3000CE0FF619B44649004F0D02D07E1CF60A7F
:104A400003D000200021403F3F033E1BB600B4448A
:104A5000013F7F05C91B49082E6F013676089C026D
:104A6000950D25437543ED137543AD1301356D1059
:104A7000F603761B0CB4CC02450D2C43A2B2B3B2A4
:104A80005A43270C7B43350C6F43A4B26C431B196C
:104A900002D3012424043F191C041D0CA4187D41D9
:104AA00024196D41009A91B2ACB26143170C7C435A
:104AB0002B0C5F4392B25A43A41802D30122120472
:104AC000BF182204230C52187B41019C6C431B1914
:104AD000520ED9010A434401A01A81B2B2B2514325
:104AE00003145A43360C734387B27743D617D2194F
:104AF00000277E4136049B191704160C7F185E416F
:104B00007316ED18F301002680337541A90F06D105
:104B10006400690AE8055B0A184309D22FE0042201
:104B2000944480337541A90AA8059B0A184326D3EB
:104B3000404149412404009A019B0D005543641BE8
:104B40004343E41A95B286B27543170C7E43030CB7
:104B50005F4392B25A43B61802D301221204BF181F
:104B60003204330C52197B4152429C41002C02D436
:104B70000022013051414008CA071043490802B0E1
:104B80006246D7079210084BD218084B9A4203D2BC
:104B900012058918C919F0BD0020002A01DC39006E
:104BA000F0BD01331905F5E7FD030000FE07000025
:104BB000624618CA94465A46002A20DB04E0624640
:104BC00018CA944600291ADAC01861415B463B4175
:104BD0005C46B4405246FA40224344464D46624148
:104BE0006B41904699462B46B3403D41FC401C43E7
:104BF00052465B46A241AB4192469B467047C01A63
:104C0000A1414B463B414C46B4404246FA40224308
:104C100054465D4662416B4192469B462B46B340EB
:104C20003D41FC401C4342464B46A241AB419046AD
:104C300099467047002200B5203200F010F80800B5
:104C400000BD002200B500F00CF8CA179A4200D14E
:104C500000BDD8430121C907414000BD00220B150A
:104C60000AD410B5944600F0A7F81414013400DA01
:104C70000021CB17144C20470020002170476244CC
:104C8000343A0CD40C2A07DA040091409040524286
:104C90002032D440214310BDD843D94310BD203227
:104CA00007D40C469440524220321141D040204358
:104CB00010BD0800C917203203D4524220321041DF
:104CC00010BD1800190010BD7F4C00104A00520D95
:104CD000144BD21A13DDFF2A1EDAD205CB0FDB07E5
:104CE0001A43C300400F0903490A084310435B00FD
:104CF00001D301D0013070474308FBD2704702D086
:104D0000C80FC00770470A0312130132F8D1420FCF
:104D1000072AF5D1012200E0FF22C80F0002801807
:104D2000C00570478003000000210A00002104E054
:104D300000210A00C11704E00022002306E0C0465B
:104D40000022CB1758405940C01A994130B5184C31
:104D5000A21A002903D1010010D00020203A4C15DE
:104D600012D104D2013A001849414C0DFAD3114C2A
:104D7000A24204D212058918DB07C91830BDD243FC
:104D8000520D00200021F5E703D4013A00184941F3
:104D9000FBD50B324405C00A4D052843C90A6400FF
:104DA00003D0002460416141E1E7E0D34408F8E723
:104DB00032040000FE0700000A0DCC0F531E1B0535
:104DC000C91A520503D3C943404200D30131520DE1
:104DD00003D0531CDB0A07D0121B00206400611CA7
:104DE00089078912803A1203014BD21A70470000DA
:104DF000FF030000023225D40C2A1CDA1125AD1A5B
:104E00000B002B41083207350600EE4090409140E0
:104E10003143F0CC63431A1500235A41554356439E
:104E20005743BF02F412760576196741ED177F19D3
:104E3000801BB94170470C220020C917490001317D
:104E40000905DBE70902030E194300025342203231
:104E500008D40C0019419440D8402043002250410E
:104E6000514170470800C917203B2032F1D500207E
:104E7000002100227047000000B5FFF79DFF30A41D
:104E8000FFF7B8FF00242C4D2C4ED20702D3F64377
:104E90006D426641520004D2A246A346A846B146DE
:104EA00003E0A046A146AA46B3466EA4A446012745
:104EB0001F26FFF784FE0137013E212FF9D100BDE7
:104EC000594684B28DB26C43061475430B145E438D
:104ED00082B25A43AD18EA1700D7D2431204B6186B
:104EE0002A042B0C12197341404649469D009B171A
:104EF000920F2A43904199413E2222E7494684B2CB
:104F00008DB26C43061475430B145E4382B25A4350
:104F1000AD18EA1700D7D2431204B6182A042B0C96
:104F200012197341504659469D009B17920F2A4310
:104F3000504159413E2204E7BB4DF09DC556F6361F
:104F40007D5100001A61140085880A00FB211900B8
:104F5000F0B5FEF78FFD404D0C002C4001D0AC4267
:104F600002D1090D090500201C002C4001D0AC42E3
:104F700002D11B0D1B0500220026ED02002B04D5DB
:104F800002266B40694000D476424F1904D59942FD
:104F90000CDD0136694003E0BB4207DA013E6B409D
:104FA000070010003A000F0019003B0040B4002A2F
:104FB0000FD1002B0AD05C006415013409D14C00DC
:104FC0006415013402D10139013B02E000200021C7
:104FD0002EE0FFF715FD3E22FFF734FE82468B469A
:104FE0000020002180460122920791461DA4A4467C
:104FF00001271F26FFF7DCFD0137013E212FF9D1E4
:105000004A4653460C3A01246407002752081B0005
:1050100005D49341001979416408F7D104E0534164
:10502000001BB9416408F1D1CE0749104008304354
:1050300040BC002E0AD0094C094D01D5E443ED4394
:10504000F60701D100196941001969413D22FFF7B6
:1050500078FEFEF715FDF0BD0000F07F8D305A8818
:10506000A8F64332694FBB610567AC1DB16E40962F
:10507000FCBAAD0F72DB0BABA66EF50739BD9FE531
:1050800076ABFE034B6297BA5BD5FF01D694DBDDAE
:10509000AAFAFF005DEAEE5655FF7F006E77B7AAC9
:1050A000EAFF3F00BCBB5555FDFF1F00DEADAAAABD
:1050B000FFFF0F006F5555F5FFFF0700ABAAAAFED3
:1050C000FFFF03005555D5FFFFFF0100ABAAFAFF14
:1050D000FFFF00005555FFFFFF7F0000ABEAFFFF19
:1050E000FF3F000055FDFFFFFF1F0000ABFFFFFF6C
:1050F000FF0F0000F5FFFFFFFF070000FFFFFFFFAE
:10510000FF0300000000000000020000000000009B
:10511000000100000000000080000000000000000E
:10512000400000000000000020000000000000001F
:105130001000000000000000080000000000000057
:105140000400000000000000020000000000000059
:10515000010000000000008000000000000000408E
:1051600000000000F0B5FFF727FE54A4FFF742FE51
:10517000002904DA204C214D00196941013A04B498
:10518000012752A6002201239B0730CEB446001B04
:10519000A9410BD47E4220361D003D411C00B44085
:1051A0001600FE40344362416B4101E00019694141
:1051B00066460137212FE8D185B29EB275430714A8
:1051C0007E43190C4F4384B24C43F1173619002427
:1051D000614109047F183404310C64197941A40F2A
:1051E0008800204389178018594104BC52423E323E
:1051F000FFF7A7FDF0BD00006BDE73F4FD855C2CAE
:10520000F0B54F0050D27F154ED001374FD0FFF789
:10521000D3FD04B44902C20D1143400201272BA65D
:10522000B446002200237E4220360D003D410C0092
:10523000B4400600FE40344344414D41AE0F05D119
:1052400020002900664630CE121BAB410824A4443E
:105250000137212FE7D18900891012184B4180BCFA
:1052600017A413CC0137784379437C434F05C91207
:10527000CD17C0196941A702A415CD17C9196C41F2
:10528000DD17801859416C413E22CD17AC4208D041
:1052900000090E0730430909260731432411043A57
:1052A000F3E7FFF74EFDF0BD02490020F0BD0249D3
:1052B0000020F0BD0000F0FF0000F07FAAB8000061
:1052C0006BDE1300A3EF0F0021170B00F34B98BF09
:1052D000EC23F319D6104DCDE3FB470E7AB9BC8A07
:1052E000DBC18907CC542C021846E103053083E763
:1052F000B029F8011E1FE0874505FE00249E41AC41
:10530000A9807F008117624515E03F00E610ABA938
:1053100002F81F008858455500FE0F00C4AAA90ACC
:1053200080FF070056455501E0FF0300ABA92A00A6
:10533000F8FF010045550500FEFF0000AAAA008005
:10534000FF7F0000551500E0FF3F0000AB0200F8B2
:10535000FF1F0000550000FEFF0F00000B0080FF44
:10536000FF0700000100E0FFFF0300000000F8FF5E
:10537000FF0100000000FEFFFF0000000080FFFFB3
:105380007F00000000E0FFFF3F00000000F8FFFF8B
:105390001F00000000FEFFFF0F00000080FFFFFF66
:1053A00007000000E0FFFFFF03000000F8FFFFFF21
:1053B00001000000FEFFFFFF000000000000008071
:1053C0000000000000000040000000005143434383
:1053D000C9188C46110C83B24B4310B4040C6143C2
:1053E00092B280B2504362431C041B0C001910BCE3
:1053F00059411304120CC018514161447047000018
:105400004840414048400E4B5B6818470C4B1B68B6
:1054100018470C4A936F9B0802D2094BDB68184768
:10542000F0B5146E556E576F166FFFF7F6FF054A0D
:105430001466556657671667F0BD014B9B681847A1
:10544000D8280020000000D007B54840414048401F
:1054500001E0C04607B54200120E03D0FF2A03D177
:10546000420218D8C00DC0054A00120E03D0FF2A10
:1054700003D14A020FD8C90DC9050122414005D404
:10548000414001D5814207BD884207BD014349180B
:1054900001D0C043001807BD00B5FFF7DBFF804116
:1054A00000BDC04600B5FFF7CFFF01D9002000BD09
:1054B000012000BD00B5FFF7C7FF804100BD491ABC
:1054C000002807D108467047C10FC90700D54042E0
:1054D000002817D0F44603B40B4B1B68984706BC52
:1054E00081409E384042803107D20B0607D04900E8
:1054F000490AC0051043084360470130F8E7490AEC
:105500008902F5E77047000050390020014B5B6AC3
:1055100018470000D8280020034BDB6FFC461847D3
:105520007CDFDD5500100000D8280020C11502D412
:10553000054B9B691847C843FF2801D1C007704736
:10554000C817C00570470000D8280020132310B5E5
:1055500012481C78FDF7B0FE0100012C0AD003DDD3
:1055600080220F4800F076F80E48FDF79DFE0E4BA6
:10557000186010BD0A4C5422200000F06BF80B4B51
:105580006365A365E36523666366A366E3662367D5
:105590006367A367E3672362E361E5E753460000BF
:1055A000D82800204C33000050390020B15500109D
:1055B00007B5604601880A0A0230DF2AFAD1C9B26B
:1055C000820804D3028840880004104300E0006889
:1055D000014A5050039007BDD8280020C30FDB07B5
:1055E00041000A0E07D0FF2A08D00909054A891888
:1055F0001943400770471900002070470249C91835
:10560000FAE70000000000380000F07F10B5040049
:1056100006F024FD002804D0034B04199C4200D856
:1056200010BD0248FCF7C4FB0000042038CB00107A
:1056300010B506F01DFD10BD01480421014B1847AF
:1056400090200020C9320010014B1B681847000051
:1056500090200020014B5B6818470000902000203C
:1056600010B5FFF7D3FF10BD10B5FFF7E1FF10BD78
:1056700010B5FFF7DDFF10BD9A4200D28854704785
:105680007047C046F8B55746DE464E464546E0B53B
:1056900099460A9B07009A460D9B884693460B9CA9
:1056A0009B073BD10C9B9C423DD21E1B0B941500CB
:1056B0000C005E442A004B46013521002020B847EB
:1056C000B542F7D1A0460B9C002C20D04546361998
:1056D0005346321B013C185D29004B46B847002C4D
:1056E000F6D12B00350098460D9B9B070FD55B46E6
:1056F000EC1A0C9BA3420AD9464698462A004B4610
:10570000310020200134B84701354445F6D3280044
:10571000F0BCBB46B246A946A046F8BD160015002F
:10572000002CD3D1E0E71600002CCFD11500EEE716
:10573000F0B54F464646D646C0B584B098460EAB47
:105740001B7894469946129B0D9C109F119E9A07B8
:1057500025D4002E65D1BC4221D201221A409246A6
:10576000202C00D1E9E00C9A551E302202E0202CBA
:1057700000D17BE001342A55A742F8D85246002ACE
:105780000DD0B4420BD20C9A551E3022202C02D1DF
:1057900071E0202C2DD001342A55B442F9D1DA061B
:1057A0003CD55A052ED4002C28D10F9A102A00D1AE
:1057B000B6E0022A00D1BCE030220C9C2270012409
:1057C0004A46002A65D15A0700D499E02B220C9D45
:1057D0002A55013403930C9B62460093029643467C
:1057E0000194FFF74FFF04B0E0BCBA46B146A846AB
:1057F000F0BD2024DA06EDD55A0503D4A74266D0C1
:10580000B44264D00F9A102A71D0022A57D0202CAB
:10581000E0D02200013430250C9FBD54202CD9D07B
:10582000CEE7012215001D40AA461A4236D04A464C
:10583000002A4AD10C321A4247D1BC42A1D2202CB4
:1058400091D1202E17D82024DA06C3D55A051BD4AF
:10585000202F01D0202ED5D11F220F9D102D6FD0CB
:10586000022DD8D162250C9FBD54D0E75246002AA4
:1058700079D0202EBDD92024DA06ABD55A0503D421
:10588000202FE9D0202EE7D00F9A102AA2D1202471
:10589000A0E72D220C9D2A5501349BE7BC4200D382
:1058A0007DE7202C00D05EE7DA06F0D55A05EED46D
:1058B000202F62D0202EEAD134001F22CDE7202CE9
:1058C00000D187E722000134CCE7013EB5E7621E34
:1058D000012CC2D10F9A102A00D06AE79A063BD554
:1058E00058220C9C2270283A6270022468E79A06BB
:1058F0000ED4202CCBD078220C9D2A55013486E77B
:105900001A0700D466E720220C9D2A55013461E76E
:10591000202CBCD058250C9A12191570013476E74A
:105920009A0608D558220C9C2270302262700224FC
:1059300046E76032F7E77822F5E7002A83D1B3E73C
:10594000A21E013C9D0603D478250C9FBD5460E740
:1059500058250C9FBD545CE778220C9C2270483A75
:10596000627002242CE7DA0600D433E75A058BD4A0
:10597000202F00D044E71F226FE73C001F226CE776
:1059800010B5002800D110BD01F09CFBFBE7C0461C
:105990000B0010B5002802D049681B68984710BD5D
:1059A000F0B557464E464546DE46E0B599B08246CC
:1059B000894690460893229A239B10001900FEF70F
:1059C000FEF8002800D0CDE0229823990122D94B7F
:1059D0005242FEF7EFF8002800D0C3E02298239946
:1059E0000122D54B5242FEF7CFF8002800D0B9E093
:1059F0002298239900220023FEF7C6F8002800D041
:105A0000F1E1229E239F8023269ADB001A400D920B
:105A1000269A1A4201D1062324938023269A1B0139
:105A20001A403B0093460996334300D0B3E0002A66
:105A300000D0C2E1002300240A930B940023042524
:105A40000993259B0024AB4200D95C1B0223269AB4
:105A50001A400C92269A134203D06B426B415B4270
:105A60001C40099B002B07D00A9A0B9B3000390081
:105A7000FEF721F806000F00229823990022002348
:105A8000FEF782F8002803D0802109067B181F004A
:105A9000269AAA4B009601971340089E0493249BD4
:105AA00003940293424633004946504600F0AAF957
:105AB0000400002D67D02020269A4946024013009A
:105AC0005A4253415B42621C18400A923300220042
:105AD0004530D047099A6F1ED317D4185C40D30FB6
:105AE0009B46002501E0202D13D008AA94461F23D1
:105AF000200063440A2101355E19FDF783FD303132
:105B0000317020000A21FDF77DFD26000400092EDA
:105B1000E9D805230693002304930A3303935B46D5
:105B2000089E029310AB0A9A0093494633005046F0
:105B300005970195FFF7FCFD0C9A0400002A22D07E
:105B40004246851A259AAA421DD9B04657461600E4
:105B500022004346494620200135B8470134AE4271
:105B6000F6D810E0269B42460493259B49460393B2
:105B7000249B50460293229B239C00930194089BF4
:105B800000F040F90400200019B0F0BCBB46B2465A
:105B9000A946A046F0BD6A4B78009C46400D604483
:105BA000FEF71EF8674A684BFDF7A3FF674A684B8C
:105BB000FDF778FF674A3B031B0B1A4304000D00F7
:105BC00009981100644B0022FDF763FF634A644BA0
:105BD000FDF78FFF02000B0020002900FDF762FF98
:105BE000FEF716F80990FDF7FBFF5E4A5E4B0400D6
:105BF0000D00FDF77EFF00225C4BFDF753FFFEF723
:105C000007F85B4A5B4B29000C902000FDF771FF01
:105C100004000C980D00FDF7E3FF574A574BFDF7C2
:105C200068FF02000B0020002900FDF732FF04008E
:105C30000D0002000B000A940B95FDF75AFF0400BB
:105C40000D000A980B9902000B00FDF72BFF0022B4
:105C50000E900F914A4B20002900FDF72CFF0022E7
:105C6000484BFDF71FFF02000B0020002900FDF745
:105C700022FF0022444BFDF715FF02000B0020001D
:105C80002900FDF718FF0A9A0B9B0D0080210400E4
:105C9000C9050020FDF7FDFE02000B0020002900D1
:105CA000FDF700FF02000B000E980F99FDF703FFB0
:105CB0000022284BFDF7F6FE344B0C9C9C466444B6
:105CC00023050022FDF715FF04000D0002000B0064
:105CD000300039000A940B95FDF756FF00285DD17E
:105CE00023002A00C625099963318D42AD415946EA
:105CF0006D420435002900D1A3E6134363D0300080
:105D00003900234A234BFDF74DFF002807D000221E
:105D100030003900204BFDF737FF002853D1249B7A
:105D2000002B00D18DE60D9B5A1E9341249AD31A65
:105D3000249386E6FFFFEF7FFFFFEFFFFFF7FFFFF4
:105D400001FCFFFFFB799F501344D33FB3C8608B26
:105D5000288AC63F0000F03F0000F83F61436F63B0
:105D6000A787D23F71A379094F930A400000E03F13
:105D70001655B5BBB16B0240EF39FAFE422EE63F35
:105D800000002C400000244000001840FF030000E9
:105D90002D431CEBE2361A3F80842E41099B0022E2
:105DA000013B09932000164B2900FDF784FE0A00F1
:105DB000010003000A910B9294E7002300240A9348
:105DC0000B9400230993249A099B9A4214DDD31A59
:105DD000013B24938023269ADB001A4300230025ED
:105DE000269209932DE6802212069446229B1E00DD
:105DF000239B63441F0006E600232493EAE7C04682
:105E000000002440F0B54546DE464E465746E0B514
:105E100095B08B46904699461E9A1F9B0A90190092
:105E20001000209DFDF7CBFE002800D0B0E11E98A9
:105E30001F990122C74B5242FDF7A6FE002800D051
:105E400037E11E981F990122C34B5242FDF7B2FE63
:105E5000002800D0A7E01E981F990022BF4BFDF735
:105E6000A9FE002800D088E01E981F990022BC4B94
:105E7000FDF78AFE002800D07FE01E981F990022BF
:105E80000023FDF781FE002800D0FAE000230B93E9
:105E90008023229C229ADB001C401A4200D102E19E
:105EA000092D00D87CE106A98C462C00172200237E
:105EB0003021093C62440133D154EF1A202B00D128
:105EC00032E1A342F7D10022A44B069207931E9819
:105ED0001F99FDF79DFE0500FDF782FE02000B00F5
:105EE0001E981F99FDF7D5FD069A079BFDF701FE49
:105EF00008900991FDF7B0FE0600FDF76DFE020067
:105F00000B0008980999FDF7C4FD0022954B0890F5
:105F10000991FDF74FFE002800D1D2E00136300094
:105F2000FDF75AFE069A079BFDF73CFE002801D0BC
:105F300000260135AA46002F00D098E02800FDF782
:105F40004FFE02000B001E981F99FDF7A2FD854B26
:105F5000002206000F00FDF717FE0CAB9A46002842
:105F600045D10022300039007E4BFDF723FE00288A
:105F70003DD1EB073BD5013539E0229B42460493E6
:105F8000219B594603930A981E9B1F9C02950093E0
:105F900001944B46FFF704FD15B0F0BCBB46B2467A
:105FA000A946A046F0BD229B5B0767D403226E4B37
:105FB00022990192039121990291009342464B4606
:105FC00059460A98FFF75EFBE6E706AA94461723B0
:105FD000280063440A2101341E19FDF7EBFA303121
:105FE000280031700A21FDF7E5FA051E76D0202C35
:105FF000EBD10323229A1340012B1DD1219B002BAF
:106000001AD00B9B002B00D0BBE0229A0C3313421A
:1060100000D0B6E0219BA34200D887E006AB9C46A7
:1060200017223023624404E02199013413558C4235
:1060300059D0202CF8D12024229B01940393219B3A
:1060400002935346B9E706AA944617230A216344EC
:10605000300001341D19FDF7D5FA303129703000B8
:106060000A21013FFDF7CEFA092E46D90600202C61
:10607000E9D155460CAB20249A46B8E704223B4BA5
:1060800096E71E9A1F9B00200021FDF702FD0123C9
:106090000B938023229C229ADB001E901F911C40B0
:1060A0001A4200D0FCE60022314B062706920793E5
:1060B0000DE7229B0393219B0293042301932D4B15
:1060C0007BE7002208980999264BFDF75DFD002823
:1060D00000D02FE7002E4FD101362BE70323229A61
:1060E0001340012B66D0202CA6D00B9B002B1FD079
:1060F0002D235246135501349EE75546202CB9D026
:1061000030233A19002F08D0172006A901340918A6
:106110000B55202CAED09442F6D10CAB9A462E23D0
:1061200052461355013462E72024CCE6202C83D05C
:10613000229B5B0708D4229B1B0700D47CE720230B
:1061400052461355013477E72B2352461355013439
:1061500072E7C046FFFFEFFFFFFFEF7F65CDCD4148
:1061600065CDCDC10000E03F8CCB001084CB00108A
:1061700080842E4194CB0010F30700D4DAE6013678
:10618000D8E6219B013B2193A34200D946E7AAE729
:10619000229B0393219B029303230193074B0CE75C
:1061A000074BEA009B185C681B682F000693079456
:1061B00000248CE6219B002B95D022E790CB001089
:1061C000C0CF0010F0B55746DE464E464546E0B516
:1061D000A5B01F002E9B91460D93CA4ACA4B82461A
:1061E0008B461A60002900D129E2002338789846AE
:1061F000002800D12BE2C54B44460C93C44B5546B6
:106200004E460E930AE0631C98462200330059461E
:10621000A84744463878002800D187E00137252870
:10622000F1D108239A46043B9946023B9846013B2C
:1062300000229C460B943878791C0300203BDBB28B
:10624000102B03D80C9C9B00E3589F460300303B67
:106250000B9C0B92092B3AD9002398462A2800D18F
:10626000DDE000239A462E284BD00300683BDBB2CA
:10627000122B1ED80E9A9B00D3589F4663460F00E0
:106280001A43D8E743460F001A43D4E74B460F00A2
:106290001A43D0E710230F001A43CCE753460F00F0
:1062A0001A43C8E780235B000B9A78781A430B9255
:1062B00001310F0067284FD82428A4D90300253BBB
:1062C000DBB2422B9FD893499B00CB589F460023BB
:1062D00098460B9B47469C4600E00131BB00DB190A
:1062E0005B001F180878303F0300303B092BF4D9BE
:1062F00063460B930023B8469A460F0001312E28BF
:10630000B3D180200B9AC00002430B92302252423C
:10631000944678780B0084446246092A00D8AAE1A2
:106320002A2800D1B9E10F0001319EE7A046AA4614
:10633000B146C84503D301235B424B4498464B46C4
:10634000424659460020D047200025B0F0BCBB464D
:10635000B246A946A046F0BD01006939C9B20F296D
:1063600000D950E701238B409C466B4B994663460E
:106370004A4613400F9362464B461A4200D068E1EA
:106380000A2956D0072900D03DE70D9B02CB98463D
:10639000002900D092E10B9B10211A008A431000C3
:1063A00011310843814680201A00C00002401100CC
:1063B00003421CD114AB9C461F220F2362440D954F
:1063C0009C4615000F9B0B9402E0202B0CD0110073
:1063D00064460C4020003730092C00D807380133C0
:1063E000E8540A090F29F0D80B9C0D9D0F934B46DA
:1063F0000822069353460592083203920022049322
:106400000F9B029201931CAB22000093594633006C
:106410002800FFF78DF9434604000D93FAE60D9B23
:1064200004CB9046002A79DB78780D930F00013178
:1064300017E70D9B02CB14930B789C46180053462C
:10644000002B00D134E1002815D05346013B013325
:1064500099460D940B9C89444A460B00A14601E0E5
:10646000934203D05C780133002CF9D14A465B1A81
:106470000D9C0B920F938023DB0099460B9A1340DF
:106480000D934B461A4204D00F9B534501D95346F6
:106490000F93022399460B9A13400B934B461342DA
:1064A00000D1F5E16346002B00D1D6E10D9B002B16
:1064B00000D182E10B1BD14631009A463B00A1443A
:1064C0002E005F464D4622009B46894609E04B461A
:1064D0003900541CB0475346185D002800D192E1A2
:1064E00022009542F3D14B465A46A946BB46350099
:1064F00017001E004C460B9B002B00D0ADE1149BF7
:106500000D9387E6C56100104838002024CE0010A6
:1065100068CE0010B4CE0010419000000B9A2838CD
:1065200002430B9242465242787890460F000D93F8
:10653000013196E678786C2800D15DE180230B9AD2
:106540005B001A430B920131B3E680239B00ABE65C
:106550007878682800D148E180230B9A01311A43EA
:106560000B92A6E6672800D1B2E0472800D11AE1D5
:10657000452800D11CE10B9A0721049242460D9B4D
:106580000392073352468B43190002920CC928002C
:10659000009201930D91220033005946FFF700FA53
:1065A000040037E6462800D18DE00B9A07210492BB
:1065B00042460D9B0392073352468B4319000292C9
:1065C0000CC92800009201930D9122003300594616
:1065D000FFF718FC04001DE6631C984622003300F8
:1065E00059462520A847444614E60D9B04330F93D3
:1065F000631C99460B9B9A0700D40AE10D9B22006D
:10660000187859463300A84743464444012B00D824
:106610006FE1B0462E0025004C46B9465F46220089
:106620004346013439002020B047AC42F7D12C005A
:10663000BB4635004F4646460F9B0D93EAE5D64BC9
:1066400038789A4600239846002800D0D3E50024E5
:106650006FE66F2842D000D8FDE11023782800D1E2
:106660009BE00B9A9A430B920A239C4600231493B7
:106670000A330F9338E057460B9AB900C9194900FD
:1066800001330F181878303F010030390929F4D947
:10669000BA460B921F00591CE7E50D9BB87804CB56
:1066A0000237D143C9170A4092460D93791CDCE5A5
:1066B000002800D1DFE602235B42C8E621200B9AC6
:1066C0000243914676E620230B9A1A430B926CE71D
:1066D00080230B9A1B011A430B924CE708239C461C
:1066E0000023149308330F930B9880230200DB00E0
:1066F0001A4011000200184200D080E00C239A4397
:106700001000802302009B001A400B92184200D018
:10671000F1E0802302005B001A4091460D9A04329A
:106720001492184200D0C3E2430600D5D7E0030616
:1067300000D421E30D9B1B880993002B00D02DE191
:1067400010339843002900D128E10023994643469D
:106750000593534604930F9B0690039300230293E3
:106760004B4601931CAB220000935946330028008E
:10677000FEF7DEFF0400C2E6582809D0622800D0E8
:10678000E3E202239C460023149302330F93ABE70A
:1067900020230B9A1A430B92103B9C460023149320
:1067A00010330F93A0E780230B9A1B011A430B921F
:1067B00020230B9A1A430B92DDE60B1B9A460F9B84
:1067C00099463B0037005E469B4622003B00310065
:1067D000A84753460134185D0028F6D14B460F9365
:1067E0005B46B3463E001F0085E6C0230B9AB8788F
:1067F0001A430B92F91C5CE5C0239B00F6E70D23BE
:106800009A4310007DE75B463500BB464E461F00AD
:1068100071E64346012B66D9631E434432002E00C5
:106820001D003B00A2465F4691469B4622004B4618
:10683000013439002020B047AC42F7D15B46350027
:10684000BB464E46A14654461F000D9B4A4618784B
:10685000594633004444A847EEE60F9BA1469845AD
:1068600000D84CE64444E41AB0462E0025004C46BD
:10687000B9465F4622004346013439002020B04724
:10688000AC42F7D12C00BB4635004F46464636E6B3
:106890000F98804500D873E24346E218131A32007D
:1068A0002E001D003B0091465F469B460F91220043
:1068B0004B46013439002020B047AC42F7D15B464B
:1068C000BB461F0043460F9901330F930B783500E9
:1068D0009C464E466046002800D0E7E50FE60D9B3B
:1068E0001B78099329E70D9B22001878594633003D
:1068F000A8474C46A0E60D9AFA3BFF3B07329A4365
:106900000133994691444B460D9313685268159292
:106910001A4306D11032904300220992002900D078
:1069200083E06122810600D54122D2B20A9214AAE4
:1069300091460A9A00210A3A0B9242461792524611
:1069400018925A46B24609911E001F31149B4944C1
:10695000BB4616941A950024674698468946159DAD
:1069600019901B920AE03032D2B24B4601341A55CC
:10697000A8454CD0202C4CD006000D003A00002336
:1069800030002900FCF77CFED2B2092AEBD90B9B20
:106990009C466244D2B2E8E7815600106123820629
:1069A00000D54123DBB20A3B0B93434614A91F22B7
:1069B0008C46159353466244B2460D9417974C4645
:1069C0008046A9461700099D0F9E169308E03033B4
:1069D000DBB201343B55B5420ED3202C0CD0050060
:1069E00031002800FCF70EFECBB20929EFD90B9A33
:1069F00094466344DBB2ECE7159B40469846169BF1
:106A00004D465646A1469A460D9C179F9FE6B742B3
:106A1000B0D9179B56469846189B5F469A461B9BD3
:106A200009949B46169C19981A9D43460593534614
:106A300004930F9B0690039300230293099B0193F9
:106A40001CAB22000093594633002800FEF770FE6D
:106A50000400FFF7DFFB10230B9A9A430F9269287B
:106A600000D091E10B9980230A00DB001A4010004E
:106A70000A00194203D0112118008A430F920F9A7D
:106A8000802311009B0019408C461A425BD1802361
:106A900011005B00194089460D9904310B911A428F
:106AA00000D0B2E013005B0600D4EDE00D9B1B7834
:106AB0001A00D90F0D91002B00D1A3E0100014AAE9
:106AC000944642461F23159252466344A846BA464E
:106AD0004D461494B14604001F00169201E0202D8B
:106AE0000FD020000A21FCF78DFD01357E193031D1
:106AF000317020000A21FCF785FD26000400092ED4
:106B0000EDD8159B4E46A94645469846169B5746D6
:106B10009A46149C0F9B0693434605935346049351
:106B20000A2303930D9B02934B4601931CAB220057
:106B30000093594633002800FEF7FAFD0B9B040032
:106B40000D93FFF767FB07220D9B07339343013239
:106B500094469C4462460D920CCBD90F0B911100C8
:106B6000194300D19BE0D917139112915140109114
:106B700013995940119110981199129A139B801AE8
:106B800099411090119114AA9446424600231592FF
:106B900052469946169232001F336344A8464E4629
:106BA000BA4614941F00109C119D914601E0202EBE
:106BB00010D0200029000A220023FCF761FD0136D5
:106BC00030322B00BA550D0022000400002BEED10C
:106BD000092AECD8159B10941195454698464B46CA
:106BE000169AB14657461E009246149C0F9B069378
:106BF00043460593534604930A2303930B9B029346
:106C00004B461CE7002885D159E70D9B1B68DA0F1E
:106C10001100002B00D1A6E0DA179818504014AAF2
:106C200091461F2342464B44A8460D9416970400F4
:106C30006546B1461F001491159201E0202D0FD03A
:106C400020000A21FCF7DEFC01357E19303131705D
:106C500020000A21FCF7D6FC26000400092EEDD8FE
:106C6000159BAC4645469846149B4E4619000D9C14
:106C7000169F0F9B02910693434605935346049338
:106C80000A230393634650E713001B066ED50D9B42
:106C900000229B5ED9175A184A4092B209E7002396
:106CA00099460028A2D100220023109211936AE78E
:106CB0000D9B1B689946002B03D110339843002984
:106CC00038D16123820600D54123DBB20A3B0D9304
:106CD00043461693534614A91F228C4617932B0044
:106CE00062444D46B246159418978046170099465F
:106CF0000B9C0F9E08E03033DBB201343B55B542AC
:106D00000ED3202C0CD0050031002800FCF77AFCB3
:106D1000CBB20929EFD90D9A94466344DBB2ECE774
:106D2000169B40469846179B56464D469A460B94EE
:106D3000189F159C43460593534604930F9B06905A
:106D40000393002302930B9B0BE50B9980230A000E
:106D5000DB001A4010000A00194200D08BE6102315
:106D60009A430F928BE6002883D158E70D9B1B684E
:106D7000D9175A184A409CE60D9B1B680993DCE41E
:106D8000030001330F93A5E50B926DE40CB430B50D
:106D900085B008AC08CC064D0A000094010028001C
:106DA0000394FFF70FFA05B030BC08BC02B01847D7
:106DB0007956001000B585B003910121029000932F
:106DC000034813004A4202A9FFF7FCF905B000BDD1
:106DD0009159001010B5094A0300146884B0002CC2
:106DE00008D0012200910648524203A9A047012081
:106DF00004B010BD00F0B2F90020F9E748380020D7
:106E00008159001000BEFDE7094A03001068002800
:106E100005D00849C3188B4207D81360704706484D
:106E20000449C31810608B42F7D901204042F5E7AE
:106E300044340020000004208439002000207047E2
:106E4000012040427047C04610B5FFF7DBFFC04647
:106E500070B5FCF78BFA074D074EB54209D20024F6
:106E6000013E761BB60808CD984723000134B34293
:106E7000F9D170BD9CC70010B0C70010030010B559
:106E8000080011001B68984710BDC046F0B5C64603
:106E900000B5437D07000D001600002B38D0002AF6
:106EA0002EDD00216A1E90466A5C037D4C1C00208A
:106EB0000A2A0CD0A64216D043461B5D21000D3B8A
:106EC0005A4253416A5CDBB24C1C0A2AF2D1002BB5
:106ED000F0D1884217DB022110483B689847A64250
:106EE00007D02000E8E7864203DD311A3B68281806
:106EF0009847AD19013D2B780D3B5A4253413B75E4
:106F000080BCB846F0BD091A3B6828189847E2E7EC
:106F10000368110028009847F2E7C04610D000101F
:106F2000F0B5C6460B6806000C0000B5802B06D0F5
:106F30005A1C2260E418267180BCB846F0BD0F4B85
:106F40001D68002D16D00B1D98460D4F02E02D69CF
:106F5000002D0FD02B68002BF9D03B68002B01D0FF
:106F6000AB42F4D1280041462268FFF78FFF2D691C
:106F7000002DEFD101220023DBE7C046383400208A
:106F800040340020F0B5DE4657464E464546E0B553
:106F900085B017001C0006000D00FBF70BFF002357
:106FA000314A12184B41802109068B4202D301223B
:106FB0002E4B52422E4908008A4605F091FB019063
:106FC0006B1C03D1300005F0C5F80500002C26D05D
:106FD000284B9846284B1C68002C15D0002F21D137
:106FE000264F02E02469002C0ED02368002BF9D034
:106FF0003B68002B01D09C42F4D120002A003100D4
:10700000C0472469002CF0D1019B002B28D1280017
:1070100005B0F0BCBB46B246A946A046F0BD184B31
:107020009846D7E7154B994602ABDF1D0A239B46CE
:1070300002E02469002CE7D02368002BF9D04B46EE
:107040001B68002B01D0A342F3D12A00310020009D
:10705000C0475B460122390020003B70C047E8E78B
:10706000504605F0C5FAD2E740420F00FFFFFF7F10
:10707000442600208D6E001038340020403400205B
:107080007D6E00100A4A1368002B05D10CE01A002F
:107090001B691032002B07D09842F8D1002902D189
:1070A00003691360016170470029FCD01060FAE7A2
:1070B0003834002010B500F0B3F900F0FBFB0120DC
:1070C00010BDC046F0B5CE46474680B583B06B468E
:1070D0000600DD1D2870FBF76DFE00231A4A12180A
:1070E0004B41802109068B4202D30122174B5242A9
:1070F00017490800884605F0F3FA164B81461C68CC
:10710000002C14D0144F02E02469002C0FD0236807
:10711000002BF9D03B68002B01D09C42F4D1200019
:1071200001222900FFF7B2FE2469002CEFD14B4663
:10713000002B05D1300003B0C0BCB946B046F0BD4D
:10714000404605F055FAF5E740420F00FFFFFF7F8C
:1071500044260020383400204034002070B504005C
:1071600004F0F8FF01230100050001222000FFF7D1
:1071700009FF084B1C68002C06D06368002B05D063
:1071800098472469002CF8D1280070BD2469002C90
:10719000F3D1F9E738340020F0B5CE46474680B544
:1071A000A3B004000D00FBF705FE0023294A1218C6
:1071B0004B41802109068B4202D30122264B5242C9
:1071C000264F380005F08CFA0023060001932200B8
:1071D0002B00234801A9FFF7EDFD019B8046002B02
:1071E00014D1204B1C68002C06D06368002B0BD0F8
:1071F00098472469002CF8D1002E25D1404623B0B1
:10720000C0BCB946B046F0BD2469ECE7154B1D681B
:107210009946002D1CD0144C02E02D69002D0FD092
:107220002B68002BF9D02368002B01D0AB42F4D19E
:107230002800019A02A9FFF729FE2D69002DEFD140
:107240004B4601951C68CEE7380005F0D1F9D5E72B
:107250000195D1E740420F00FFFFFF7F4426002049
:10726000216F001038340020403400200FB400B5E6
:1072700083B004A901C90191FFF78EFF03B008BCD8
:1072800004B01847F0B5002915DD0E4B0D271A681C
:107290000D4B0E4CD3185D426B41451820215B000D
:1072A0001E5F0478A64207D093691942FCD10130D1
:1072B0001460A842F5D1F0BD93691942FCD1176062
:1072C000F2E7C046643900200080FCBF603900202E
:1072D000204B70B504000D1E1E682ADD0020102111
:1072E0001D4B013C1A689369194214D1013093690E
:1072F0001942FCD1136823548542F4D1002E08D0E2
:1073000050239363516B183B0B4014498C466244E5
:10731000136028000CE0002E08D050239363516BBB
:10732000183B0B400D498C466244136000280DD079
:1073300070BD002E0AD05022074B1B689A63596B10
:10734000183A0A4005498C4663441A6003204042BB
:10735000EEE7C046D033002064390020341000002E
:10736000064B10B51B68002B06D00021044A12689A
:107370009163044A1068984710BDC046D03300207E
:1073800064390020D83300200822034B19688B6928
:107390001A42FCD17047C04664390020F8B51A4F34
:1073A0001A4B3A680500D31858424341184E14331B
:1073B0001C003368002D02D0002B0FD0F8BD002B2D
:1073C000FCD0002120009563FAF7B8FD2000114998
:1073D000FAF710FF104B35601D60EFE70E4B2000F1
:1073E00019600C493560FAF7E1FD01212000FAF738
:1073F000A5FD50223B689A63596B183A0A40074929
:107400008C4663441A60D9E7643900200080FCBFD1
:10741000D033002061730010D833002034100000F6
:107420000D4B10B51B780D4B0D4C1B780D4B0221ED
:107430001B780D4B00202360FAF766FC0221012027
:10744000FAF762FCE12120684902FBF701FD012106
:107450000648FFF717FE10BDA8D80010A4D80010EA
:1074600064390020A0D8001000400340A020002074
:107470007047C0460022014B1A70704780390020C7
:107480004B790020FF2B0BD18B79002B08D1CB79C6
:10749000012B05D1082A03D9024B8A7809301A70CA
:1074A0007047C046803900200120704710B501297F
:1074B00001D0012010BD13495379107909781B02BE
:1074C000034300209942F5D15378012B08D0022BB9
:1074D000F0D1002064220021FBF790FE0120E9E7B3
:1074E000D37891781B021943DB0507D54A0A1000AF
:1074F00001231A407E331940FBF708FF01204A0A96
:107500004042F5E78039002000487047F8D000106D
:1075100070B5050014000120012909D1537800201D
:10752000012B05D1637912791B021343072B00D07D
:1075300070BD21002800024A9F3301F05FFAF7E78F
:1075400050D00010012303700048704730D0001065
:107550004B780A781B0213438A7810B512041A4339
:10756000CB781B0613439622D200934200D010BD65
:107570000022012011004042FBF7C8FE024B1860B8
:10758000024B19607047C046D4330020DC33002022
:1075900010B5024B1878FAF7EFFC10BD81390020C6
:1075A000154B70B51A68002A22D0EFF3108172B61D
:1075B00010680028FCD0BFF35F8F00200F4A59608D
:1075C00010701B68BFF35F8F186081F31088002470
:1075D00000250B4E3078FAF7C3FC002804D10024B4
:1075E00000252900200070BD3078FAF7C5FCF8E7C7
:1075F000FA240025A400ECE754380020823900204A
:107600008139002070B5040000200E0001F016FB47
:10761000002836D0002001F027FB002831D0FBF7EE
:10762000C9FB0023184A12184B41802109068B42DE
:1076300016D2164D280005F053F8002821D000205E
:1076400001F0FCFA00280FD101200021404200F097
:1076500009FD03246442280004F0CAFF200070BD25
:1076600001220B4B5242E4E7002001F0FDFA002812
:10767000EAD021003200002001F000FB041EEAD114
:10768000E7E703246442E9E740420F00583900204D
:10769000FFFFFF7F10B5FBF78DFB00230E4A12188A
:1076A0004B41802109068B4202D301220B4B5242EF
:1076B0000B4C200005F014F800280CD0012000210C
:1076C000404200F0CFFC002001F022FB0028F5D161
:1076D000200004F08DFF10BD40420F00FFFFFF7F30
:1076E00058390020F8B5DE46574680B505000C0035
:1076F000FBF760FB0023374A12184B418021090633
:107700008B4202D30122344B5242344908008A464C
:1077100004F0E6FF002803D1C0BCBB46B246F8BD6A
:10772000002001F08BFA00284AD00026002C43DD0F
:107730002B4B9B4614E0A919002001F023FB070006
:1077400001200021404200F08DFC002001F0E0FA11
:10775000FBF730FB224BF61918605960B4422BDD61
:10776000002001F02FFBA71B0200B84200DD3A0009
:10777000002AE0D101200021404200F073FC0020EB
:1077800001F0C6FA002001F059FA002814D00020B8
:1077900001F018FB0028E1D1FBF70CFB5B460F0062
:1077A0001A685B68002184460E4812184B419F42BC
:1077B00002D8D3D19445D1D9504604F019FFABE794
:1077C00000200021064B18605960504604F010FF5D
:1077D000A2E7C04640420F00FFFFFF7F583900205C
:1077E000D027002020A1070030B52B4C85B0002108
:1077F000200004F04DFF00281CD1284B1A68002AF5
:1078000016D0EFF3108172B610680028FCD0BFF3D9
:107810005F8F01242248596002781B68D2B204703D
:10782000BFF35F8F0020186081F31088002A17D003
:1078300005B030BD01200021404200F013FC0020C3
:1078400001F012FA0500200004F0D2FE002DEFD066
:10785000144B1B68002BEBD0134A10689847E7E7DE
:10786000FBF77CF80400FBF7A5FAFA22002392004C
:1078700012184B41802109068B4202D301220B4B87
:1078800052420121029100210191094920000091F9
:10789000FBF768F8CCE7C046583900205438002080
:1078A00082390020D4330020DC330020FFFFFF7F2B
:1078B000A1750010D02310B51B0684B01C68FBF71F
:1078C0004DF8FBF74BF9A04202D0002004B010BDE8
:1078D0002A4B002100201B7801F070FD2848036826
:1078E000002B47D00120FAF7C9FDFF23254C26497C
:1078F00020701840FAF75AFB20780121FAF71EFB96
:107900000520FAF741FB002826D1082200211F4854
:10791000FDF79AFEFBF722F80400FBF74BFAFA2278
:107920000023920012184B41802109068B4202D39A
:107930000122174B52420121029100210191154968
:1079400020000091FBF70EF80028BEDB1248012151
:10795000FFF798FB0120B9E70120FAF7BDFA0B4BBE
:1079600001001800FAF7ECFD002205200B49FAF798
:1079700047FBEBE7FAF7C8FDB4E7C046ACD8001008
:107980005839002081390020E97700105438002050
:10799000FFFFFF7FA1750010B82000209175001037
:1079A0000048704794D100100048704740D1001043
:1079B00010B5040017480378002B20D0002C06D106
:1079C000154B16484380063BFF3B038010BD052C3A
:1079D00019D8134BA400E05812490123013804E0E0
:1079E00001330A800231142B0FD0C25C002AF7D178
:1079F000C022DBB25B00920008481343E5E7112187
:107A000000F01AF8DAE70020E0E7CA2303489B00F9
:107A1000DBE7C0466839002009040000103400206C
:107A200028D100101234002010B5024800F0D8F818
:107A300010BDC0466C38002030B54B1E012900D166
:107A4000A7E0664A11780D092C0030349F2900D92F
:107A5000A2E00470012B00D1BEE00F211478214078
:107A60000C003034092900D998E04470022B00D171
:107A7000B2E054782509290030319F2C00D990E0DC
:107A80008170032B00D1A7E00F2121400C0030347E
:107A9000092900D987E0C470042B00D19CE09478B8
:107AA0002509290030319F2C00D97FE00171052B79
:107AB00000D191E00F2121400C003034092900D978
:107AC00076E04471062B00D186E0D47825092900A0
:107AD00030319F2C00D96EE08171072B00D17BE003
:107AE0000F2121400C003034092966D8C471082BBD
:107AF00000D171E014792509290030319F2C5FD81D
:107B00000172092B68D00F2121400C003034092963
:107B100058D844720A2B5FD0547925092900303196
:107B20009F2C52D881720B2B56D00F2121400C0074
:107B3000303409294BD8C4720C2B4DD094792509C7
:107B4000290030319F2C00D9073101730D2B43D010
:107B50000F2121400C003034092901D937310C00A4
:107B600044730E2B38D0D1790C09220030329F2972
:107B700000D9073282730F2B2ED00F220A4011003A
:107B80003731092A01D830321100C173102B23D0AC
:107B900010300023037030BD07345AE737310C0032
:107BA00063E707316CE737310C0074E707317DE795
:107BB00037310C0085E707318EE737310C0095E748
:107BC00007319DE737310C00A3E70731AAE73731CA
:107BD0000C00C4720C2BB1D1C018DAE76C3800204D
:107BE00010B588B004000D2200216846FDF72CFD79
:107BF0000D22002104A8FDF727FD4B236A466846A5
:107C0000137004A90D2204F0E3FC152108222000C2
:107C10006944FDF71FFD08B010BDC046F8B500F07F
:107C200043F90C23194DFF22AB6705201849FAF7D9
:107C3000E7F9184C402200212000FDF705FD402700
:107C4000002301262121144A66702783A260136055
:107C500063545F31618445396354104A104963604D
:107C6000E2602787A1620B606362E26204F0E8FCD5
:107C700080239B052E64EB6490230A4A0120EA507E
:107C80008022094B5202DA64F8BDC0460000115050
:107C9000E1040020483400208400105000011050FE
:107CA0008000105010D001000020115010B50121AB
:107CB0000520FAF743F910BD10B500220021024853
:107CC00000F012F910BDC04668340020044B197052
:107CD000002904D080219023024A8902D1507047A4
:107CE0007C390020002011500B785B0602D14B78C4
:107CF000052B00D070478A78014B1A60FAE7C0461E
:107D000000001150F0B5C646C87800B58007830F53
:107D10001800012B60D08F780A794B797F21394088
:107D2000FC091B024E001343334D32195201AA18AD
:107D3000977001276740577000275B055B0DD77070
:107D40001383D076B846CA00012C32D02B4FBC46E4
:107D50008F016244BC46AC446746BA604746176030
:107D6000002932D0264AC9009046624641445160FB
:107D70003F223F339343022837D0224937190A68FC
:107D80007F01D3180B602049EF19FA608B422ED87F
:107D900036197601AD19EB7E1C499B064A40134308
:107DA0008022120613436A681360012080BCB84623
:107DB000F0BD174FBC468F016244BC46AC446746D9
:107DC000BA6247461760002908D1002364012C19C4
:107DD0006360104BE360E8E70020E7E70B4AC90067
:107DE0009046624641445162C2E75B00C5E7FBF73B
:107DF000B7FAFA68CCE7C046483400208400105037
:107E00000400105050380020FF0F10500000105098
:107E1000800010500001105010B504F011FC10BD8E
:107E200010B57F200C0020404000E409110000192B
:107E30001A00034B4001C01800F056F8012010BD95
:107E4000483400207F23180010B50840CA090B42AF
:107E500003D107497D3B9B1A8B6640008018802226
:107E6000044B40010021C018120104F069FC10BD50
:107E700000201150483400207F22130010B50B4021
:107E80000A4200D110BDC9095B005B1804485B01C0
:107E9000C018002300220349C37004F051FCF1E72D
:107EA00048340020FFF7FFFF80220A4B520410B530
:107EB0001A60094B09491A6010000B689843FBD1FE
:107EC0008022002152010648FDF7BEFB0922054B26
:107ED0005A6710BD00E0004000F0004008C00040BC
:107EE0000000105000001150002310B5C382013370
:107EF000828283760161040004F01AFC002804D019
:107F000080219023074A8902D150200004F080FB91
:107F1000002802D00123237710BD200004F0E8FBE5
:107F2000FAE7C046002011507047C0467047C0466F
:107F300000207047002070477047C0467047C04619
:107F40007047C0467047C046024B5878431E984160
:107F5000C0B27047E82E0020024B18784007C00FCF
:107F60007047C046E82E0020F0B5D6464F4646463C
:107F7000C0B5314B07009A461B780E00FF2B01D08D
:107F8000012044E0002941D0002154222B48FDF774
:107F90005BFB00222A4C2B4B20001A70FAF7B4FA34
:107FA000294B1C60294C2000143CFAF7BBFA200036
:107FB00001F00CFE264B274D1C60274B002B2BD0CD
:107FC0002800FFF7BFFA254B2A78186024490024BF
:107FD000894622490023884610E043461B68620117
:107FE0009B18002B12D05B68002B0FD098472A7883
:107FF0000134E4B2511C2300A1420FDBA242ECD8B1
:108000009B1A5B014B445B68002BEFD10020E0BC66
:10801000BA46B146A846F0BD2A78D7E753463100A4
:1080200038001F70FFF7FAFD0028EFD03800FFF787
:108030003DFE0120EBE7C046EC200020E82E0020AA
:10804000E02E00207D3900203C2F0020E42000207D
:10805000402F00207B39002045750010382D00206E
:1080600050D20010F0B5DE4657464E464546E0B5C4
:10807000C84B91B002931B78FF2B00D13EE1C64B59
:10808000C64E9B465F46C64B0DAC0193C54B009355
:1080900035686A69EFF3108172B61368002BFCD063
:1080A000BFF35F8FA9612800210001F0BDFB6A6961
:1080B000AB69BFF35F8F0021116083F31088002844
:1080C00000D11BE16378082BE2D89B00FB589F4648
:1080D0006368002BDCD0A0689847D9E77F2221791C
:1080E000AF4D0A405300EB189846C80980444046FB
:1080F0000123303005799D430571057903339D4394
:108100000571002A00D100E14346A74A1B7D127881
:10811000934200D3EFE0A54A5B011568ED18002DEE
:1081200000D1EBE0A36862792078AD69A847AFE79A
:108130009F4A1378002B00D1E0E01378013BDBB2BB
:1081400013701378002BA3D10122954D01212B78B8
:10815000042013432B703423EA5C8A43EA54EA5C1C
:108160008243EA540133EA5C8A43EA54EA5C82437C
:10817000EA54237800209B4600F0A0FC602223797B
:108180001A40602A00D1EFE0402A00D1F5E0DB067A
:10819000DB0E012B00D113E1022B00D1C7E0002B35
:1081A00000D0E1E0202A00D11CE2002A00D0DBE070
:1081B0006379092B00D9D7E07E4A9B00D3589F46AC
:1081C000774D2B78DB0700D462E7FFF7BBFE5FE754
:1081D000019BDB78DB0700D45AE76068FFF7A6FE57
:1081E00056E76F4D2B78DB0700D451E7287800075E
:1081F000C00FFFF7A5FE4BE723786A4999468B46E7
:10820000694B6A4998468A4639001A7847460023DE
:10821000B04600254E46894610E053461B686A0169
:108220009B18002B00D176E0DB68300098473A7845
:108230000135EDB2511C2B008D4244DC9542ECD34C
:108240009B1A5B015B44EFE7237858499946564BEC
:108250008A4698463100BB464E461A7800250023D0
:10826000474689460FE053461B686A019B18002B5E
:1082700055D0DB68300098473A780135EDB2511C93
:108280002B008D4207DC9542EDD39B1A009A5B01CF
:1082900094466344EDE7019D542200212800FDF738
:1082A000D3F91022FF214448FDF7CEF928002022FF
:1082B000FF2114304E465F46FDF7C6F900F0F4FB8F
:1082C000FFF73CFEE4E6364D542200212800FDF77E
:1082D000BBF91022FF21281DFDF7B6F92800202246
:1082E000FF21143046464F46FDF7AEF900F0DCFBA7
:1082F0002379AB70CCE6501C984213DA11B0F0BC75
:10830000BB46B246A946A046F0BDA3686279207874
:1083100000F0E8FBBCE646464F46214DE6E74E46F8
:108320005F46CBE71F4D9B1A5B015D19FAE6702390
:10833000217A0B4218D1C80982460F330B405B00EB
:1083400098461948EB1853441B7D007899468342A0
:1083500066D216485B01006881469944002A00D124
:108360005FE14B46002B68D120780021FFF76AFDC2
:1083700080212078FFF766FD8AE6104800F09EFB1A
:10838000012158460EAAFFF7C3F8002800D07FE667
:10839000EAE7C046EC200020A8D10010402F0020C2
:1083A000E82E002050D200107B390020382D00200C
:1083B0007D390020CCD10010EC2E0020117500106A
:1083C000237A0F2BD0D8CF4AEB181B791578AB4204
:1083D0003ED3691C9942C7DB5D1BCB4B6D01ED1889
:1083E000686900F06BFB012158466B690EAA98473B
:1083F000002800D04CE66022150023791D401A4267
:10840000B2D163790A3B012BAED800F057FB6379F8
:108410000A2B00D199E158460EA900F0D9FA37E6A7
:10842000431C4B4500DAF7E04B461B1A5B019946AB
:10843000B5488144002A00D1F3E04B46586900F06A
:108440003DFB4B46012158465B690EAA98479CE7C5
:10845000AE4A5B011568ED18002DC1D184E7A37900
:1084600099466B789945D6D06B78002B00D033E1D4
:108470004B466B70002B00D12BE148460138C0B24F
:10848000FFF792FA002800D17EE143780793022B90
:1084900000D079E10122C179B1468B114911134015
:1084A0000A40302112015B0113432A78A8468A430F
:1084B00013432B7009239A4682445646BA46C37822
:1084C00082781B021343C31805938E4B04938E4B83
:1084D00008938E4B09938E4B0A93059BB34200D8A9
:1084E00055E1737801220B2B03D13378F278F6181B
:1084F0007378042B00D044E1059B00279B1B9BB2A3
:108500000693049B0B921D78002303931BE0099AAA
:108510007B011568ED18002D00D132E1310058467D
:108520002B69069A98478446082803D9069A8242FE
:1085300000D313E1049B01371D78FFB26B1C039736
:108540009F4200DD1DE1BD42E1D8039B5D1B089BFE
:108550006D019C466544E1E76B780CAA023213700A
:10856000584601230EA900F049FA91E5E3881A0A5A
:10857000D8B20F2A00D9F7E666499300CB589F4638
:108580000EA800F0A1FA5846A179FFF795FB022248
:108590002B7813432B707BE5E388012B00D0E3E6B7
:1085A00008222B78584693430EA92B7000F010FA3E
:1085B0006EE5022029780CAB9A1C8B068908DB0F2C
:1085C00001400B431380584602230EA900F016FA0F
:1085D0005EE5E388012B00D0C6E608222B78134322
:1085E0002B7018E7237A0F2B00D9BDE6EB181D7905
:1085F000444B1B789D4228D2444B6D011B685D198A
:10860000002D00D1B0E6686900F058FA0121584603
:108610006B690EAA9847B8E6002A00D0A4E60023AA
:10862000994662790220130003928343012B15D0EF
:10863000002A00D098E62B004344534430331B7982
:108640000CAA9B07DB0F0232BCE75A1CAA4200DAD5
:108650008AE6ED1A2C4B6D01ED18D4E7E388002B68
:1086600012D1029B1878039B012B23D0FFF7EAFB62
:1086700043460221EB18534430331A790A4301214F
:108680001A711A790A431A714B46002B00D1FFE484
:10869000586900F013FA4B4601215B690EAA58464F
:1086A0009847002000F00AFA3523EB5CDB0700D581
:1086B000EEE4B0E6FFF7E0FB43460221EB1853443B
:1086C00030331A798A431A711A7903998A431A71D5
:1086D000DAE7FFF733FC9EE600215846FFF7F6FA8B
:1086E0005846FFF799FBAB78074903930491054B74
:1086F000064998461A780591002329001D008A46EC
:108700001BE0C0467B39002050D20010382D0020DD
:10871000FC2E0020F4D10010059B6A011B689B18F9
:10872000002B4DD0DB685846984743461A780135F0
:10873000EDB2511C2B008D422EDC9542ECD39B1ADE
:10874000049A5B0194466344ECE70CAB9A1C5846D0
:1087500001230EA9157000F051F999E40B9A012A32
:108760004FD0002A3CD00023B07804E00133DBB2C4
:108770000F71934234D2C118C9B241440D79FF2D13
:10878000F4D04E464546574600236B70ECE54E4606
:108790005746FFF7D1FB3EE65546542200212800FC
:1087A000FCF752FF1022FF21281DFCF74DFF280087
:1087B0002022FF211430FCF747FF039BAB7057E6E4
:1087C0005546FAE7FEF7A0FE021E00D1CCE5D378AD
:1087D00091781B020B4358460EA900F00FF9D4E51F
:1087E00065463B002A0031000A9800F08DFEAC4639
:1087F000049B039A1B7866440133934200DB6CE6CA
:10880000BFE7174B29699942ADD1079AABE7FFF74C
:108810008FFB021E00D1A7E5584613780EA900F081
:10882000EDF8B2E52189FFF7C3F8021EF4D19BE50C
:10883000022A0FD0FFF77EFB021EC8D194E5FFF796
:10884000AFF8021E00D18FE5122358460EA900F0A2
:10885000D5F89AE5FFF7A8F8021EB8D184E5C0461E
:10886000C98E0010F8B557464E46DE4645460C0008
:10887000E0B516001F00002A3CD01F4B00259A4689
:10888000702399461D4B9B4617E05B462000997864
:1088900000F0FCFD00281FD021004046FFF732FA0F
:1088A000002819D0A378DA09012A1CD00A9A0135C8
:1088B00013702378E418B5421CDA6378052B0BD1CA
:1088C000E3789B079B0FBB4206D153464A461B7871
:1088D0009846A3781A42D8D00020F0BCBB46B246D6
:1088E000A946A046F8BD0B9A013513702378E41809
:1088F000B542E2DB0120F0E7EC200020E82E00206A
:10890000702270B5094B0C001D788B781A4201D08B
:10891000002070BD064B2000997800F0B7FD0028BC
:10892000F6D021002800FFF7EDF9F2E7EC20002057
:10893000E82E00200B007F2010B51840DB093433EF
:108940004000044AC018044B1168C01800F05AFDDA
:1089500010BDC0463C2F0020E82E00200B007F20D9
:1089600010B51840DB0934334000044AC018044BEA
:108970001168C01800F06EFD10BDC0463C2F0020ED
:10898000E82E002070B57F240F480C4064000419C5
:10899000CD09641930342079C00701D5002070BD9D
:1089A000012625790948354300782571FFF738FA03
:1089B0000028F4D1012223799343237123790332D0
:1089C00093432371EAE7C046E82E0020EC20002004
:1089D00070B5094C0600082220000D00FCF73AFE95
:1089E00000238021E360A3602B78300099430022AC
:1089F0000023FFF7C7FF70BDC82E0020F8B5CE4694
:108A000047469046264E80B58146082230000D002C
:108A10001F00FCF71FFE4346B3600023F381EC798F
:108A2000AB7924021C43231CBC4200D93B1C9FB2DF
:108A3000B381002C0ED0002F18D04346002B2CD031
:108A40003B1C402F1BD89FB233787F2B1CD80021B2
:108A5000144A0FE080212B780022994348460023D6
:108A6000FFF790FFC0BCB946B046F8BD7F23002297
:108A7000317899433B004846FFF784FFF2E74023F3
:108A80009FB233787F2BE2D9064C3A004146200052
:108A9000FCF7E0FD80212200ECE70020E2E7C04681
:108AA000C82E0020882E002010B514220021024874
:108AB000FCF7CAFD10BDC046C82E0020014B18614E
:108AC0007047C046C82E002010B5054C0100082292
:108AD0002000FCF7BFFD0023A360E36010BDC0468B
:108AE000C82E002070B5384C1D0023780600DA0926
:108AF000C9098A4210D00020002D00D070BD21008D
:108B00003000FFF7F1F82369002B03D02200032186
:108B1000300098470120F1E7A0687F2B05D8002896
:108B200034D02A002949FCF795FDE289A168521941
:108B3000E38892B24919E281A160934214D03F2D9B
:108B400012D9A389981A051C80B240282AD8207807
:108B5000ADB27F2828D800219A4232D01B4A2B0080
:108B60003000FFF70FFFC9E72369002B05D0220073
:108B700002213000984700280AD080212378002263
:108B8000994330000023FFF7FDFEB7E70020B5E76B
:108B900000213000FFF756F930008021FFF752F92D
:108BA0000120ABE74025D2E79A4207D0074C2A00C4
:108BB0002000FCF74FFD80212200D0E78021002219
:108BC000CDE70022CBE7C046C82E0020882E00202B
:108BD00070B50500FFF7B8F9002800D170BDFFF7A8
:108BE000BBF90028FAD1C8236B43124CE618F17880
:108BF0000029F3D010331C19200000F0FFFD3F289E
:108C0000ECD90020F178FFF795FE0028E6D020008F
:108C100000F0F4FD3F2808D9074BEA01D218F1789B
:108C200040230020FFF7AEFED8E7F1780020FFF7E1
:108C300095FED3E7C02D00203C2D002010B5040088
:108C4000FFF782F9002801D1002010BDFFF784F959
:108C50000028F9D1C8226243024B01309B181B79CE
:108C60001840F2E7C02D0020C82310B54343024846
:108C7000181800F0A5FD10BDD02D0020F0B5C824B7
:108C8000C646802344431F4F1034050000B53C19ED
:108C90005B029A4200D31C4A200092B200F012FEFE
:108CA0008046FFF751F9002803D1404680BCB84602
:108CB000F0BDFFF751F90028F7D1C8266E43BE1961
:108CC000F378002BF1D0200000F098FD3F28ECD97C
:108CD0000020F178FFF72EFE0028E6D0200000F0FB
:108CE0008DFD3F2808D9094BEA01D218F1784023BD
:108CF0000020FFF747FED8E7F1780020FFF72EFEAF
:108D0000D3E7C046C02D0020FFFF00003C2D00200F
:108D1000F8B50600FFF718F9002801D10020F8BDCA
:108D2000FFF71AF90028F9D1C82474432500134F1E
:108D30002435ED19280000F043FD0028EED03F193E
:108D40000020B978FFF7F6FD0028E7D00C4BF401BE
:108D5000E41821002800402200F0B4FDB978051E77
:108D600008D0030022000020FFF70CFE0028D5D019
:108D70002800D4E70020FFF7F1FDCFE7C02D002049
:108D80007C2D002070B5C82444430C4B0500E4182A
:108D900080235B029A4200D3094A200092B200F07D
:108DA00059FE0600200000F00BFD3F2801D83000DE
:108DB00070BD2800FFF7ACFFF9E7C046E42D0020A6
:108DC000FFFF0000C82310B543430248181800F005
:108DD00015FD10BDE42D0020F0B50025184C83B022
:108DE000C82200212000FCF72FFC164B21001D702B
:108DF000FF236371E1235B02A3602000082340226C
:108E0000A37338310095073B103000F0A3FC270016
:108E10000123210020002600402278310093B8373A
:108E2000243000F097FCC0363800F9F76DFB3000B5
:108E3000F9F76AFBE56127622663656303B0F0BD5D
:108E4000C02D0020BC2D00200B4B196B00290AD02F
:108E50001A6A002A0DD000221A621A63DA6100220F
:108E60005A63012070471A6A002AFAD0D961196240
:108E7000F7E71A63F3E7C046C02D002070B50F4C2A
:108E8000052200212000FCF7DFFB0D4D2B78DA07CF
:108E900007D50C4C9B070CD50121200000F0B6FE35
:108EA00070BD2000103000F091FE2B78054C9B0720
:108EB000F2D4200000F08AFEEEE7C046C02D00206C
:108EC000BC2D0020E42D0020F0B54B79060083B0C6
:108ED000022B02D18B79022B03D00025280003B08E
:108EE000F0BD214FBB78002BF7D18B7809253B7063
:108EF0000C780C196378242B0BD1082A02D80FE0C8
:108F0000AA420DD32378E4185D196378ADB2242BFF
:108F1000F6D0052B08D0042B02D163790A2B11D08F
:108F20000020FFF755FED9E721003000FFF7E8FCED
:108F30000028D2D0A3787B7023785D19E418637879
:108F4000ADB2E8E7094B2778019301330093022281
:108F500002233000E119FFF785FC0028BDD00E3553
:108F6000ED19ADB2DCE7C046C02D0020C22D0020B7
:108F7000F8B5602314001278050013400020202B60
:108F800007D1304A6379277916781B023B439E420A
:108F900000D0F8BD6378222B1AD007D8202B34D00C
:108FA000212BF6D101293ED00120F2E7232BF0D16D
:108FB000012940D00329F7D1234B002BF4D0E178CD
:108FC000A37809020020194300E000BF0120E0E778
:108FD000012930D00329E7D101252E00A378E478B8
:108FE000023924021C4314712640243210007140BF
:108FF00000F00CFE154B002BD6D06208002031008B
:109000002A4000E000BF0120C3E701290BD003295B
:10901000CAD10F4B002BC7D0083200201100FEF739
:1090200097FA0120B5E7072321002800094AFFF736
:10903000E5FC0120ADE721002800FFF7C9FC012075
:10904000A7E7C046C02D002000000000000000007F
:1090500051750010C82D0020F0B54F464646D64643
:10906000364DC0B5EA781F0080460C00AB788A42C6
:109070003BD08B4210D00020E0BCBA46B146A84697
:10908000F0BD2F4B002B04D02E4800F0AFFB002882
:1090900051D00020FFF79CFDAB78A34201D0012006
:1090A000EAE7294B002B02D0002000E000BF00209F
:1090B000FFF72EFE0028F2D1244C200000F080FBA8
:1090C0000028ECD1002FEAD0BF06E8D1243C40466E
:1090D000A178FFF72FFC0028E1D0002300224046B2
:1090E000A178FFF74FFC0120C6E710239A46184EDF
:1090F000AA4431005046BAB200F0ACFC154B002B2C
:10910000BFD06B79FF2BBCD0002FBAD0F21991469B
:1091100003E00136B145B4D06B7932789A42F8D188
:10912000504600F063FB0028F3D15346103B5979B9
:1091300000E000BFEDE700E000BFAAE7C02D00207F
:1091400000000000D02D002000000000E42D0020D1
:109150003C2D0020000000009322F0B5134C85B098
:10916000002120009200FCF76FFA230020008026E7
:1091700040270F4D4D337600FF3329300295009381
:1091800000220023002103970196FF3000F0D6F95A
:109190004035201D28340023012200210397029529
:1091A0000196009400F0CAF905B0F0BD84300020AB
:1091B0000430002010B5054C200000F0F5F9200027
:1091C0002538FF3800F0F0F9012010BDAC31002047
:1091D00070B5084C002520003130FF30257000F0BC
:1091E000F5FC20000C3000F0F1FC2A23FF33E5549D
:1091F000657170BD84300020F8B557464546DE469F
:109200004E46E0B54B7980460F00FF2B27D1424BED
:109210000C7899462A234946FF33CB5C002B1ED19C
:109220004E79002E1BD1BB783C190B703B79002B7B
:1092300012D098235B004B449A460C234B449B4628
:10924000A5186378052B05D110E02378E41863781E
:10925000052B0BD0A542F8D8E01B80B200E000201F
:10926000F0BCBB46B246A946A046F8BDA542F3D91C
:1092700021004046FFF744FB0028F0D0A3780136D8
:10928000F6B2DB09012B29D0504600F09FFC2A23BF
:109290004946A278FF33CA54637922791B021343EB
:1092A0001E4A5B0594465B0D942163445A42534128
:1092B0004A4602204900525C5B00824313434A46FF
:1092C000535451464046083900F0D6F90028C6D01C
:1092D0002378E4183B79B342B3D8BDE7584600F091
:1092E00075FC5A46A3780C3A5371637921791B02B5
:1092F0000B430A495B058C465B0D634459424B4165
:10930000022011795B0081430B4359460020083944
:10931000137100F07FF9DBE78430002000FEFFFFCF
:1093200070B505002A201F4CFF30205C1E006379B9
:10933000884203D000208B421DD070BD9A235B0071
:10934000E35A002B0DD1184B002B04D000201749F5
:10935000B2B200E000BF2800154900F08DF90120ED
:10936000EBE72000962331305B00E158B2B2FF30CA
:1093700000F070FBE7E70F4B002B04D03104002016
:10938000090C00E000BF0C4C2800210000F042F95D
:109390000028E4D132002100280000F007F9012064
:1093A000CBE7C046843000200000000004300020DD
:1093B000AC310020000000008830002000B5030020
:1093C00083B0002910D00020012B07D80A78002A8A
:1093D00004D00B48C2540120012A01D003B000BDC3
:1093E0001800FEF7C1FDF9E7012301A900200B8059
:1093F000FEF7BAFD0028F1D00122014B1A70EDE70B
:10940000DC2E0020037870B5DB0704000E00DD0FB2
:10941000002B17D103785B0701D5280070BD01210F
:109420003000494203F044F92378DB07DD0F002BBD
:109430000AD123785B0708D404222378012513433B
:10944000237002E00025E8E70025300003F0D0F8A3
:10945000E3E7C04670B50C00012106004942200038
:1094600003F026F933785B07DD0F002B04DB2000C7
:1094700003F0BEF8280070BD3378DB0704D4042263
:10948000337893433370F2E70025F0E743790279AC
:109490001B021343C2785B0592075B0D920F022AF1
:1094A0001DD0032A0CD00020012A08D102394A42DB
:1094B0005141124A9446614499424041C0B27047BA
:1094C00002394A1E91410E4A494211408022D2007F
:1094D00094460020614499424041C0B2EFE702291E
:1094E00005D0002040229A424041C0B2E7E7054A39
:1094F000981843425841C0B2E1E7C046FF0300005C
:1095000040FCFFFF00FEFFFF8A1870B5914207D2B2
:109510007F264C78052C04D00C7809198A42F8D89B
:1095200070BD34008D782C4064000419ED0963553A
:109530000C7809198A42ECD8F2E7C046F0B5C64665
:1095400000B582B0150008AA40CA040017880BAA0B
:109550001288012090460A002178024081432000B1
:10956000114321703A00009331000123083000F0CC
:10957000F1F8002E01D0002F08D10A9B0120636072
:109580004346638002B080BCB846F0BD26001C365E
:109590003000F8F7B9FF0023002D01D0330000267A
:1095A0006361A661E9E7C04601207047F8B502246F
:1095B0000B7807001C4063425C41144B64421C4022
:1095C000134B08009C4608300D001600644400F060
:1095D000F7F8002807D1002E05D0344203D101242A
:1095E0002B781C4201D00020F8BD38006978FFF7C5
:1095F000A1F90028F7D02B781C42F4D100230022D7
:1096000038006978FFF7BEF9EEE7C04640FEFFFF7D
:10961000FF010000F8B50D000835060028000C0019
:1096200000F0CEF8002803D0012723781F4201D094
:109630000020F8BD30006178FFF77CF90028F7D0F2
:1096400028006288616800F03DF92378051E0BD080
:109650001F42EDD10300626830006178FFF792F994
:109660000028E5D02800E4E71F42E1D1300061780E
:10967000FFF774F9DCE7C046F8B5CE46474680B53B
:109680008A8905000C000B78002A07D101261E42AA
:109690003FD00020C0BCB946B046F8BD9B0734D5CA
:1096A000FE2380261B029946B600270008373800A3
:1096B00000F0A4F88642ECD80122237890461A42A2
:1096C000E7D128006178FFF735F90028E1D03800AC
:1096D00000F094F8864231D84146237862881942D6
:1096E000D7D14B461840061C904200D9161CB6B282
:1096F00000226178002E00D0626833002800FFF756
:1097000041F90028C5D03000C4E7114B40269946E6
:10971000CBE74978FFF70EF90028BAD022786388A2
:109720001642B6D100226178002B00D06268280072
:10973000FFF728F90028ACD06088ABE742462378D1
:109740001A42A6D128006178FFF708F9A1E7C046C0
:10975000C0FF0000F0B5C64600B5040006A80578B5
:109760008020884617001E000002824226D8E0684A
:10977000002803D00121494202F09AFF2069002805
:1097800003D00121494202F093FF43462360730452
:109790005B0CED031D430023E0686381A780E58037
:1097A0002381002801D002F023FF2069002801D086
:1097B00002F01EFF012080BCB846F0BD0020FAE791
:1097C00010B5048941898288A3B288B28C4207D33C
:1097D0001B1A9BB2101C9A4200D9181C80B210BDF3
:1097E0005100091A5B189BB2F4E7C046038940890F
:1097F000181A43425841C0B27047C04610B5048998
:1098000041898288A3B288B28C4207D31B1A9BB2CB
:1098100000209A4201D9D21A90B210BD5100091A03
:109820005B189BB2F4E7C04670B5040000690E00F7
:10983000002803D00121494202F03AFF25896089BE
:10984000A288A9B283B285422CD3CD1AADB2002D25
:109850002ED0AA4208D2914230D3891A8BB26381AA
:109860009A4203D89B1A9BB29A42FBD9E28821689C
:109870005204520C53433000C918FBF7EBFE6389C6
:109880000125591C89B2A2888B4213D900215200AC
:10989000891A89B220696181002801D002F0A8FEEE
:1098A000280070BD5500ED1A4D19ADB2002DD0D174
:1098B000618989B252009142ECDBE9E789188BB2E9
:1098C0006381CDE7F0B546464F46D646C0B50600A3
:1098D000006989469046002803D00121494202F0E0
:1098E000E7FE31897289B5888BB294B2914254D324
:1098F0001F1BBFB2002F4AD0BD4205D2AB4251D28E
:109900005B199CB22F0074814346B8453DD89FB285
:10991000A54203D8641BA4B2A542FBD9F2883168E2
:109920005204520C904662432B1B9BB2891842464C
:109930009F4225D953439BB21A0048469A46FBF7EB
:1099400089FE434648467D1B64195C433168504498
:10995000A2B2FBF77FFE7189B588CB199BB26A0072
:10996000994216D99B1A9BB230697381002801D0A5
:1099700002F03EFE3800E0BCBA46B146A846F0BD53
:1099800048467A43FBF766FEE5E73B1CBFE7738971
:109990009BB26A009342E7DBE4E76F003F1BDF19ED
:1099A000BFB2A7E75B1B9CB2ACE7C046F8B50400AA
:1099B000C0680E00002803D00121494202F078FE61
:1099C000258920896189A288ADB283B28FB288428D
:1099D00029D3DB1B9BB29A4209D8E779FF0906D14C
:1099E000E068002801D002F003FE3800F8BD95427F
:1099F0001ED32B009B1A9BB29342FBD2E2882068B5
:109A00005204520C53433100C018FBF723FE6B1C69
:109A10009BB2A2889D4218D9002352009B1A9BB288
:109A200001272381DCE75100C91B5B189BB2D2E7F9
:109A30002B00E28820685204520C53433100C018B6
:109A4000FBF708FE0135A288ABB252009342E7DB78
:109A5000E4E7C046F0B557464546DE464E46E0B51B
:109A6000140005000F0083B0002A75D0C0680028DC
:109A700003D00121494202F01BFE2E89E9796A894F
:109A8000AB88B6B292B2C90945D1964200D36DE017
:109A900059008A1AB21892B2002189469A4234D2E9
:109AA0009A1A111C92B2A24200D9211C8AB2914684
:109AB000EA885204520C90464A46B21892B2924634
:109AC0004A46D21A92B2934634009E4203D3E41A15
:109AD000A4B29C42FBD24246624328681B1B9BB245
:109AE000801842464B4554D34B4639005A43FBF746
:109AF000B1FDAB885B00564501D89A4503DB524661
:109B0000D31A9BB29A4653462B81E868002825D089
:109B100002F06EFD22E0E9884904490C88469C4227
:109B200027D2964247D3B11A89B28C465800E11A1F
:109B300089B28B4661460919814208DBD11889B286
:109B40000E1BB6B28A46B2423BD9361AB6B2A21939
:109B500092B29246A146B7E700239946484603B021
:109B6000F0BCBB46B246A946A046F0BDB21A92B2BE
:109B700092E700218946002BC7D04146E41A4C43A6
:109B80001600D118002289B28A46994693463F1999
:109B90009AE753439BB21A0039005C440193FBF7E8
:109BA00059FD414622004A43019B286892B2F918A8
:109BB000FBF750FD9DE75800811A711889B28C4659
:109BC000B5E7A146B04200DD7EE7BEE710B5040070
:109BD000C068002803D00121494202F069FD2069D4
:109BE000002803D00121494202F062FD0023E06811
:109BF00063812381002801D002F0FAFC206900284B
:109C000001D002F0F5FC012010BDC04670B5040083
:109C1000C0680D00002803D00121494202F048FD30
:109C20002069002803D00121494202F041FD7F2133
:109C3000E379ED011940E0682943E171002801D082
:109C400002F0D6FC2069002801D002F0D1FC0120EE
:109C500070BDC046F0B5DE4657464E464546E0B5B7
:109C6000070083B00CA80192027800203C689B4654
:109C7000E066616001219146E166002B34DD5A1EE9
:109C8000904680225200944680264025616F10291C
:109C9000FCD00021002801D13979890240451DD02E
:109CA000624611432161A159616B0D420BD0012025
:109CB000636D40424B463B7103B0F0BCBB46B246BD
:109CC000A946A046F0BDA16F0029ECD02169019BF7
:109CD000195401308345EDD03C68D7E74B4601224B
:109CE0005A4053021943DBE70020E3E7F0B557463B
:109CF0004E46DE4645468446E0B583B01F000CABB9
:109D000018786346914600221B680190DA6601329A
:109D10005960DA66002F4FDD7A1E9046624612794E
:109D200001269202802493463A004640760280251E
:109D30003700002046461021A2469046AD00841B05
:109D4000624254414A4664423C4000945C46125C84
:109D50002243009C22431A615A6B1142FCD05246A6
:109D60009C58002C10D1B04221D0002201309346E3
:109D70008045E4D16346019A1A7103B0F0BCBB463A
:109D8000B246A946A046F0BD5A6D012293465A6BD1
:109D90002A42FCD01A6E5A46002AE6D0002C03D084
:109DA000E30701D42407E5D401204042E2E7019A09
:109DB000002ADAD19346EAE70020DBE7F8B5DE4671
:109DC00057464E4645468346E0B505200C00F9F758
:109DD000BDF90600600821008019F9F713FC430063
:109DE00098468044070005214046F9F70BFC3B1AD2
:109DF0009A461E4B8146700080199C4231D81C49FE
:109E0000F9F700FC451C5B461C680023E3662268EA
:109E100004335A400233134080225201A2181360C7
:109E20005346E3614B462362434601204F2B03D93F
:109E300050214046F9F7E6FBA023E050E36F3900DC
:109E40005D400C4B2D042D0CE3181D6001233000E8
:109E5000E366F9F7D7FBF0BCBB46B246A946A0467D
:109E6000F8BD0549F9F7CEFB451CCCE73F420F0092
:109E7000809698007C10000040787D010F4A70B5F4
:109E8000821A531E9A410E4BD20008321A600D4BB3
:109E90000D4C1A60150023689D432B1EFAD16624D1
:109EA0000268FF340571D5661460633C8833FF3C5B
:109EB000D5639563D450FFF781FF70BDF820002073
:109EC00000E0004000F0004008C0004010B582B043
:109ED00004AC24780094FFF709FF02B010BDC0461F
:109EE00010B582B004AC24780094FFF7B3FE02B042
:109EF00010BDC046484B02009C466244531E9A4126
:109F00008023F0B54E46DE46574645465B029C46EA
:109F1000E0B5424B1204624485B002901A60404B97
:109F20000E0040491A6010000B689843FBD10620D0
:109F3000F9F70CF90223029904008C464A68019053
:109F40001A4003920A1D9046374AF10D6244914629
:109F50001360700200295AD1A04258D880246400AE
:109F60000227A246B446B30DB20204E0019E964217
:109F70000AD322002B000237574505D004000D00FC
:109F8000A4185D41002BF1D06646019B80259A46BE
:109F9000B3463C02E41B6D002E00013D002D38D07D
:109FA00021005046F9F72EFBE41B8345F4D2310023
:109FB00079432D02029CFF228026A4462761236854
:109FC00012026B4076016644134033608023039A8B
:109FD0009B0143441A604D460222072760682A60AD
:109FE000256810406F40CF253D40356018600F4810
:109FF000844603206444206001981A60F9F702FB4C
:10A0000005B0F0BCBB46B246A946A046F0BD02274B
:10A01000BBE73900CEE7C0460040FCBF00E000408F
:10A0200000F0004008C00040043000002420000080
:10A0300070B50500082000F05BF92900040001F06C
:10A0400099F82000044A054900F016FF200000F0AE
:10A0500065F900F0FBF9C0466DB00010ECD30010BC
:10A0600070B50500082000F043F92900040001F054
:10A07000C5F82000044A054900F0FEFE200000F06B
:10A080004DF900F0E3F9C046ADB000100CD400105B
:10A0900010B580240B68E405A34210D2581C9342EB
:10A0A00007D95200934204D2A24205D32000054BA7
:10A0B0000B60FBF7D5FA10BD0A60501CF9E70248A7
:10A0C000FFF7CEFFFFFFFF3F64CC0010F0B54F4617
:10A0D0004646DE46C0B51F0043680E00891882B0B0
:10A0E0008946591A88460A9904008A1AD218082300
:10A0F0009B460368834401929B453BD082682000C5
:10A1000001A9FFF7C5FF0500002E05D02168012E2B
:10A110002DD03200FBF79EFA002F09D00A9B002BAE
:10A1200006D0A819012B27D039000A9AFBF792FA1A
:10A130004346002B0AD00A9B2168F0184346281892
:10A140004944012B10D04246FBF784FA206883452E
:10A1500001D0FBF789FA019B2560A36002B0E0BC47
:10A16000BB46B146A846F0BD0B780370EEE70B780E
:10A170000370D1E70F22C2E73B780370D8E7C046EF
:10A1800070B50600036882B00836040001919E4253
:10A190001FD08268019B934201D802B070BD20009D
:10A1A00001A9FFF775FF636805005A1C2068002BA2
:10A1B00011D0002A07D1864201D0FBF755FA019B46
:10A1C0002560A360E9E701002800FBF743FA206857
:10A1D000F1E70F22DEE703782B702068EBE7C0463B
:10A1E00070B50400230046680068083382B09519F2
:10A1F000984219D0A368AB420DD3002A05D080192C
:10A20000012A13D0FBF726FA206800236560435526
:10A21000200002B070BD0B0020000092310000222F
:10A22000FFF754FF2068F0E70F23E4E70B78037093
:10A230002068EAE770B5194C083863680668002B97
:10A2400020D08519AB421DD85A6821D00434002A89
:10A2500006D10DE051681C1D1300002907D00A002B
:10A260009542F7D803D12A68B6186A685A602368FD
:10A270001A689918884208D05B68066043602368B2
:10A28000586001E04360606070BD92191A60FBE79E
:10A290001B6842609B1903606060F5E7182D002081
:10A2A000020030B50832083000D3082207230F49D6
:10A2B000073248689A430431002804D10EE0011D9A
:10A2C000406800280AD003689A42F8D845689C1A6A
:10A2D000072C04D803602B000B60083030BD8318B6
:10A2E0005D6008681C600260F6E7C046182D00201B
:10A2F00070B580300500FBF789F9041E07D0802275
:10A3000000212000FBF7A0F92000803070BD28005C
:10A31000FFF7C6FF041EF2D100F04EFD074B803858
:10A320009A68DB6810B5D318984201D2824202D3F2
:10A33000FBF77EF910BDFFF77DFFFBE7182D00202E
:10A34000F0B5CE464746002580B53B4E89B03B4828
:10A350007560B560F56001F0C1F808230293384BD1
:10A360000400039309230593364B049506930423B5
:10A37000079300283FD0344D237828003A3B5A42B7
:10A380005341E4180F22210001F044FE002802D1BD
:10A39000E37B2E2B16D020003A2101F0ABF8041EEF
:10A3A000EAD1079C402C24DC049B002B00D106330F
:10A3B0003E335C43A400F46020D109B0C0BCB94670
:10A3C000B046F0BD08AB9946103402AF3B687868E0
:10A3D0009846002B05D01A00210001F01BFE002832
:10A3E00003D14346E35C3D2B13D00C37B945EDD187
:10A3F000D1E74024D8E78824E400F4602000FBF78C
:10A4000005F9B060002815D0002370600460436037
:10A41000D3E7404601302018002201A901F0C2F91B
:10A42000019C23783A2B01D0002BB4D10028B2DB59
:10A43000B860B0E7F060C0E7182D00207CCC0010B9
:10A4400090CC00109CCC0010A8CC00101EB400F0E2
:10A4500093F81EBC02F014F9F0B5C64600B51E0014
:10A4600003780C0082B0472B1FD00020284D2B68AA
:10A4700001909B682800984701239846002804D043
:10A48000019B1B68019302239846236829001F69DA
:10A490002000012301AAB847002826D100239846AE
:10A4A000404602B080BCB846F0BD43784E2BDCD1AC
:10A4B0008378552BD9D1C378432BD6D10379462B3A
:10A4C0001BD0432BD1D143792B2BCED183792B2B8E
:10A4D000CBD1C279012AC8D8002301930300203BC5
:10A4E0001D68012A04D05830C1E7019B3360D7E7CB
:10A4F0002B00783B28001D68B9E743794F2BB4D176
:10A500008379522BB1D1C079024D0028AFD0ACE78E
:10A5100014D30010E8D2001010B5040000F0FAF8CF
:10A5200022002378203A472B05D08368002B20D1C6
:10A530008260012010BD63784E2BF6D1A378552B95
:10A54000F3D1E378432BF0D12379432BEDD1637919
:10A550002B2BEAD1A3792B2BE7D1E379012BE4D87C
:10A56000D3690133D361012BE3D1836893618260A6
:10A57000DFE700F021FCC04610B500F0CBF8030087
:10A58000806800282DD02022825C472A03D0002238
:10A590009A60203010BD263A825C4E2AF7D12C3AC0
:10A5A000825C552AF3D1323A825C432AEFD11F3ABA
:10A5B000825C432AEBD11E3A825C2B2AE7D1053A12
:10A5C000825C2B2AE3D1043A825C012ADFD8C2697B
:10A5D000013AC261002ADCD182699A60002383615A
:10A5E000D7E700F0E9FBC04670B5040000F092F830
:10A5F000220023780568203A472B04D0002D2BD168
:10A600000260280070BD63784E2BF7D1A378552BDC
:10A61000F4D1E378432BF1D12379432BEED1637945
:10A620002B2BEBD1A3792B2BE8D1E379012BE5D8A8
:10A630005369002B0DDB013353614368013B4360D9
:10A64000954201D0156102602000656A02F028F889
:10A65000D7E70121CB1AEFE700F0AEFB10B500F011
:10A6600055F80368002B09D020229A5C472A06D0AF
:10A67000002220330260180001F0EAFF10BD263AE4
:10A680009A5C4E2AF4D12C3A9A5C552AF0D1323A8F
:10A690009A5C432AECD11F3A9A5C432AE8D11E3ACD
:10A6A0009A5C2B2AE4D1053A9A5C2B2AE0D1043A31
:10A6B0009A5C012ADCD85A69002A08DB511E012A5B
:10A6C0000CD04A1C01D05961D8E700F075FB511C31
:10A6D0000132F8D11A6902605961CFE71A69203353
:10A6E0000260180001F0B4FFC8E7C0467047C046DA
:10A6F0007047C04600487047B8CC001010B5040041
:10A700000421FAF7B5FF200010BDC046004870478D
:10A710000C2D0020004870470C2D0020F0B5D646C7
:10A7200046464F468A46C0B50600502824D00F241E
:10A7300004400C2C00D96FE03848A400005987462B
:10A740005478107824020443907800042043D4788D
:10A7500024060443101D002C08D070253540102D10
:10A7600000D1924676B25444002E0ADB1C60E0BC55
:10A77000BA46B146A846F0BDD01C0322904310C88B
:10A78000F4E72468F2E754781078240204439078C0
:10A7900000042043D4782406044310000830DAE78C
:10A7A0005478107824020443901CD4E7547810782D
:10A7B0002402044324042414901CCCE77F211500B8
:10A7C0000024002788464046297801350840B840D3
:10A7D000044348B207370028F5DB28001F2FBAD8FA
:10A7E0004D06B8D50125BD406D422C43B5E700218B
:10A7F0008C467F31150000248846474661462878FC
:10A80000013507408F400721894640B23C43CC4484
:10A810000028F2DB28009EE700F0D6FF30D30010BE
:10A82000030010B50800FF2B10D070221340302B0E
:10A8300013D004D8202B07D101F0C2FE07E0402B33
:10A8400006D101F045FF02E0202B04D8002010BD06
:10A850000020502BFBD000F0B7FF01F001FFF6E71E
:10A86000F8B505000E0014000020002D02D02800CD
:10A8700001F02EFF2060771C3678FF2E28D1606013
:10A880003B78781CFF2B32D01023002500217F2637
:10A8900023753200037801301A408A405BB21543B9
:10A8A0000731002BF5DB4519E560002200257F26E6
:10A8B000037801306375310003780130194091400D
:10A8C0005BB20D430732002BF5DB45192561F8BD5E
:10A8D00029003000FFF7A4FF3A000100231D3000DB
:10A8E000FFF71CFF07003B78781CFF2BCCD100251D
:10A8F0002375D9E7F0B557464546DE464E46002358
:10A90000E0B597B00C9303330F0090460340012B42
:10A9100000D1AEE0022B0ED14146380001F088FE96
:10A92000002800D0A3E0082017B0F0BCBB46B24618
:10A93000A946A046F0BD002B00D033E208331C002E
:10A9400004400342E8D1012510AB0393039B0C2282
:10A950000021009340460023109701F061FE40461D
:10A9600001F0F6FE04900028D6D02C43039D0499F4
:10A970002A0040460594FFF773FF2B7D41460400F3
:10A9800018000693FFF74CFF0FABA8600F2207904B
:10A9900000939B4600210023404601F0B1FE0122B6
:10A9A0000F9B9343013B99462B699A469C4242D2A6
:10A9B000109B6E7D02933B007F2527004C469946F5
:10A9C00000213000FFF72CFF3A0001000DAB3000F2
:10A9D000FFF7A4FE002107003000FFF721FF3A0037
:10A9E00001000EAB3000FFF799FE00210700300098
:10A9F000FFF716FF3A0001005B463000FFF78EFEBE
:10AA0000002100222F00037801301F4097405BB2E5
:10AA100039430732002BF5DB029A0D9B94466344C1
:10AA2000A34207D80E9A9B18A34200D985E00700DD
:10AA30008245C5D84F46002300259A460133059A22
:10AA4000D20771D50C9B0B935B460D22009300211E
:10AA50000023404601F054FE0F9B06203B620B9BF7
:10AA60003D637B625346BB62049BFB625CE709204B
:10AA70005AE708231C0010AA04400392034201D0A5
:10AA8000022563E70D6A0023009200210D22404653
:10AA900001F036FE109B9D42F2D1039B0C220093E5
:10AAA000002100234046109701F0BAFD3D6BBC6ABF
:10AAB000FB6A002D3ED004930FABA2469B46534643
:10AAC000002B00DAB8E003265B4600220021009349
:10AAD000404600230F9701F0A3FD5B4601220021B1
:10AAE0000093404600230F9401F09AFD5B460F222D
:10AAF000002100934046002301F002FE01230F9A3B
:10AB0000002113402B430F935B460F2200934046D6
:10AB1000002301F085FD022E01D0072004E7380054
:10AB2000FFF7FAFC0720FFE6082205990A426DD1DB
:10AB3000012B7FD1380000F037FC0F9B4F46002BD4
:10AB400000D1E9E6039A55685D19002900D10AE1B0
:10AB50004C1E5444002D00D1DEE6059A0823110056
:10AB600019400A91134200D100E13F333B70073393
:10AB70007B700733BB70123BFB7003333B710933AF
:10AB80007B710333BB710023FB710023069A994646
:10AB900007331A4043460993039BBA4698460292EC
:10ABA0000895002300217F252A00207801340240E7
:10ABB0008A40134342B20731002AF5DB1F2905D82A
:10ABC000400603D501228A40524213431E00200052
:10ABD000002500227F279C46390003780130194068
:10ABE00091400D4359B207320029F5DB1900634645
:10ABF0001F2A3ED849063CD5012191404A421543BF
:10AC0000002B4BD1012399466419CAE7012B00D1CF
:10AC1000C6E05346002B00DABEE05446032653E755
:10AC2000099BAB469846059BB2462700089DDB076B
:10AC300000D507E7544642E7039E04993200404698
:10AC4000FFF70EFE4146307DFFF7EAFDE343F16872
:10AC50009B00C9180B68002B05D0002301339A0014
:10AC60008A58002AFAD1BB620423F8623B637963F5
:10AC700029E7002B12D101239946002DC4D1099B4D
:10AC8000574698464B46089D002B00D144E6059B4D
:10AC9000DB0700D540E60024022615E7002B14DC74
:10ACA0004246DB43D7689B00FF1853463968002BA8
:10ACB00002D00A9B002B2CD00029DED1099B5746DD
:10ACC0009846B2460323089DB9E6069AFF2A48D063
:10ACD000029A022A42D03CD9029A032A3BD0042A83
:10ACE00060D1DB005B424246D2680799D2180698D1
:10ACF0005B46FFF713FD0F990029DFD05346002B69
:10AD0000BBD0002250460CABFFF7A6FB0028B4D006
:10AD1000D4E70C9B0B930F93002932D053465A462D
:10AD2000A246AB461C00150004E0796804370029F0
:10AD300000D175E72B00002220007918FFF78CFB6B
:10AD40000028F2D022002B0054465D4692469B46D6
:10AD500093E7002A26D19B005B42C4E75B005B427D
:10AD6000C1E70023BFE7002D91D1D5E53B00FA797B
:10AD70005833012A01D00C9307E7783B1B680C93EA
:10AD800003E7099B57469846059BB246089DDB079B
:10AD900000D559E6544692E600F01AF8FFF724FC75
:10ADA00000F00AF800F010FD10B5804700F00CFD2F
:10ADB000FFF71AFC00F008FD024B10B51868FFF70A
:10ADC000F3FFC0460421002010B58047FFF7F4FFD1
:10ADD000024B10B51868FFF7F7FFC04600210020AE
:10ADE000014B18687047C04604210020014B1868C9
:10ADF0007047C0460021002010B5012812D80B0072
:10AE0000283B1A68501E1860012A00D010BDDB686C
:10AE100058310C00002B01D0080098472000FFF7A4
:10AE20007DFAF3E728394869FFF7BEFF70B50500E2
:10AE30000026803DEA602E60A9600400FFF7D6FF7F
:10AE40002861FFF7CDFF23004722583B68611A7045
:10AE500007325A7007329A7022004323553A137012
:10AE60005370183B9370D370024B513C28002670EE
:10AE70002B6370BDF9AD001070B504000D00160015
:10AE8000FFF748FC4368320001332900436020008B
:10AE9000FFF7CCFF0400012328340360200001F0F9
:10AEA0003FFC2000FFF7A0FBFFF786FF10B5FFF780
:10AEB00031FC4368046801334360002C0CD020232C
:10AEC000E35C472B0AD0002303602034200001F00C
:10AED0001FFC2000FFF788FBFFF76EFF263BE35CBB
:10AEE0004E2BF0D12C3BE35C552BECD1323BE35C99
:10AEF000432BE8D11F3BE35C432BE4D11E3BE35CD7
:10AF00002B2BE0D1053BE35C2B2BDCD1043BE35C3A
:10AF1000012BD8D863695B426361D6E710B50400A2
:10AF2000024B036000F0CAF9200010BDA0D300104E
:10AF300010B50400044B036000F0C0F920000C21A0
:10AF4000FAF796FB200010BDA0D30010F0B583B037
:10AF50001E00089B05000F00140093420AD0A86849
:10AF6000089A036800921D6A220033003900A8473E
:10AF700003B0F0BD310000F05FF80028EFD00620EC
:10AF8000F6E7C046F0B50E0085B0190004001700C2
:10AF90001D0000F051F8002814D10A9B0C9A93422E
:10AFA0002AD0A0680D9A036803920C9A310002928D
:10AFB0000B9A01920A9A0092DC693A002B00A04792
:10AFC00005B0F0BD0D9B0A9A1F711A60002E0CDBB4
:10AFD00093190C9AD31A5A1E934104225B4293434D
:10AFE0000D9A063393710020EAE70236FBD1012364
:10AFF0000D9A00209371E3E720000B9900F01CF8F4
:10B000000028CED00D9B00205F71D9E7F8B507006E
:10B010000C0015001E0000F089F9002806D1B86860
:10B020002A00036821009F693300B847F8BDC04675
:10B030007047C0460020704710B5814211D040686B
:10B0400003782A2B0BD049680B782A3B5A4253418C
:10B05000C91800F0B1FA43425841C0B210BD0020F7
:10B06000FCE70120FAE7C046406870470D4B10B579
:10B0700003604368040018000B4A0C3882B0904209
:10B0800005D12000FFF732FB200002B010BD043BC9
:10B090001A68511E1960002AF3DC01A900F0E6F8D5
:10B0A000EFE7C04620D40010282D00200D4B10B52E
:10B0B00003604368040018000B4A0C3882B09042C9
:10B0C00005D12000FFF712FB200002B010BD043BA9
:10B0D0001A68511E1960002AF3DC01A900F0C6F8B5
:10B0E000EFE7C04620D40010282D00200E4B10B5ED
:10B0F00003604368040018000C4A0C3882B0904288
:10B1000008D12000FFF7F2FA2000FAF7ADFA20008C
:10B1100002B010BD043B1A68511E1960002AF0DC11
:10B1200001A900F0A3F8ECE720D40010282D00209E
:10B130000E4B10B503604368040018000C4A0C382D
:10B1400082B0904208D12000FFF7D0FA2000FAF731
:10B150008BFA200002B010BD043B1A68511E196022
:10B16000002AF0DC01A900F081F8ECE720D40010FF
:10B17000282D0020F0B5C64600B51C4B04000D007C
:10B1800082B00360002929D0080000F0E3FF061E0A
:10B1900002D1174B984611E0002101AA00F038F8BF
:10B1A0000C23984607008044012E0ED0320029005F
:10B1B0004046FAF74FFA0F4B9F4209D14346200011
:10B1C000636002B080BCB846F0BD2B780373F2E731
:10B1D00000233E60BB60BF193B73EFE70648FEF7F4
:10B1E00027FF2000FFF782FAFFF730F920D4001084
:10B1F000342D0020282D0020CCCC001010B50400E8
:10B20000FFF7B8FF014B2000236010BD34D40010BD
:10B21000144B10B50400984221D8884215D94B0030
:10B22000984200D21C002300200080221D330D30E4
:10B23000520193420BD9A14209D294461B051B0D22
:10B240006444E41A074B9C4207D820000D30FAF7FB
:10B2500007FA00234460836010BD1C00F5E7024834
:10B26000FEF7FEFEFCFFFF3FF8CC001010B5FAF72A
:10B27000FBF910BD002330B51400102285B00093F7
:10B2800001930393036802929D6922686B46A84765
:10B290006B461A79062300201340062B02D1009B2F
:10B2A0000130236005B030BD009B05209A1A53423F
:10B2B0005A415242104001307047C04610B5040058
:10B2C000024B0360FFF7B4FE200010BD78D40010DD
:10B2D00010B50400044B0360FFF7AAFE200008210C
:10B2E000FAF7C6F9200010BD78D4001070B516002A
:10B2F0001D00069A049B040093420ED029002000F2
:10B30000FFF79AFE002806D0079B049A1E711A6068
:10B310000123079A9371002070BD0599FFF78CFEF9
:10B320000028EBD0079B5E71F5E7C04670B51500AD
:10B330001C00FFF781FE002804D00823E360023BD5
:10B340002560237170BDC046F8B505000C001700DC
:10B350001E00FFF771FE002807D1032E05D82368D1
:10B360003A00290020005B699847F8BD0278030085
:10B370000020472A00D070475A784E2AFBD19A788D
:10B38000552AF8D1DA78432AF5D11A79432AF2D12D
:10B390005A792B2AEFD19A792B2AECD1DB792A3AE8
:10B3A0009A424041C0B2E6E710B5041E06D0FFF74E
:10B3B0001BF92000FFF7DAFF002801D1FFF7FCFCA2
:10B3C000203CE068FFF7F0FCF0B5DE4657464E46FD
:10B3D0004546E0B585B00700FFF7C8FF041E0BD057
:10B3E0003B00203B9A68DC68BB6A91469A467B6BBF
:10B3F000002698463D6B04E0814601268046050004
:10B4000082463800FFF7F0F8002E01D0FFF7E0FC8D
:10B410004846FFF7D9FCFFF7E7F8002E01D0FFF709
:10B42000CBFCFFF773F927220368995C1A00783286
:10B43000012900D11A68AD080292AA0001920022E7
:10B440002033454691469846CA4521DD2F68002F96
:10B4500000D07F1900223900404602ABFEF7FCFF06
:10B46000002801D0FFF722FD3B6803901B693800DC
:10B470009B461149012303AAD847002800D1300078
:10B4800001239C46019BE1449C4606006544DBE7A2
:10B49000002E08D00420FEF72BFF084B084A06496F
:10B4A0000360FFF7E9FC2000FFF77EFCFFF7D6F80A
:10B4B000FFF7D4F8FEF7CAFFBCD2001024D3001067
:10B4C000F1A60010030010B50A000349086819002E
:10B4D00000F0E6FD10BDC0460821002000B5044B79
:10B4E00083B0010001AA186800F0DAFD03B000BDC6
:10B4F000082100200323CAB2F0B50340002A35D04A
:10B500000324002B2DD1FF230B401D02ED182B042B
:10B51000ED182C000168264E4C408B198B43A11965
:10B52000A143244E0B43334211D14168204F0C00FC
:10B53000CB196C408B43E119A1430B4304303342D8
:10B54000F3D00378002B05D09A4204D00130037861
:10B55000002BF9D10020F0BD9342FCD001302042F5
:10B56000D1D00378002BF7D10020F4E7002B08D0CE
:10B57000032202E00130104203D00378002BF9D1FE
:10B58000E9E702680A4B0B49D31893430B4206D1F3
:10B590004268074B0430D31893430B42F8D003782A
:10B5A000002BD8D043780130002BFBD1D3E7C04625
:10B5B000FFFEFEFE80808080024670B50A4392073F
:10B5C0002AD11E4DEE0104C808C9541B94433440CF
:10B5D00017D0D0B2D9B2401A2106014310D190B28F
:10B5E00099B2401A210401430AD110021902000A3B
:10B5F000090A401A2102014302D1100E190E401A05
:10B6000070BD9A42DFD010BA19BA884201D9012020
:10B6100070BD0020C04370BD02780B78013001314D
:10B62000002A09D09A4207D102780B780130013103
:10B63000002A01D09A42EFD0D01A70BD0101010159
:10B64000F0B557464E464546DE468846E0B50C0006
:10B6500092461E00082183B00190464823001D78C1
:10B660000134425D1142F9D12D2D5ED00022934666
:10B670002B2D33D0002E07D1302D62D00A23052187
:10B6800099463D4F0A360DE0102E53D0012031006F
:10B690004042F7F7B7FF0700012031004042B146B2
:10B6A000F7F7B0FF002200202B00303B092B07D911
:10B6B000113B192B03D92B00613B192B11D80A33ED
:10B6C0009E420EDD551C06D0B84221D81ED04A46F7
:10B6D00050430122181825780134E5E725789C1C91
:10B6E000C8E7531C17D05B46002B00D0404253469E
:10B6F000002B04D0002A15D1534642461A6003B0ED
:10B70000F0BCBB46B246A946A046F0BD8B42DEDD8A
:10B7100001225242DFE72223019910000B605346B9
:10B72000002BECD0631E9846E6E725789C1C01238D
:10B730009B469FE7302D0FD010230F2199460F4FC6
:10B74000B0E7202223789343582B0AD008230721FF
:10B75000994608260A4FA5E7202223789343582BC1
:10B76000EAD1102365780F2199461026034F023441
:10B7700098E7C0469DD4001099999919FFFFFF0FD3
:10B78000FFFFFF1F10B5FFF75BFF10BD10B50400F2
:10B790001300034A10680A002100FFF751FF10BD93
:10B7A0000821002010B504001300034A10680A00A5
:10B7B0002100FFF745FF10BD08210020014B18684C
:10B7C0007047C04608210020062010B500F09CFDFF
:10B7D0000120FBF717FBC046F0B54E464546DE4656
:10B7E0005746E0B50D000B35060085B0162D27D85D
:10B7F000102900D9DAE000F0A1FC1025182302215D
:10B80000C84FFB181A005C68083A944200D147E11F
:10B8100003226368A1689343E268CA6091600121D2
:10B82000E3185A6830000A435A6000F089FC20008F
:10B83000083005B0F0BCBB46B246A946A046F0BDF4
:10B8400007239D4300D5B1E0A94200D9AEE000F046
:10B8500075FCFC235B009D4200D296E1690A00D191
:10B86000A8E0042900D950E138239846A909884462
:10B870003931CB00082252429446AA4FFB189C440F
:10B880006346DC68A44514D0032399460B00614647
:10B890009C4607E0E068002A00DBFBE0814200D123
:10B8A000FCE004004A46636893435A1B0F2AF1DD0B
:10B8B00041463A003C690832944200D1D9E0032065
:10B8C00063688343581B0F2800DD62E13A617A61A7
:10B8D0000028A4DA7A68904680229200934200D32E
:10B8E000E4E0DA08580901238340404618438046C3
:10B8F000D300DB199A687860E360A2609C60D46032
:10B9000001208B10984040455CD8434603420AD141
:10B9100003239943434640000431034203D14000CE
:10B9200004310342FBD00323B3469C460E00B846C5
:10B930000190F00040440100B246CB680BE0644641
:10B940005A681F00A243DB68541B0F2C00DDEFE098
:10B95000002C00DB09E19942F1D101239946CA4448
:10B96000534608319B07E8D1032205E003680838F5
:10B97000013E834200D003E23242F7D14346019AAE
:10B980005B68934342465360019A520001929A4287
:10B9900016D8002A06D113E004229146019ACA441F
:10B9A000520001921342F7D05646C2E70C23002002
:10B9B00033603EE780233F22402190469B0059E7B9
:10B9C0005E4647460322BC68636893439A46AB428F
:10B9D00002D35A1B0F2A4FDC230053440293524BCD
:10B9E000082099461B6810335B19019300F04AFB4D
:10B9F0004E4903900B688B46013306D08446019B69
:10BA00004242013B6344134001933000019900F02E
:10BA1000CFFB03008046013300D1D8E0029B834274
:10BA200000D9D2E04B4601995A688C46624403998A
:10BA30005A60029B10000139434500D0E5E04346BF
:10BA40000B4200D0E1E0BB680121984663465344B5
:10BA50000B4341464B604946C96A914201D249466F
:10BA6000CA624946096B914201D249460A6344467B
:10BA7000AFE07B68984643E7012329001A43194346
:10BA8000651961603000BD606A6000F059FB2000FC
:10BA90000830CEE6A268D0608260C0E6614608E762
:10BAA000DC680231A34200D103E7B1E65A0A042A56
:10BAB00000D883E0142A00D908E110005B308246E8
:10BAC0005C32D200082040428446BA189444624650
:10BAD00092680B308146944500D1DFE00800A24611
:10BAE0006146844602E09268914204D04C46506818
:10BAF000A0439842F7D8D368614654469C466346B3
:10BB0000A260E3609C60D460FAE614296ED95429DF
:10BB100000D9E4E06E239846290B88446F31CB00AE
:10BB2000A8E6C04638220020F42900203022002058
:10BB3000BA4601205146844649190543504645609E
:10BB4000856847466046EB605E469D6053463961B6
:10BB50007961204308374860CF6030008F609C5087
:10BB600000F0EEFA5046083063E6BA4601205E4621
:10BB70005244516801435160BA683000D3609A6002
:10BB800000F0DEFA3800083053E62B00E9080833ED
:10BB900036E66119884601218C460D4341466560B1
:10BBA00039617961CA608A60624602434A60E05046
:10BBB000300000F0C5FA200008303AE69A0910007B
:10BBC000393238308246D2007CE7BC4214D0BC689F
:10BBD0006368032293435A1BAB4202D30F2A00DD52
:10BBE0004AE7300000F0ACFA002022E65B239846DA
:10BBF00088445C31CB003DE64B465868019B9C462F
:10BC00004B4660445860039B591E5B461B680133DA
:10BC100070D04346029A9B1A4A461B18536007236A
:10BC2000424640461A400292184240D003980133DF
:10BC300084469B1A019A98444244019263440A4004
:10BC40009B1A194030008B4600F0B2FA431C77D0A3
:10BC50004346C01A03005B4401934B465A680120D7
:10BC60005A445A6043464146BB60019B03434B60C4
:10BC7000BC4200D1EFE653460F2B3FD907210C3BC6
:10BC80008B4361680140052019436160E1184860F9
:10BC900088600F2B49D843465B68DCE65346981012
:10BCA00001238340404618438046786027E7019B84
:10BCB000039A43440B40D31A194030008B4600F0DE
:10BCC00077FA431CC4D100239B46C6E7542A17D8F1
:10BCD0001A0B10006F326E308246D200F2E6AA23B1
:10BCE0005B00994217D8DD3B9846E90B88447831D0
:10BCF000CB00BFE55B4642461A6090E7486070E7BC
:10BD0000AA204000824226D8DA0B10007832773021
:10BD10008246D200D6E61C4B994226D87C23984610
:10BD2000A90C88447D31CB00A4E521003000083106
:10BD300000F086F84B465A68BB6898465B688AE60E
:10BD4000019A029B94464246083B63449B1A019326
:10BD500000239B4681E70C4882420CD89A0C1000C5
:10BD60007D327C308246D200ACE6FE237E227F21EB
:10BD700090469B007EE5FE227E2092008246A1E650
:10BD800043465B6800E6C04654050000F0B5C64671
:10BD9000060000B508200D0000F074F90400300022
:10BDA00000F0CCF9234B210098469B685F68032381
:10BDB0009F4338001138401B0019F7F723FC451E3C
:10BDC0006543AC4208DC0021300000F0F1F9434645
:10BDD0009B68DB19984206D0300000F0B1F90020D2
:10BDE00080BCB846F0BD3000694200F0E1F9013096
:10BDF0000ED0012243467F1B9B6817430E4A5F60AB
:10BE0000136830005B1B136000F09AF90120E7E72C
:10BE10000021300000F0CCF943469A68831A0F2BBA
:10BE2000DADD064C04492468001B086001210B433D
:10BE30005360D1E738220020F8290020302200206A
:10BE4000F8B5CE46474605000C0080B5002957D00E
:10BE500000F074F9012321009C46083948686246C5
:10BE6000030003249343CF187A68654EA243B46855
:10BE7000BC4200D170E0BC18A14664467A6004421E
:10BE800021D10868091A1B1888688046484640680E
:10BE90002040340008348146A04551D04046CC684B
:10BEA000C460A0604846002811D19B185548BA6864
:10BEB000824200D17FE0F868D060826001221A439C
:10BEC0004A60CB5007E0484640682042EDD06246C9
:10BED0001A434A603B6080229200934214D2DA08EF
:10BEE000580901238340706803437360D3009B1992
:10BEF0009A68CB608A609960D160280000F020F9D0
:10BF0000C0BCB946B046F8BD5C0A042C3DD89C09BB
:10BF1000200039343830E40034192268083C032703
:10BF2000944203D140E09268944203D05068B843F1
:10BF30009842F8D8D468CC608A60A160D160DCE710
:10BF4000002858D1B868D218FB68C360986063466F
:10BF500013434B608A50D0E79A186346034206D1D8
:10BF60000B68C91A8868D218CB68C360986001232F
:10BF700013434B60244BB1601B689342BDD8234BE5
:10BF800028001968FFF702FFB7E7142C07D9542CD3
:10BF90001AD81C0B20006F346E30E400BCE7200080
:10BFA0005C345B30E400B7E70123801083407068A5
:10BFB00003437360BFE7D1609160CA608A60012269
:10BFC0001A434A60CB5098E7AA225200944205D8FF
:10BFD000DC0B200078347730E4009DE70C4A944273
:10BFE00005D89C0C20007D347C30E40094E7FE24CE
:10BFF0007E20A40090E762461A434A603B607CE7DB
:10C00000382200204022002034220020F429002081
:10C010005405000030B5032A1AD90B0003439B07CF
:10C0200011D0551E002303E05A1C9D4213D013006B
:10C03000C25CCC5CA242F7D0101B0DE0043A043085
:10C040000431032A04D904680B689C42F6D0E8E75F
:10C05000551E002AE6D1002030BDC04610B5034B66
:10C0600001001868FFF7B8FB10BDC046082100208A
:10C0700010B5034B01001868FFF7E2FE10BDC04683
:10C0800008210020802310B55B01082801D1180089
:10C0900010BDFFF793FB16230360173BF7E7C0467D
:10C0A000F0B5D64646464F46C0B582460E0090468D
:10C0B00000F0E6F91C4B1D689946002D0AD0337834
:10C0C0003400002B04D12DE063780134002B0AD01A
:10C0D0003D2BF9D1504600F0D5F90020E0BCBA461E
:10C0E000B146A846F0BDA41B28680028F2D0220063
:10C0F000310000F0E1F9002804D12B681F191B5D05
:10C100003D2B04D0686804350028F0D1E2E74B46A7
:10C1100042461B685046EB1A9B10136000F0B2F9C0
:10C12000781CDBE70024DFE74026002000B583B061
:10C1300001AAFFF7B5FF03B000BDC0467047C04677
:10C140007047C04610B5010000230022002000F017
:10C15000EDF910BD10B583070AD00300032102E0FA
:10C1600001330B4205D01A78002AF9D1181A10BDF4
:10C17000030019680C4A0D4C8A188A4322420FD1D9
:10C180005968094A04338A188A43224208D15968F7
:10C19000054A04338A188A432242F1D000E0013371
:10C1A0001A78002AFBD1E1E7FFFEFEFE8080808046
:10C1B000002370B5064C050008002360FAF724FE42
:10C1C000431C00D070BD2368002BFBD02B60F9E727
:10C1D000682B002070B58C256D0043590400002B9E
:10C1E00001D0002070BD8021FFF7F6FA60510028D1
:10C1F00006D002000023803208C09042FCD1F0E754
:10C2000001204042EEE7C046F8B505000C001600DC
:10C210001F2909D88C277F00C359002B09D0A400FF
:10C220001B1918681E60F8BD1623036001204042E8
:10C23000F9E78021FFF7D0FA002103000200E8515E
:10C240008030002BF2D002C28242FCD1E7E7C04628
:10C2500070B505000C001F2920D88C235B00C35843
:10C26000002B0ED08A009B181A68002A09D0012AD8
:10C2700005D0511C0ED000212000196090470020ED
:10C2800070BD280000F014F922000100280000F021
:10C29000FBF8F5E7162303600120F1E7162303609E
:10C2A00001204042ECE7C04670B505000C001F2994
:10C2B00026D88C2676008359002B14D0A2009B1818
:10C2C0001A68002A09D0511C0BD0012A07D000217E
:10C2D000200019609047002070BD0120FCE703207A
:10C2E000FAE70220F8E78021FFF776FA031EA8514B
:10C2F00006D000210200803002C28242FCD1DDE77C
:10C3000001204042E8E7C046154B70B504001D68A7
:10C310001F281FD88C235B00EB58002B0DD0820008
:10C320009B181A68002A08D0012A04D0511C0DD08D
:10C33000002119609047002070BD280000F0B8F877
:10C3400022000100280000F09FF8F5E716230120E5
:10C350002B60F1E7162301202B604042ECE7C0463A
:10C3600008210020F8B5124B04000E001D681F289C
:10C3700009D88C277F00E859002809D0A4000419A7
:10C3800020682660F8BD16232B6001204042F9E7A3
:10C3900080212800FFF720FA010003000022E85165
:10C3A00080310028F1D004C39942FCD1E6E7C046B1
:10C3B0000821002070B58C250C4B6D001C6863595A
:10C3C000002B01D0002070BD80212000FFF704FA6F
:10C3D0006051002806D002000023803208C090423D
:10C3E000FCD1EFE701204042EDE7C04608210020E4
:10C3F000184B70B504001D681F2827D88C267600BE
:10C40000AB59002B14D0A2009B181A68002A09D03F
:10C41000511C0BD0012A07D0002120001960904741
:10C42000002070BD0120FCE70320FAE70220F8E7B6
:10C4300080212800FFF7D0F9031EA85106D0002163
:10C440000200803002C29042FCD1DCE70120404271
:10C45000E7E7C0460821002070B5074C074D641B74
:10C46000A41005D0013CA300EB589847002CF9D14B
:10C4700000F0A4F870BDC046B0C70010B0C70010EF
:10C480007047C0467047C046002370B5074D040092
:10C49000080011002B60FAF7D3FC431C00D070BDDC
:10C4A0002B68002BFBD02360F9E7C046682B0020E7
:10C4B00010B5FAF7C3FC10BD30B5002A26D0030032
:10C4C0000B439B0724D1032A22D9164D0BE0043AD3
:10C4D000002A1BD0144C1C199C432C4216D104304A
:10C4E0000431032A14D903680C68A342EFD00478FE
:10C4F0000D78A54213D1012306E0C45CCD5CAC42AB
:10C500000DD101339A4201D0002CF6D1002030BD6C
:10C5100004780D78AC4202D1012AECD1F6E7601B19
:10C52000F5E7C04680808080FFFEFEFEF0B5C6467F
:10C530001A4C00B52568002D2AD06C681F2C2ADC07
:10C54000002808D10020631C0234A4006B606151F4
:10C5500080BCB846F0BD8827A600AE19F25101375D
:10C56000FF37BC460122AC446746A2403F68904674
:10C5700017436246176084277F00F3510228E1D1F8
:10C58000280042468D30FF30036813430360D9E72B
:10C59000034D2560D1E701204042D9E7FC2C002063
:10C5A0006C2B0020034B10B5002B02D00248FFF784
:10C5B000C9FD10BD0000000059C40010F8B5C04608
:10C5C00001B40248844601BC604700BF1F1F002021
:10C5D00001B40248844601BC604700BF0903002043
:10C5E00001B40248844601BC604700BF690F0020C7
:10C5F00001B40248844601BC604700BF2D02002000
:10C6000001B40248844601BC604700BFD90F002036
:10C6100001B40248844601BC604700BFFD0B002006
:10C6200001B40248844601BC604700BFC913002022
:10C6300001B40248844601BC604700BFD11E0020FF
:10C6400001B40248844601BC604700BFD903002002
:10C6500001B40248844601BC604700BF5D1300205E
:10C6600001B40248844601BC604700BF191F002086
:10C6700001B40248844601BC604700BFD90F0020C6
:10C6800001B40248844601BC604700BFC51A0020BF
:10C6900001B40248844601BC604700BFC1000020CD
:10C6A00001B40248844601BC604700BF5913002012
:10C6B00001B40248844601BC604700BF9D010020D0
:10C6C00001B40248844601BC604700BF1D0F002032
:10C6D00001B40248844601BC604700BFF91E002037
:10C6E00001B40248844601BC604700BF010100203C
:10C6F00001B40248844601BC604700BF8D0C002095
:10C7000001B40248844601BC604700BF6D1300209D
:10C7100001B40248844601BC604700BFF51A0020FE
:10C7200001B40248844601BC604700BF951A00204E
:10C7300001B40248844601BC604700BFD50B00200D
:10C7400001B40248844601BC604700BF3D0C002094
:10C7500001B40248844601BC604700BF051F0020A9
:10C7600095330010C1330010A53500103956001064
:10C77000D13C00104D550010CD340010DD330010B9
:10C78000FD33001011340010B924001019340010CA
:10C79000812800105D330010191F0010A5C500107E
:10C7A000297A0010FD0200103506001041A3001088
:10C7B0000A2D2D2D2050494F4E4545522053595397
:10C7C00054454D205354415254202D2D2D0000002E
:10C7D000496E697469616C697A696E672041726B30
:10C7E000204B65726E656C2E2E2E00004B65726EAE
:10C7F000656C20496E697469616C697A65642E2084
:10C8000048616E64696E67206F76657220746F2070
:10C810004D61696E204C6F6F702E0000504B543A82
:10C820002025730A000000005B53445D20535049EB
:10C8300020496E697469616C697A6564206F6E2045
:10C8400050696E732031322C31332C31342C313518
:10C85000000000002C00000062617369635F737464
:10C8600072696E673A3A617070656E64000000002C
:10C870005B53445D20437265617465642066696C36
:10C88000653A20257320776974682068656164655E
:10C8900072730A00494E495400000000424F4F5441
:10C8A000000000004F4B2020000000004641494C92
:10C8B000000000005B25735D205374617475733A4A
:10C8C000202573207C20446174613A202825732937
:10C8D0000A0000000A2D2D2D2050494F4E4545528B
:10C8E000204156494F4E4943532053595354454DC7
:10C8F00020434845434B202D2D2D0000424C494EEE
:10C900004B4544004C45440044424C5F4245455031
:10C910000000000042555A5A45520000252E31664B
:10C92000206D0000424D503238300000252E316617
:10C930002064656700000000514D433538383300EE
:10C94000414343454C2F4759524F00004D505539F4
:10C9500032353000535049315F43533133000000CA
:10C9600053444341524400005541525430000000AA
:10C970004750535F4C383900535049315F4345317C
:10C98000360000004E52465F5241440062617369B6
:10C99000635F737472696E673A20636F6E7374724B
:10C9A000756374696F6E2066726F6D206E756C6C46
:10C9B000206973206E6F742076616C6964000000DA
:10C9C000666C696768742E63737600002D2D2D20C8
:10C9D00053595354454D205245414459202D2D2D36
:10C9E0000A0000002D2D2D2053595354454D20444D
:10C9F00045475241444544202D2D2D0A000000009A
:10CA0000543A256C75207C2053543A2573207C20A1
:10CA1000423A2564204D3A256420493A2564205342
:10CA20003A2564207C20413A252E3166207C20481E
:10CA30003A252E3166207C204143433A252E32662A
:10CA40002C252E32662C252E32660000256C752C86
:10CA500025732C252E32662C252E32662C252E325F
:10CA6000662C252E32662C252E32662C252E32661B
:10CA70002C252E32662C252E32662C252E32662C45
:10CA8000252E32662C252E32660A000054530000F3
:10CA9000414C5400544D5000484447004158000058
:10CAA00041590000415A0000475800004759000012
:10CAB000475A00004D5800004D5900004D5A0000E3
:10CAC0000A2A2A2A2050414E4943202A2A2A0A00AB
:10CAD0004E6F207370696E6C6F636B73206172654B
:10CAE00020617661696C61626C6500004E6F207533
:10CAF00073657220495251732061726520617661BD
:10CB0000696C61626C65000048617264776172658E
:10CB100020616C61726D20256420616C72656164B6
:10CB20007920636C61696D6564000000486172641E
:10CB300020617373657274004F7574206F66206D89
:10CB4000656D6F727900000052656C6561736500F8
:10CB5000626F6F74325F77323571303830000000A9
:10CB6000322E322E300000007069636F000000002A
:10CB700070696F6E656572004465632033312032E1
:10CB800030323500666E692B00000000666E690069
:10CB90006E616E00666E692D0000000055415254B2
:10CBA00020737464696E000055415254207374649C
:10CBB0006F7574005541525420737464696E202F50
:10CBC000207374646F7574005553422073746469E4
:10CBD0006E202F207374646F75740000526173703F
:10CBE0006265727279205069000000005069636FBD
:10CBF00000000000426F6172642043444300000063
:10CC00005265736574000000556E68616E646C65F2
:10CC1000642049525120307825780A00657020251B
:10CC20003032582077617320616C726561647920BD
:10CC3000617661696C61626C6500000043616E271A
:10CC40007420636F6E74696E7565207866657220F6
:10CC50006F6E20696E61637469766520657020254A
:10CC60003032580062617369635F737472696E6712
:10CC70003A3A5F4D5F63726561746500474C4942A3
:10CC80004358585F54554E41424C455300000000F4
:10CC90006F626A5F73697A65000000006F626A5FA5
:10CCA000636F756E74000000676C69626378782E3C
:10CCB00065685F706F6F6C007374643A3A626164A8
:10CCC0005F657863657074696F6E00006261736997
:10CCD000635F737472696E673A3A5F535F636F6E36
:10CCE000737472756374206E756C6C206E6F742033
:10CCF00076616C696400000062617369635F7374DC
:10CD000072696E673A3A5F535F637265617465007A
:10CD1000320400106C040010B6040010E804001087
:10CD20000005001016040010340500101604001051
:10CD3000480500105205001006040010B00700104E
:10CD4000BA070010A60700109C07001092070010F9
:10CD50000A070010880700100A0700107E0700105D
:10CD600074070010040700109402960094029600C5
:10CD70000000960094029600000096000B029600B8
:10CD800094029600000096001003960000009600A2
:10CD90008801960040000000009500008CCA001039
:10CDA00090CA001094CA001098CA00109CCA0010C3
:10CDB000A0CA0010A4CA0010A8CA0010ACCA001073
:10CDC000B0CA0010B4CA0010B8CA0010BCCA001023
:10CDD00006005250D3F0754248CB00100600525066
:10CDE000E182887F50CB001006005250ABB36053F5
:10CDF00060CB001006005250BBFF3CB668CB001061
:10CE000006005250861C030270CB001006005250E0
:10CE10005422A29D78CB001005005250DE65F468C4
:10CE20003CFE00109C6200104C6200104C6200102E
:10CE3000946200104C6200104C6200104C620010B2
:10CE40004C6200104C6200104C6200104C620010EA
:10CE50008C6200104C620010846200104C62001062
:10CE60004C6200107C62001050650010B26200102D
:10CE70004A650010B262001034650010B262001002
:10CE8000B2620010B2620010B2620010B262001012
:10CE9000B2620010B2620010A4620010B262001010
:10CEA000B2620010B2620010B2620010B2620010F2
:10CEB000A4620010D865001006620010066200101F
:10CEC0000662001006620010066200100662001082
:10CED0000662001006620010066200100662001072
:10CEE0000662001006620010066200100662001062
:10CEF0000662001006620010066200100662001052
:10CF00000662001006620010066200100662001041
:10CF10000662001006620010066200100662001031
:10CF20000662001006620010066200100662001021
:10CF30000662001064650010A465001064650010AE
:10CF40000662001006620010066200100662001001
:10CF500006620010066200100662001006620010F1
:10CF600006620010066200100662001006620010E1
:10CF700006620010066200100662001006620010D1
:10CF8000786700100662001006620010066200104A
:10CF900006620010066200100662001006620010B1
:10CFA000066200100662001078670010EA65001043
:10CFB0007867001064650010A465001064650010B7
:10CFC000000000000000F03F0000000000002440CE
:10CFD00000000000000059400000000000408F40A9
:10CFE000000000000088C34000000000006AF84014
:10CFF0000000000080842E4100000000D012634138
:10D000000000000084D797410000000065CDCD41AD
:10D010000D0A00000600525053B4F4A1B4CB001026
:10D0200008005250120000000800525092100000F8
:10D030000000000071740010000000007574001002
:10D0400081740010AD740010A9740010000000007D
:10D050000A00000000000306A6000800020002000B
:10D060009C001400030057494E5553420000000035
:10D0700000000000000080000400010028004400BF
:10D080006500760069006300650049006E00740069
:10D09000650072006600610063006500470055008E
:10D0A0004900440000004E007B006200630037002E
:10D0B000330039003800630031002D0037003300A1
:10D0C000630064002D0034006300620037002D000F
:10D0D00039003800620038002D003900310033007B
:10D0E000610038006600630061003700620066007E
:10D0F00036007D0000000000050F2100011C100516
:10D1000000DF60DDD88945C74C9CD2659D9E648A4E
:10D110009F00000306A60001000000000600525018
:10D1200053B4F4A1C8CB001000000000DCCB001009
:10D13000ECCB001068390020F4CB001000CC0010BC
:10D1400009025400030100807D080B000202020066
:10D15000000904000001020200040524002001056A
:10D1600024010001042402060524060001070581AC
:10D170000308001009040100020A0000000705026C
:10D18000024000000705820240000009040200007E
:10D19000FF00010512011002EF0201408A2E0A0071
:10D1A000000101020301000090800010F8810010CE
:10D1B00048820010D0810010E2810010C081001070
:10D1C00030810010DC800010D0800010B28500108B
:10D1D0009885001068830010D285001068830010C5
:10D1E000808500106C850010688300105885001041
:10D1F0005E840010688300103E88001030880010A4
:10D200002488001068830010688300100E880010C6
:10D210003088001068830010688300106883001055
:10D220006883001068830010688300106883001012
:10D23000C48700105E0D00205E0D0020A80D0020A8
:10D24000C80D00200C0E00201E0E0020540D0020E2
:10D2500000000000D98D0010498E00107D8E001056
:10D26000C98E0010718F001059900010000000004E
:10D270000000000059910010B5910010D1910010EC
:10D28000F9910010117500102193001000000000AA
:10D29000537439657863657074696F6E00000000BF
:10D2A00078D4001090D20010537431336261645FFF
:10D2B000657863657074696F6E000000A0D300101C
:10D2C000A8D20010A0D200104E31305F5F63787892
:10D2D000616269763131355F5F666F726365645F85
:10D2E000756E77696E64450078D40010C8D200105E
:10D2F0004E31305F5F637878616269763131395FD2
:10D300005F666F726569676E5F6578636570746983
:10D310006F6E450078D40010F0D2001000000000BD
:10D32000BCD20010F1A60010FDA60010F5A600105A
:10D3300040A70010EEA70010A0A7001040A7001003
:10D3400086A7001018A8001018A8001018A8001030
:10D3500018A80010BCA70010ACA7001040A7001030
:10D3600086A700104E31305F5F637878616269761E
:10D370003132305F5F73695F636C6173735F7479BF
:10D3800070655F696E666F4500000000A0D30010F5
:10D3900064D3001064D40010000000008CD300108F
:10D3A0001DAF001031AF001035B0001035B00010C7
:10D3B00049B3001075B200100DB0001085AF001019
:10D3C0004DAF0010537439747970655F696E666F84
:10D3D0000000000078D40010C4D300105374313121
:10D3E0006C6F6769635F6572726F7200A0D3001023
:10D3F000DCD30010A0D20010537431326C656E671C
:10D4000074685F6572726F7200000000A0D3001034
:10D41000F8D30010ECD3001000000000ECD3001093
:10D420006DB00010EDB0001069B0001000000000F9
:10D430000CD40010ADB0001031B1001069B0001074
:10D440004E31305F5F637878616269763131375F82
:10D450005F636C6173735F747970655F696E666F2B
:10D4600045000000A0D3001040D40010D4D3001019
:10D470000000000064D40010BDB20010D1B2001052
:10D4800035B0001035B0001049B3001075B200106F
:10D490002DB30010EDB20010A9B200100020202022
:10D4A0002020202020202828282828202020202054
:10D4B0002020202020202020202020202088101024
:10D4C0001010101010101010101010101004040480
:10D4D000040404040404041010101010101041413E
:10D4E000414141410101010101010101010101012C
:10D4F0000101010101010101101010101010424240
:10D5000042424242020202020202020202020202FB
:10D51000020202020202020210101010200000009B
:10D5200000000000000000000000000000000000FB
:10D5300000000000000000000000000000000000EB
:10D5400000000000000000000000000000000000DB
:10D5500000000000000000000000000000000000CB
:10D5600000000000000000000000000000000000BB
:10D5700000000000000000000000000000000000AB
:10D58000000000000000000000000000000000009B
:10D59000000000000000000000000000000000008B
:10D5A00055D3FF7FB0B0AA00FFFF01080E041C0096
:10D5B000180E000041D3FF7FB0B0AA00FFFF0108A2
:10D5C0000E041C00180E000080010181B0B0ABB049
:10D5D0000000000080010181B0B0AB10000000002D
:10D5E00015D3FF7FB0B0AA00FFFF010009D3FF7F72
:10D5F000F0801601B0B0B0ABFF1019011028A408DC
:10D600000000A40904A80901B009040000010000F9
:10D6100000000000E1D2FF7FB0B0A800FF100D01B4
:10D62000040206080101000000000000C9D2FF7FCB
:10D6300010800101B0B0B0ABFFFF010828466E00BA
:10D6400074040000B1D2FF7FF0800401B0B0B0AB31
:10D65000FF1019010F440A4E0194014AE40100EC45
:10D6600001040000010000000000000076B201810A
:10D67000B0AB308000000000800A0181B0B0ABF098
:10D68000000000003F020181B0AB308000000000CC
:0CD6900080040181B0B0ABF0000000008D
:10D69C0094C9FF7F00FFFF7FBCC9FF7F0CFFFF7F9A
:10D6AC00E4C9FF7FB0B0A88018CAFF7F10FFFF7FCE
:10D6BC00C4CAFF7FB0AA018070CBFF7F01000000BD
:10D6CC008CCDFF7F04FFFF7F44CEFF7F0100000065
:10D6DC000CCFFF7F00FFFF7F78CFFF7FB0B0A8801B
:10D6EC0000D0FF7F0100000028D0FF7FAB7080804E
:10D6FC0024D1FF7FB0B0A8805CD1FF7FAB08B18094
:10D70C00E8D1FF7FDCFEFF7F94D6FF7FFCFEFF7F1E
:10D71C009CD6FF7F01000000A4D6FF7FB0B0A8808C
:10D72C00B4D6FF7F01000000C4D6FF7FB0B0A88044
:10D73C00F0D6FF7F0100000034D7FF7FB0B0AA8085
:10D74C0060D7FF7FB0B0A880C8D7FF7F0100000072
:10D75C00F0D7FF7FB0AB028020D8FF7FB0AB048046
:10D76C00A0D8FF7FAB08B180BCD8FF7F01000000C0
:10D77C00F8D9FF7FACFEFF7F78DAFF7FB0B0A880CE
:10D78C00E0DAFF7F01000000E0DAFF7FB0A904803F
:10D79C000CDBFF7F01000000A4DBFF7FAB08B18036
:10D7AC00C0DBFF7F0100000014DCFF7F8CFEFF7FDD
:10D7BC0008DDFF7F01000000C838FF0FB0A9028010
:10D7CC005439FF0FB0B0A880A839FF0F010000003A
:10D7DC00B439FF0FB0B0AA80E439FF0F84FEFF7F8D
:10D7EC00A43AFF0F01000000A03AFF0FAA3F3980B6
:10D7FC00E83AFF0FB0B0A880F43AFF0FB0B0AA809F
:10D80C00303BFF0FB0B0A880443BFF0F010000007D
:10D81C00403BFF0FB0B0A880483BFF0F0100000059
:10D82C00F83BFF0FAA0FB2805C3CFF0F40FEFF7F5E
:10D83C002C3FFF0FB0B0A880483FFF0F3CFEFF7F8E
:10D84C00F441FF0F010000006443FF0F00840480CB
:10D85C007443FF0FB0B0A8807443FF0F28FEFF7F06
:10D86C006446FF0F008404808446FF0FB0B0A8808C
:08D87C009C46FF0F01000000B3
:10D88400D0CD0010DCCD0010E8CD0010F4CD001098
:10D8940000CE00100CCE001018CE001028D00010BE
:0CD8A40020D0001014D000101CD1001087
:10D8B00003000068EFF3108C72B60268002AFCD0F7
:10D8C000BFF35F8F04229A56002A04DB002900D0A0
:10D8D0000A60002004E0D0220120120612681A71AA
:10D8E0001B68BFF35F8F00221A608CF310887047AB
:10D8F000F0B5C646150000B504001E000268EFF33F
:10D90000108172B61368002BFCD0BFF35F8F042325
:10D91000E356002B2DDB2268BFF35F8F00201060E1
:10D9200081F31088D0221206127852B290469A42A1
:10D9300003D1002080BCB846F0BD00270BE023686F
:10D94000BFF35F8F1F6081F310882800310001F062
:10D9500033FF0028EDD12268EFF3108172B613680F
:10D96000002BFCD0BFF35F8F23797F2BE7D9434691
:10D9700002E0D0231B061B6823712368BFF35F8F6F
:10D9800000221A6081F310880120D3E7F0B5C64663
:10D9900000B50D00040001F0FFFEFA2206000F00A2
:10D9A000002328000021920001F0EEFE80233618AB
:10D9B0004F411B069F4202D30126174F7642D023C8
:10D9C0001B061B68002598460BE02368BFF35F8F9A
:10D9D0001D6081F310883000390001F0EDFE002851
:10D9E00018D12268EFF3108172B61368002BFCD0B7
:10D9F000BFF35F8F23797F2BE7D9434623712368D9
:10DA0000BFF35F8F00221A6081F31088012080BC71
:10DA1000B846F0BD0020FAE7FFFFFF7F0268EFF392
:10DA2000108172B61368002BFCD0BFF35F8FFF2309
:10DA300003710368BFF35F8F00221A6081F31088BF
:10DA400040BF704710B5084C2378002B0AD18023C3
:10DA5000064807495B051A68C25004338B42FAD165
:10DA60000123237010BDC0467E390020D032001043
:10DA70000001001010B5014B984710BDD1320020B5
:10DA8000064B5A6802609A684260DA6882601A69D6
:10DA9000C2605A6902619B6943617047000002409D
:10DAA0000268064B5A6042689A608268DA60C2680F
:10DAB0001A6102695A6142699A6170470000024026
:10DAC000034B1A68C0239B009343024A13607047BC
:10DAD0000C8001400C900140054B1A6880239B008C
:10DAE0005340C02292001340024A13607047C04660
:10DAF0000C8001400C9001401423F0B5D6464F46EF
:10DB000046469A46C0B581461888043386B0984682
:10DB10000E001B88294914009847534607001888AF
:10DB2000434627491B8898475346050018884346B3
:10DB300024491B8898478046FFF784FF6846FFF713
:10DB40009FFFB847A847FFF7C7FF221E20D0C0217C
:10DB500008270220490511E0002C14D0131B0D2BBF
:10DB600024D9002D0AD02300002A05D00B6E013ADB
:10DB70003370130001362343002B09D03D008B6A1C
:10DB80001D401842E8D1002DEDD123001343F5D1FB
:10DB9000FFF796FFC047FFF76DFF6846FFF780FF6E
:10DBA00006B0E0BCBA46B146A846F0BD4B461B786D
:10DBB000013C0B6601239C46E144E4E74946000032
:10DBC00045580000464300000022154B10B59A60EE
:10DBD000DA601A615A619A61DA611A625A629A626B
:10DBE000DA621A635A639A63DA631A645A649A644B
:10DBF000DA641A655A659A65DA651A665A669A662B
:10DC0000DA661A675A679A67DA67F032920000217B
:10DC1000044801F0A9FD044B044A1A6010BDC04637
:10DC2000000010508834002050380020800110502F
:10DC3000F0B54E464546DE465746E0B5214B00243A
:10DC40009E6D012585B0002E22D01F4B9A460123E0
:10DC500099461E4B984601E0202C19D02A0023003B
:10DC600001342F003240E4B26D00002AF4D0524655
:10DC700097654A465B085B0022409B185B01434462
:10DC800018009B4600F030FC002808D1BE43E3D1C9
:10DC900005B0F0BCBB46B246A946A046F0BD5B4607
:10DCA000E0219A78DB8A01A883600023C900018003
:10DCB00001210271437100F037FC584600F0B0FBBF
:10DCC000E4E7C046000011500030115048340020F5
:10DCD0009823F0B5C646C64A00B5D55880232E0015
:10DCE0009B02102484B01E401D4273D0C14BC24C15
:10DCF0009A6AC24B00261A603B23E35C022B00D1D8
:10DD0000F4E07B23E35C022B00D10CE1BB23E35C5A
:10DD1000022B00D1FBE0FB23E35C022B00D135E1B9
:10DD20003C23FF33E35C022B00D122E17C23FF3351
:10DD3000E35C022B00D10FE1BC23FF33E35C022B39
:10DD400000D1FCE0FC23FF33E35C022B00D1A6E111
:10DD5000AB4BE35C022B00D196E1AA4BE35C022BB8
:10DD600000D185E1A84BE35C022B00D174E1A74B05
:10DD7000E35C022B00D163E1A54BE35C022B00D1F5
:10DD80002AE1A44BE35C022B00D10BE1A24BE35C44
:10DD9000022B00D18FE1A14BE35C022B00D1A6E165
:10DDA000002E08D19E4B1B78002B04D180219D4A68
:10DDB00090338902D150C0228D4B01A89B6C9200F8
:10DDC0005B055B0D012180260280436000F0ACFB07
:10DDD000954CB602EB0600D57CE080235B021D4229
:10DDE00032D01E43012302249846834FBB7E002B72
:10DDF00014D001F0A1FC012800D96FE0C02200215D
:10DE00003800920100F012FB380000F009FB01F02D
:10DE100093FC012802D9834B5C661C664346FB7069
:10DE20002037012C01D00124E0E7C02301A8DB004A
:10DE30007E4A038002AB12CA12C3012100F074FBB8
:10DE40008022784B92021A6580235B011D420ED11D
:10DE50008023DB011D4221D180231B021D422CD1D6
:10DE6000AE4200D0C0E104B080BCB846F0BD002492
:10DE70001E435F4B1C60FFF7A7FE80236A465B00D2
:10DE800093801472012101A800F04EFB8022654BA3
:10DE900012031A658023DB011D42DDD01E4380235F
:10DEA00001A8DB000380012100F03EFB10225D4B46
:10DEB0001A6580231B021D42D2D01E43A02301A855
:10DEC000DB000380012100F02FFB8022554B120163
:10DED0001A65C5E7FFF7ACFE26007EE7544B444ABF
:10DEE0001C66536E2340A342FBD187E73833E65CC0
:10DEF000002E00D105E70233E25C002A00D100E7E2
:10DF0000200000222030E25400F0B8FAF9E6B833DD
:10DF1000E75C002F00D1FEE60233E25C002A00D06D
:10DF200022E13E00F7E67833E75C002F00D1EDE612
:10DF30000233E25C002A00D00EE13E00E6E6B9338F
:10DF4000FF33E75C002F00D1FCE60233E25C002ADD
:10DF500000D0F8E03E00F5E67933FF33E75C002FB0
:10DF600000D1E9E60233E25C002A00D0E2E03E00A4
:10DF7000E2E63933FF33E75C002F00D1D6E6023307
:10DF8000E25C002A00D0CCE03E00CFE6F833E75C4C
:10DF9000002F00D1C4E60233E25C002A00D0B8E0D2
:10DFA0003E00BDE6234BE75C002F00D1EEE60233D6
:10DFB000E25C002A00D010E1174BE35C022B00D199
:10DFC0008BE0164BE35C022B00D0F4E61A4BE35CCB
:10DFD000002B00D090E0EEE6184BE75C002F00D15C
:10DFE000CFE60233E25C002A00D0EEE03E00C8E655
:10DFF0000000115000400540483400203C3400200F
:10E000003B0200007B020000BB020000FB0200009C
:10E010003B0300007B030000BB030000FB03000088
:10E020007C39002000301150100002000000105018
:10E03000002011507A030000FA0300003A030000A8
:10E040006C4BE75C002F00D196E60233E25C002ABD
:10E0500000D0B2E03E008FE6674BE75C002F00D1B6
:10E0600085E60233E25C002A00D09EE03E007EE6B8
:10E07000624BE75C002F00D174E60233E25C002AB9
:10E0800000D08AE03E006DE65D4BE75C002F00D1DA
:10E0900063E60233E25C002A77D13E005DE6F933A5
:10E0A000FF33E75C002F00D152E60233E25C002A26
:10E0B00062D13E004CE6534BE35C002B00D16AE694
:10E0C000EF239B00E25C002A00D17AE70022E254B1
:10E0D0001C3BE01800F0D2F973E74A4BE35C002BDD
:10E0E000EED1494BE35C022B00D064E63E00474B87
:10E0F000E35C002B00D153E6FF239B00E25C002A87
:10E1000000D158E60022E2541C3BE01800F0B6F9BA
:10E1100051E620000022E030E2543E0000F0AEF96B
:10E12000FEE5200000222130FF30E2543E0000F0E6
:10E13000A5F9FBE5200000226130FF30E2543E00EB
:10E1400000F09CF9F8E520000022A130FF30E254F5
:10E150003E0000F093F9F5E5200000226030E25423
:10E160003E0000F08BF9D1E520000022A030E254FF
:10E170003E0000F083F9CEE520000022E130FF30C0
:10E18000E2543E0000F07AF9E2E50022E2541C3B42
:10E19000E01800F073F93E00DFE50022E2541C3B7A
:10E1A000E01800F06BF93E00DCE50022E2541C3B75
:10E1B000E01800F063F93E00D9E50022E2541C3B70
:10E1C000E01800F05BF93E00D6E50022E2541C3B6B
:10E1D000E01800F053F93E00D3E50022E2541C3B66
:10E1E000E01800F04BF9E7E631000948694001F01A
:10E1F0009BFAC046FA020000BA0200007A02000050
:10E200003A020000BA030000FB030000FA0300001A
:10E2100008CC0010F0B5D6464F464646C0B50200C1
:10E22000838A008B8A46041C984200D91C1CD5782E
:10E2300080262800471EB841A4B2F60026434003BA
:10E240003043012675401B1BD57055789BB29382D5
:10E25000002D37D15146D6688D01611E761988464A
:10E260001569002C29D006293AD933002B439B0786
:10E2700036D16B1CF31A022B32D9231F9B080133B2
:10E280009C4600270023E9580137F1500433BC4570
:10E29000F9D8634641469B00ED18F618CF1A9C4208
:10E2A00009D02B783370002F05D06B787370012F55
:10E2B00001D0AB78B3701569938A2D19156180224E
:10E2C00012021043002B02D18023DB011843534676
:10E2D000002B00D00004E0BCBA46B146A846F0BD11
:10E2E0000023EF5CF75401339C42FAD11569938AFD
:10E2F000E3E7C0468368F0B51B680500002900D03D
:10E300001B0C9B05980D6B78002B08D1EB8AC3186A
:10E31000EB822B8B834201D90023AB82F0BDEB68EB
:10E320008901461EB4462A695C18002827D0062EAB
:10E330002BD901315B18D31A022B26D913002343A2
:10E340009B0722D100230021061FB6080136E7589B
:10E350000131D75004338E42F9D86346B600A41970
:10E3600092199F1BB04209D023781370002F05D05B
:10E3700063785370012F01D0A37893702A69EB8AD8
:10E380001218C318EB822A61C3E70023E15CD15461
:10E3900001339842FAD12A69F1E7C04610B504006A
:10E3A000836800211B68FFF7A5FF63681B685B009B
:10E3B00002D5238B834200D010BD01212000FFF73E
:10E3C00099FFF9E7084A0300126C0020920703D472
:10E3D0009A78D209012A00D07047D87E0238434289
:10E3E0005841C0B2F8E7C0460000115010B5FFF721
:10E3F000E9FF00280CD00749074B8C46074A9B6A67
:10E40000126863449B1A0020C6229A424041C0B25F
:10E4100010BDC046E0FCFFFF004005403C3400203A
:10E4200000238376436103617047C04610B583685B
:10E43000002901D01C682140002A12D08024E40069
:10E44000114322420DD01A6822420CD1084A0A40D8
:10E450001A60084A126C920703D40C23033BFDD2C6
:10E460008368196010BD8178034801F05DF9C046EA
:10E47000FFFBFFFF000011501CCC0010436870B57B
:10E48000002180251E680400FFF7C4FE134B6D01B8
:10E490001B6C05439B070FD5A3785B060FD0104B71
:10E4A0001E4080239B0533436268002113602000D7
:10E4B0002A00FFF7BBFF70BDA378DB09EFD0A38A6A
:10E4C000002BECD001212000FFF7A4FEA023054A79
:10E4D000DB05324005431343E6E7C0460000115018
:10E4E000FFFFFFAFFFFFFFDF70B5857E0400002D4B
:10E4F00014D0FFF753FFA38A002B01D1280070BD71
:10E500002000FFF773FF002803D0012300252377A5
:10E51000F4E72000FFF7B2FF0025EFE7817801481C
:10E5200001F002F93CCC0010F0B5CE46474680B56C
:10E53000437805000E0085B0062B08D86C4A9B0076
:10E54000D3589F466B4A13780133DBB213706A4B82
:10E550001C686269EFF3108172B61368002BFCD05F
:10E56000BFF35F8FA1612000290001F02DF96269DE
:10E57000A369BFF35F8F0021116083F31088002827
:10E5800004D105B0C0BCB946B046F0BD32006978D0
:10E59000287801F0D9F8F4E70121584B1A788A431A
:10E5A0001A701A7801318A431A7000225A701A7848
:10E5B00002318A431A70CAE75149524F894652497B
:10E5C0000024002388463A7812E043461B68610124
:10E5D0005B18002B06D0DB69002B03D06968287814
:10E5E00098473A780134E4B2511C2300A14217DB6A
:10E5F000A242EAD89B1A5B014B44ECE73F4B1A78E6
:10E60000D207BED504211A780A431A709FE73B4B04
:10E610001A78D207B5D504211A788A431A7096E77A
:10E62000364F3B785B072BD504223B780021934380
:10E630003B706B460632981D01F096F82B7801ACC2
:10E640002370052363702C4B1B6898465A69EFF3BF
:10E65000108172B61368002BFCD0BFF35F8F434666
:10E6600040469961210001F0AFF843465A699B6921
:10E67000BFF35F8F0021116083F31088002831D130
:10E68000FB78DB0700D47CE76B460A220021981D4B
:10E6900001F06AF82B7801AC2370032363706B6878
:10E6A0006360154B1D686A69EFF3108172B61368D9
:10E6B000002BFCD0BFF35F8FA9612800210001F07F
:10E6C00083F86A69AB69BFF35F8F0021116083F340
:10E6D0001088002800D154E732006178207801F0DA
:10E6E00033F84EE732006178207801F02DF8C7E763
:10E6F00034D200107D390020402F0020E82E002069
:10E7000050D200107B390020382D002030B5040095
:10E71000101E0AD00A000D180221E3681942FCD02D
:10E7200013780132A3609542F7D1E3685B0704D503
:10E730000421A368E3681942FBD11021E368194260
:10E74000FCD1E3685B0704D50421A368E3681942A0
:10E75000FBD10123236230BDF0B5C64606001C0084
:10E7600018001D0002238C469846042100B500289D
:10E7700003D0002C0FD1002D08D180BCB846F0BDCD
:10E7800023000833AB4218D8002D04D0F768394273
:10E790000AD1002CFAD04346F7683B42F0D1002D55
:10E7A000F4D1002CE9D0F6E7B368013D13702B00DB
:10E7B00001322343002BDCD1DFE76346013CB36029
:10E7C000002DE3D12300F5E77047C04603685A00E7
:10E7D00004D5802212061343C01870475B005B0803
:10E7E000FAE7C046F8B54E464546DE4657468046EF
:10E7F0009146E0B500292AD04B1E9B469A46002739
:10E800005346FB18DC0FE41843466410E5005E191C
:10E810003000FFF7DBFFA34510D0484509D8083585
:10E8200028004044FFF7D2FF0138484508D2671C52
:10E83000E6E7A7420BD0631E9A46E1E74845F8D8C1
:10E840003000F0BCBB46B246A946A046F8BD002643
:10E85000F6E7C0460300012808D0022804D00020B3
:10E86000002B00D1024870470248FCE70248FAE753
:10E8700069170020811700207517002030B5214B43
:10E88000050083B08C1E002B26D0200001A900E0DB
:10E8900000BF00281DD001992200FFF7A3FF041E2E
:10E8A00017D0FFF793FF6368A864012B27D0201DC2
:10E8B000002B22DBFFF78AFF00232B650368E86447
:10E8C000002B0FDBFFF782FF030000202B6103B05A
:10E8D00030BD00230920F9E70B4B0C481B1AD91057
:10E8E0000191D9E71801000FFFF7B4FF42424241FE
:10E8F0000300092052421040E8E70123DDE700232E
:10E900000520E3E70000000084D800109CD600102A
:10E91000036810B50400DA0705D49B070AD5503008
:10E9200000F0A0FC23685A070AD51A070FD5DB06AA
:10E9300015D510BD503000F091FC23685A07F4D46F
:10E940002000D83000F092FC23681A07EFD4200092
:10E950005930FF3000F08EFC2368DB06E9D420003C
:10E96000D930FF3000F08AFCE3E7C04603000068BE
:10E97000002800D0C0187047092070477047C04673
:10E9800070B504000D002000296CFFF777FF002808
:10E9900011D12B6C2A006361210001202369984763
:10E9A0000828F0D0072806D10020296CFFF7E6FFE1
:10E9B000281D00F03DFCFFDEF0B54746CE4680B591
:10E9C0002E4C8369A544C768040015000431402219
:10E9D00003A8984600F0C0FE0023029323E0F4222F
:10E9E000129B5200636102A97CA800F0B5FE2100D1
:10E9F000300023697CAA98478A9B060014934346FB
:10EA0000019302AB00932200230029000120B847A4
:10EA1000002829D1F4227CA9520002A800F09CFE13
:10EA20000025082E1ED120001299FFF727FF093577
:10EA30008146EEB20028D2D0109B10211493434699
:10EA4000019302AB00932200230001203143B84719
:10EA5000002809D14846F7239B009D44C0BCB94615
:10EA6000B046F0BD072E02D009239946F2E72800F0
:10EA70001299FFF783FF03A800F0DAFB24FCFFFFE5
:10EA8000806C704770B5CB6BFAB00B6405000E005C
:10EA90004022043101A800F05FFE01235B42009395
:10EAA00006E06A4629002B6998470400082808D127
:10EAB00028001099FFF7E2FE0028F2D009207AB072
:10EAC00070BD6846FFF724FF062CF7D131002800FF
:10EAD000FFF756FF10B58261DA6BC1601A64190046
:10EAE0000022FFF769FF10BD436970B50B64C3686E
:10EAF00004000D00002B13D10A000369010002205D
:10EB00009847072805D008280ED129002000FFF7D4
:10EB100037FF0020296CFFF731FF281D00F088FB2C
:10EB20000122FFF749FFFFDEFFDEC046C36810B5D4
:10EB3000002B05D0CB6B00220B64FFF73DFF10BD0F
:10EB4000FFF7A0FFFBE7C0467047C046836801009F
:10EB500010B5002B01D00120984710BD042908D81A
:10EB600002291AD800290BD0481E431E98410130B3
:10EB7000704705290FD1436C009A00201360F7E716
:10EB8000002B08D10F2A06D8920080184368009AFB
:10EB900000201360ECE70220EAE70120E8E7C04626
:10EBA00000B585B003AB0A00009300210023FFF7F6
:10EBB000D5FF039805B000BD042908D802291AD84A
:10EBC00000290BD0481E431E98410130704705298B
:10EBD0000FD1009B1B6843640020F7E7002B08D18E
:10EBE0000F2A06D8009B92001B6880184360002003
:10EBF000ECE70220EAE70120E8E7C04600B585B06F
:10EC000003AB039200930A0000230021FFF7D4FF17
:10EC100005B000BD70B5194CD36BA5441364050055
:10EC20000C0017A8111D402200F096FD01235B4245
:10EC3000169313E00C2116A86A46FFF7DFFF2100A8
:10EC400016A8A84700280FD16946049B16AA0830C9
:10EC500098470600052808D0092805D06846269957
:10EC6000FFF70CFE0028E5D0092616A8FFF750FE96
:10EC7000300090239B009D4470BDC046C0FDFFFF47
:10EC8000F0B54E464546DE465746E0B50D00032139
:10EC9000EC6C160004CC8BB0944601400894002B19
:10ECA00000D17FE0170C06AA577362461204079240
:10ECB000FF223A409200A418022206AF3A730229BA
:10ECC00000D1AC6B2A6DD20707D5300007A900F040
:10ECD0007BFB00285BD108205AE022689346002A7B
:10ECE000F3D008220240039200220492023201274C
:10ECF0009046AA46B14602910193019B022B4ED049
:10ED0000238865889B46043453462E009B6C0F2154
:10ED10004846BE43F618FFF743FF0023864205D856
:10ED20005B46BB439B1998429B415B4242466D0048
:10ED300015405A463A401543012D50D0022D37D088
:10ED4000002D24D1029A002A02D0002B00D0C3E06B
:10ED5000043423689B46002BCFD14E4607A93000D0
:10ED600000F032FB002812D1049B002BB3D00F21FE
:10ED70003000FFF715FF0E2102003000FFF73EFFC5
:10ED800030000F21734AFFF739FF072000E0092008
:10ED90000BB0F0BCBB46B246A946A046F0BD6568C4
:10EDA0000834B1E71202079206AA5373032284E7DC
:10EDB00025686A0052089346029A002A49D1002B1E
:10EDC00005D0039B002B60D05B46002B5DD0002D4F
:10EDD00000DA04345B4601339B00E418B9E7029A79
:10EDE000002A19D1002B15D025686368ED0F9A1CF5
:10EDF000CDD0524658320692013300D199E0201D01
:10EE0000FFF7B4FD2A00010006AB504600F084FC79
:10EE1000002876D108349CE753460D2148461D6AE8
:10EE2000FFF7BEFE8542F5D153469B6A9C42F1D165
:10EE300055464E462000FFF7C9FC0F210200300066
:10EE4000FFF7DCFE30002A000021FFF7D7FE072085
:10EE50009EE753460D2148461E6AFFF7A1FE8642F3
:10EE6000B5D153469B6A9C42B1D153465A469A62E9
:10EE700052460023D36204331363231D5363236874
:10EE8000002B60DB01230493A4E75823534405932C
:10EE90005B46251DA34600261C000EE0059B2800AE
:10EEA0000693FFF763FD0022010006AB504600F019
:10EEB00033FC01360435002836D1A642EED14E4649
:10EEC0000D213000FFF76CFE55465C46069B28621C
:10EED0006B620620AC625BE72000FFF777FC5546CB
:10EEE00004340700AC6328004E4600F05DFC0028A7
:10EEF00000D14CE730003A000F21FFF77FFE0720DA
:10EF000046E74E4681460D213000FFF749FE554643
:10EF10004B46069F2862022B02D1EF622F002C374E
:10EF200006206F62AC6233E723005C469B4625688F
:10EF30004DE74E460D21300055469246FFF730FE14
:10EF400057462862ECE758460130800055464E4649
:10EF5000201870E7C9B3001010B50023FFF790FE2A
:10EF600010BDC04610B50123FFF78AFE10BDC04694
:10EF700010B50223FFF784FE10BDC046F0B5CE46A3
:10EF8000474680B5050014001E00C3B0052900D90E
:10EF9000FDE0A64B89005B589F46836B002A00D09A
:10EFA000F5E004CB42648363002043B0C0BCB946A3
:10EFB000B046F0BD002E00D0E9E000230127160482
:10EFC000826B360C011D38009840064201D001CA00
:10EFD000086001330431102BF5D1A404E4D4AA63F2
:10EFE000E2E7032E00D0D2E01404160C240C3319EF
:10EFF000102B00D9CBE0082203681A4200D0EBE0C6
:10F0000020AF380000F038F9AB6BF6009C46630087
:10F010005A1E002B0BD06346F61A043EBE19180088
:10F02000006804339851013AF9D2E400A4446346DD
:10F030003800AB6300F01EF9B6E7130C14049846D1
:10F04000240C012E00D185E0052E00D09FE0A146C2
:10F05000C1444B46202B00D999E043460F2B00D9E1
:10F0600097E04B46102B00D8BFE0012203681A42FC
:10F0700007D09343022213430360503000F0F4F8AA
:10F080002B6804221A4205D0280093432B60D83005
:10F0900000F0EEF820AF380000F0E6F8684600F027
:10F0A000E7F8424610239B1A10225C005242434666
:10F0B0004A449446D800A96B3818013C0023013417
:10F0C000A200CC58C45004339A42FAD1634689183E
:10F0D000002B00D198E044466F465800102C00D217
:10F0E00010240023103C0138E40001303C19820058
:10F0F000C858E05004339A42FAD18918012E72D0D0
:10F100004346A9630F2B02D820A800F0ABF83800C3
:10F1100000F0ACF848E7002E39D1102A37D8102279
:10F1200003681A4251D120AF380000F0A9F8012637
:10F1300039000023AA6B30009840044201D001CA74
:10F14000086001330431042BF5D13800AA6300F0C4
:10F1500095F829E71B19102B19D84346102B16D008
:10F160000368334206D00322280093432B605030BB
:10F1700000F076F820AF380000F072F8A96B002C90
:10F180001BD104313800A96300F068F80CE70220B5
:10F190000BE7002C00D107E7042203681A4204D0D1
:10F1A00093430360D83000F063F86F46380000F0F6
:10F1B0005FF86000A96B444693E74346D8000023FC
:10F1C00064009C463818013C78E793430360D930CB
:10F1D000FF3000F055F8A6E7934303605930FF3045
:10F1E00000F04AF80CE720AFCBE7012203681A428F
:10F1F00012D120AF380000F037F8A96B002CDCD119
:10F20000380000F02FF8CFE6012EBAD04346A963AC
:10F210000F2B00D9C8E6F3E79343022228001343DB
:10F220002B60503000F020F8E3E7C046E81F0020D4
:10F230000100343138C9043B9C461D60A6460100DC
:10F2400020313CC990469946A246AB4601000831A0
:10F25000FCC941680068E54600BDC0467047C0462D
:10F260007047C0467047C0467047C0467047C046AA
:10F270007047C0467047C0467047C0467047C0469A
:10F280007047C04601B401A801B585B0FFB408A815
:10F2900041464A4653465C4665463EC001A83EC8C4
:10F2A0000F98009000230CB401A9FFF7EBFB109B13
:10F2B00012B0184701B401A801B585B0FFB408A881
:10F2C00041464A4653465C4665463EC001A83EC894
:10F2D0000F98009000230CB401A9FFF705FC109BC8
:10F2E00012B0184701B401A801B585B0FFB408A851
:10F2F00041464A4653465C4665463EC001A83EC864
:10F300000F98009000230CB401A9FFF70FFC109B8D
:10F3100012B0184701B401A801B585B0FFB408A820
:10F3200041464A4653465C4665463EC001A83EC833
:10F330000F98009000230CB401ABFFF7CBFB109BA0
:10F3400012B0184701B401A801B585B0FFB408A8F0
:10F3500041464A4653465C4665463EC001A83EC803
:10F360000F98009000230CB401AAFFF753FC109BE8
:10F3700012B01847027A0300002A0BD1427A002A01
:10F380000FD0013A42724268111D41600321126898
:10F39000017202E0013A02720268100E12021A6053
:10F3A0007047B020FCE7C04600B585B003AB0093C2
:10F3B0000C2200230021FFF7D1FB039805B000BD0C
:10F3C00010B5FFF7F1FF10BDF0B5002345465746D5
:10F3D0004E46DE469846E0B506000D000F2785B084
:10F3E0002800FFF7C7FF0400B02800D129E1030679
:10F3F00038D50300BB43DBB2A02B00D191E012D87B
:10F40000802B69D0902B25D10D2303400D2B21D0CB
:10F410000F2202AC02400023002130000094FFF7CD
:10F420009DFB009433E0B02B00D170E0C02B38D0AE
:10F43000072203009343DBB2D02B0BD18023024081
:10F4400001321B031A43012105233000FFF796FD0B
:10F450000028C5D0092005B0F0BCBB46B246A9467D
:10F46000A046F0BDFF238200134004339A4602AB4E
:10F47000009399460D22002300213000FFF76EFB18
:10F48000029B64060AD4534402934B460093002324
:10F490000D2200213000FFF78FFBA1E752469B1A97
:10F4A000F2E7C62800D1ADE0C72800D1CEE0F823AE
:10F4B0000340C02B00D1DBE0C82800D1DEE0C92822
:10F4C000C8D12800FFF756FFF022030312031340B0
:10F4D0000F2202400132B5E704022800FFF74AFF7D
:10F4E000204380242402A042B4D0030100059946A1
:10F4F000020C002300213000FFF740FD0028A9D1B5
:10F500004B46234200D16BE70123984668E703008E
:10F510004F33DBB2042B00D988E0684A9B00D358F4
:10F520009F46FF21072309010A0083431A410A402D
:10F53000240702D58023DB011A4300230021300079
:10F54000FFF71CFD002800D14AE783E72800FFF7FA
:10F5500011FF431EDBB202000E2BEED97AE703AB9C
:10F5600000930D22002300213000FFF7F7FA37E760
:10F570000023002205213000FFF700FD002800D104
:10F580002EE767E72800FFF7F5FEF02203031203DA
:10F5900013400F22024001321A430121012330009F
:10F5A000FFF7ECFC002800D11AE753E702AB0D226D
:10F5B00000210093994630000023FFF7CFFA28007E
:10F5C000FFF7D8FE029C030674D502239A467D33CA
:10F5D0009B465B4618405346984007239C46241898
:10F5E00028000294E244FFF7C5FE0306F1D481230C
:10F5F0009B009C46534698404B4664442418029412
:10F60000009344E72800FFF7B5FEF022030312033E
:10F6100013400F22024001321A430321032330001A
:10F62000FFF7ACFC002800D1DAE613E7FC23034027
:10F63000B42B00D10EE707238022034001331203CD
:10F64000AAE74346002B25D0002004E72800FFF757
:10F6500091FE431EDBB202000E2B00D9FAE6002316
:10F6600004213000FFF78AFC002800D1B8E6F1E65B
:10F67000A022B13B034001331203CDE72800FFF77E
:10F6800079FE0F2302009A43D2B2103203401203D4
:10F690000133D7E602AC0E22002130000094FFF7C0
:10F6A0005DFA00230F22002130000094FFF784FA56
:10F6B0000020D0E602239A4699E7C04600200020A9
:10F6C000030000B5DA6C85B05368080008321902EF
:10F6D00001910292694603221B0E0A734B7301A922
:10F6E000FFF772FE05B000BD10B5FFF769FE806C34
:10F6F00010BDC04610B5FFF763FEC06CC3799B0018
:10F700000833C01810BDC04610B500F035F810B56C
:10F71000FFF7FAFF0000000001B40248844601BC74
:10F72000604700BF59A4001001B40248844601BCE0
:10F73000604700BFB11D001001B40248844601BCFF
:10F74000604700BFA51D001001B40248844601BCFB
:10F75000604700BF297F001001B40248844601BC05
:10F76000604700BF5556001001B40248844601BCF2
:10F77000604700BF4956001001B40248844601BCEE
:10F78000604700BFC9B7001001B40248844601BCFD
:10F79000604700BFCD53001001B40248844601BC4D
:10F7A000604700BFB52D001001B40248844601BC7B
:10F7B000604700BF19A5001001B40248844601BC8F
:10F7C000604700BF992C001001B40248844601BC78
:10F7D000604700BFAD990010C41700204A180020F0
:10F7E0009E190020F217002026190020AA170020D9
:10F7F0005C1D0020BC1D0020941D0020801D0020E9
:10F800006E1D0020002474C91000000000000000DC
:10F8100000000100000000000000000000000200E5
:10F8200000000000000000000000030000000000D5
:10F83000000000000000FF000000000001B5486863
:10F8400001318E460047704609380149884701BD9D
:10F85000C9230010000000000000000000000000AC
:10F860000000000000000000502600200000000002
:10F87000503300004C33000054330000523300007A
:10F880004D5300004D43000053340000433400004A
:10F890008572001089730010D17200109D730010E2
:10F8A0000000000000010000E576001095760010D1
:10F8B000057600107D7500100000000000010000BA
:10F8C000442F002010000C00000000000000000089
:10F8D000000000000000000000000000FF00000029
:10F8E00000800440000000000040044000000000D0
:10F8F000B9AD0010C9B700101021002000000000B1
:10F90000000000002C2A0020942A0020FC2A00205D
:10F9100000000000000000000000000000000000E7
:10F9200000000000000000000000000000000000D7
:10F9300000000000000000000000000000000000C7
:10F9400000000000000000000000000000000000B7
:10F9500000000000000000000000000000000000A7
:10F960000000000000000000000000000000000097
:10F970000000000000000000000000000000000087
:10F980000000000000000000000000000000000077
:10F990000000000000000000010000000000000066
:10F9A0000E33CDAB34126DE6ECDE05000B0000002B
:10F9B0000000000000000000000000000000000047
:10F9C0000000000000000000000000000000000037
:10F9D0000000000000000000000000000000000027
:10F9E0000000000000000000000000000000000017
:10F9F0000000000000000000000000000000000007
:10FA000000000000000000000000000000000000F6
:10FA100000000000000000000000000000000000E6
:10FA2000FFFFFFFF000002000000000000000000D8
:10FA300038220020382200204022002040220020CE
:10FA4000482200204822002050220020502200207E
:10FA5000582200205822002060220020602200202E
:10FA600068220020682200207022002070220020DE
:10FA7000782200207822002080220020802200208E
:10FA8000882200208822002090220020902200203E
:10FA90009822002098220020A0220020A0220020EE
:10FAA000A8220020A8220020B0220020B02200209E
:10FAB000B8220020B8220020C0220020C02200204E
:10FAC000C8220020C8220020D0220020D0220020FE
:10FAD000D8220020D8220020E0220020E0220020AE
:10FAE000E8220020E8220020F0220020F02200205E
:10FAF000F8220020F822002000230020002300200C
:10FB000008230020082300201023002010230020B9
:10FB10001823002018230020202300202023002069
:10FB20002823002028230020302300203023002019
:10FB300038230020382300204023002040230020C9
:10FB40004823002048230020502300205023002079
:10FB50005823002058230020602300206023002029
:10FB600068230020682300207023002070230020D9
:10FB70007823002078230020802300208023002089
:10FB80008823002088230020902300209023002039
:10FB90009823002098230020A0230020A0230020E9
:10FBA000A8230020A8230020B0230020B023002099
:10FBB000B8230020B8230020C0230020C023002049
:10FBC000C8230020C8230020D0230020D0230020F9
:10FBD000D8230020D8230020E0230020E0230020A9
:10FBE000E8230020E8230020F0230020F023002059
:10FBF000F8230020F8230020002400200024002007
:10FC000008240020082400201024002010240020B4
:10FC10001824002018240020202400202024002064
:10FC20002824002028240020302400203024002014
:10FC300038240020382400204024002040240020C4
:10FC40004824002048240020502400205024002074
:10FC50005824002058240020602400206024002024
:10FC600068240020682400207024002070240020D4
:10FC70007824002078240020802400208024002084
:10FC80008824002088240020902400209024002034
:10FC90009824002098240020A0240020A0240020E4
:10FCA000A8240020A8240020B0240020B024002094
:10FCB000B8240020B8240020C0240020C024002044
:10FCC000C8240020C8240020D0240020D0240020F4
:10FCD000D8240020D8240020E0240020E0240020A4
:10FCE000E8240020E8240020F0240020F024002054
:10FCF000F8240020F8240020002500200025002002
:10FD000008250020082500201025002010250020AF
:10FD1000182500201825002020250020202500205F
:10FD2000282500202825002030250020302500200F
:10FD300038250020382500204025002040250020BF
:10FD4000482500204825002050250020502500206F
:10FD5000582500205825002060250020602500201F
:10FD600068250020682500207025002070250020CF
:10FD7000782500207825002080250020802500207F
:10FD8000882500208825002090250020902500202F
:10FD90009825002098250020A0250020A0250020DF
:10FDA000A8250020A8250020B0250020B02500208F
:10FDB000B8250020B8250020C0250020C02500203F
:10FDC000C8250020C8250020D0250020D0250020EF
:10FDD000D8250020D8250020E0250020E02500209F
:10FDE000E8250020E8250020F0250020F02500204F
:10FDF000F8250020F82500200026002000260020FD
:10FE000008260020082600201026002010260020AA
:10FE1000182600201826002020260020202600205A
:10FE2000282600202826002030260020302600200A
:0CFE3000642B0020000000000000000017
:04000005100001E9FD
:00000001FF
